"Time","gnb-precoding"
2026-01-28 14:31:19,7.91
2026-01-28 14:31:20,7.91
2026-01-28 14:31:21,7.91
2026-01-28 14:31:22,7.91
2026-01-28 14:31:23,7.91
2026-01-28 14:31:24,7.53
2026-01-28 14:31:25,7.53
2026-01-28 14:31:26,7.53
2026-01-28 14:31:27,7.53
2026-01-28 14:31:28,7.53
2026-01-28 14:31:29,10.5
2026-01-28 14:31:30,10.5
2026-01-28 14:31:31,10.5
2026-01-28 14:31:32,10.5
2026-01-28 14:31:33,10.5
2026-01-28 14:31:34,7.73
2026-01-28 14:31:35,7.73
2026-01-28 14:31:36,7.73
2026-01-28 14:31:37,7.73
2026-01-28 14:31:38,7.73
2026-01-28 14:31:39,9.92
2026-01-28 14:31:40,9.92
2026-01-28 14:31:41,9.92
2026-01-28 14:31:42,9.92
2026-01-28 14:31:43,9.92
2026-01-28 14:31:44,7.58
2026-01-28 14:31:45,7.58
2026-01-28 14:31:46,7.58
2026-01-28 14:31:47,7.58
2026-01-28 14:31:48,7.58
2026-01-28 14:31:49,10.0
2026-01-28 14:31:50,10.0
2026-01-28 14:31:51,10.0
2026-01-28 14:31:52,10.0
2026-01-28 14:31:53,10.0
2026-01-28 14:31:54,7.59
2026-01-28 14:31:55,7.59
2026-01-28 14:31:56,7.59
2026-01-28 14:31:57,7.59
2026-01-28 14:31:58,7.59
2026-01-28 14:31:59,9.95
2026-01-28 14:32:00,9.95
2026-01-28 14:32:01,9.95
2026-01-28 14:32:02,9.95
2026-01-28 14:32:03,9.95
2026-01-28 14:32:04,7.64
2026-01-28 14:32:05,7.64
2026-01-28 14:32:06,7.64
2026-01-28 14:32:07,7.64
2026-01-28 14:32:08,7.64
2026-01-28 14:32:09,10.0
2026-01-28 14:32:10,10.0
2026-01-28 14:32:11,10.0
2026-01-28 14:32:12,10.0
2026-01-28 14:32:13,10.0
2026-01-28 14:32:14,7.66
2026-01-28 14:32:15,7.66
2026-01-28 14:32:16,7.66
2026-01-28 14:32:17,7.66
2026-01-28 14:32:18,7.66
2026-01-28 14:32:19,9.72
2026-01-28 14:32:20,9.72
2026-01-28 14:32:21,9.72
2026-01-28 14:32:22,9.72
2026-01-28 14:32:23,9.72
2026-01-28 14:32:24,7.66
2026-01-28 14:32:25,7.66
2026-01-28 14:32:26,7.66
2026-01-28 14:32:27,7.66
2026-01-28 14:32:28,7.66
2026-01-28 14:32:29,9.90
2026-01-28 14:32:30,9.90
2026-01-28 14:32:31,9.90
2026-01-28 14:32:32,9.90
2026-01-28 14:32:33,9.90
2026-01-28 14:32:34,7.77
2026-01-28 14:32:35,7.77
2026-01-28 14:32:36,7.77
2026-01-28 14:32:37,7.77
2026-01-28 14:32:38,7.77
2026-01-28 14:32:39,11.0
2026-01-28 14:32:40,11.0
2026-01-28 14:32:41,11.0
2026-01-28 14:32:42,11.0
2026-01-28 14:32:43,11.0
2026-01-28 14:32:44,7.39
2026-01-28 14:32:45,7.39
2026-01-28 14:32:46,7.39
2026-01-28 14:32:47,7.39
2026-01-28 14:32:48,7.39
2026-01-28 14:32:49,0
2026-01-28 14:32:50,0
2026-01-28 14:32:51,0
2026-01-28 14:32:52,0
2026-01-28 14:32:53,0
2026-01-28 14:32:54,0
2026-01-28 14:32:55,0
2026-01-28 14:32:56,0
2026-01-28 14:32:57,0
2026-01-28 14:32:58,0
2026-01-28 14:32:59,0
2026-01-28 14:33:00,0
2026-01-28 14:33:01,0
2026-01-28 14:33:02,0
2026-01-28 14:33:03,0
2026-01-28 14:33:04,0
2026-01-28 14:33:05,0
2026-01-28 14:33:06,0
2026-01-28 14:33:07,0
2026-01-28 14:33:08,0
2026-01-28 14:33:09,0
2026-01-28 14:33:10,0
2026-01-28 14:33:11,0
2026-01-28 14:33:12,0
2026-01-28 14:33:13,0
2026-01-28 14:33:14,0
2026-01-28 14:33:15,0
2026-01-28 14:33:16,0
2026-01-28 14:33:17,0
2026-01-28 14:33:18,0
2026-01-28 14:33:19,0
2026-01-28 14:33:20,0
2026-01-28 14:33:21,0
2026-01-28 14:33:22,0
2026-01-28 14:33:23,0
2026-01-28 14:33:24,0
2026-01-28 14:33:25,0
2026-01-28 14:33:26,0
2026-01-28 14:33:27,0
2026-01-28 14:33:28,0
2026-01-28 14:33:29,0
2026-01-28 14:33:30,0
2026-01-28 14:33:31,0
2026-01-28 14:33:32,0
2026-01-28 14:33:33,0
2026-01-28 14:33:34,0
2026-01-28 14:33:35,0
2026-01-28 14:33:36,0
2026-01-28 14:33:37,0
2026-01-28 14:33:38,0
2026-01-28 14:33:39,0
2026-01-28 14:33:40,0
2026-01-28 14:33:41,0
2026-01-28 14:33:42,0
2026-01-28 14:33:43,0
2026-01-28 14:33:44,0
2026-01-28 14:33:45,0
2026-01-28 14:33:46,0
2026-01-28 14:33:47,0
2026-01-28 14:33:48,0
2026-01-28 14:33:49,0
2026-01-28 14:33:50,0
2026-01-28 14:33:51,0
2026-01-28 14:33:52,0
2026-01-28 14:33:53,0
2026-01-28 14:33:54,0
2026-01-28 14:33:55,0
2026-01-28 14:33:56,0
2026-01-28 14:33:57,0
2026-01-28 14:33:58,0
2026-01-28 14:33:59,0
2026-01-28 14:34:00,0
2026-01-28 14:34:01,0
2026-01-28 14:34:02,0
2026-01-28 14:34:03,0
2026-01-28 14:34:04,0
2026-01-28 14:34:05,0
2026-01-28 14:34:06,0
2026-01-28 14:34:07,0
2026-01-28 14:34:08,0
2026-01-28 14:34:09,0
2026-01-28 14:34:10,0
2026-01-28 14:34:11,0
2026-01-28 14:34:12,0
2026-01-28 14:34:13,0
2026-01-28 14:34:14,0
2026-01-28 14:34:15,0
2026-01-28 14:34:16,0
2026-01-28 14:34:17,0
2026-01-28 14:34:18,0
2026-01-28 14:34:19,0
2026-01-28 14:34:20,0
2026-01-28 14:34:21,0
2026-01-28 14:34:22,0
2026-01-28 14:34:23,0
2026-01-28 14:39:29,9.93
2026-01-28 14:39:30,9.93
2026-01-28 14:39:31,9.93
2026-01-28 14:39:32,9.93
2026-01-28 14:39:33,9.93
2026-01-28 14:39:34,7.58
2026-01-28 14:39:35,7.58
2026-01-28 14:39:36,7.58
2026-01-28 14:39:37,7.58
2026-01-28 14:39:38,7.58
2026-01-28 14:39:39,10.1
2026-01-28 14:39:40,10.1
2026-01-28 14:39:41,10.1
2026-01-28 14:39:42,10.1
2026-01-28 14:39:43,10.1
2026-01-28 14:39:44,7.60
2026-01-28 14:39:45,7.60
2026-01-28 14:39:46,7.60
2026-01-28 14:39:47,7.60
2026-01-28 14:39:48,7.60
2026-01-28 14:39:49,10.1
2026-01-28 14:39:50,10.1
2026-01-28 14:39:51,10.1
2026-01-28 14:39:52,10.1
2026-01-28 14:39:53,10.1
2026-01-28 14:39:54,7.61
2026-01-28 14:39:55,7.61
2026-01-28 14:39:56,7.61
2026-01-28 14:39:57,7.61
2026-01-28 14:39:58,7.61
2026-01-28 14:39:59,9.84
2026-01-28 14:40:00,9.84
2026-01-28 14:40:01,9.84
2026-01-28 14:40:02,9.84
2026-01-28 14:40:03,9.84
2026-01-28 14:40:04,7.65
2026-01-28 14:40:05,7.65
2026-01-28 14:40:06,7.65
2026-01-28 14:40:07,7.65
2026-01-28 14:40:08,7.65
2026-01-28 14:40:09,9.90
2026-01-28 14:40:10,9.90
2026-01-28 14:40:11,9.90
2026-01-28 14:40:12,9.90
2026-01-28 14:40:13,9.90
2026-01-28 14:40:14,6.72
2026-01-28 14:40:15,6.72
2026-01-28 14:40:16,6.72
2026-01-28 14:40:17,6.72
2026-01-28 14:40:18,6.72
2026-01-28 14:40:19,9.29
2026-01-28 14:40:20,9.29
2026-01-28 14:40:21,9.29
2026-01-28 14:40:22,9.29
2026-01-28 14:40:23,9.29
2026-01-28 14:40:24,6.98
2026-01-28 14:40:25,6.98
2026-01-28 14:40:26,6.98
2026-01-28 14:40:27,6.98
2026-01-28 14:40:28,6.98
2026-01-28 14:40:29,9.30
2026-01-28 14:40:30,9.30
2026-01-28 14:40:31,9.30
2026-01-28 14:40:32,9.30
2026-01-28 14:40:33,9.30
2026-01-28 14:40:34,6.67
2026-01-28 14:40:35,6.67
2026-01-28 14:40:36,6.67
2026-01-28 14:40:37,6.67
2026-01-28 14:40:38,6.67
2026-01-28 14:40:39,9.19
2026-01-28 14:40:40,9.19
2026-01-28 14:40:41,9.19
2026-01-28 14:40:42,9.19
2026-01-28 14:40:43,9.19
2026-01-28 14:40:44,6.72
2026-01-28 14:40:45,6.72
2026-01-28 14:40:46,6.72
2026-01-28 14:40:47,6.72
2026-01-28 14:40:48,6.72
2026-01-28 14:40:49,9.54
2026-01-28 14:40:50,9.54
2026-01-28 14:40:51,9.54
2026-01-28 14:40:52,9.54
2026-01-28 14:40:53,9.54
2026-01-28 14:40:54,6.89
2026-01-28 14:40:55,6.89
2026-01-28 14:40:56,6.89
2026-01-28 14:40:57,6.89
2026-01-28 14:40:58,6.89
2026-01-28 14:40:59,0
2026-01-28 14:41:00,0
2026-01-28 14:41:01,0
2026-01-28 14:41:02,0
2026-01-28 14:41:03,0
2026-01-28 14:41:04,0
2026-01-28 14:41:05,0
2026-01-28 14:41:06,0
2026-01-28 14:41:07,0
2026-01-28 14:41:08,0
2026-01-28 14:41:09,0
2026-01-28 14:41:10,0
2026-01-28 14:41:11,0
2026-01-28 14:41:12,0
2026-01-28 14:41:13,0
2026-01-28 14:41:14,0
2026-01-28 14:41:15,0
2026-01-28 14:41:16,0
2026-01-28 14:41:17,0
2026-01-28 14:41:18,0
2026-01-28 14:41:19,0
2026-01-28 14:41:20,0
2026-01-28 14:41:21,0
2026-01-28 14:41:22,0
2026-01-28 14:41:23,0
2026-01-28 14:41:24,0
2026-01-28 14:41:25,0
2026-01-28 14:41:26,0
2026-01-28 14:41:27,0
2026-01-28 14:41:28,0
2026-01-28 14:41:29,0
2026-01-28 14:41:30,0
2026-01-28 14:41:31,0
2026-01-28 14:41:32,0
2026-01-28 14:41:33,0
2026-01-28 14:41:34,0
2026-01-28 14:41:35,0
2026-01-28 14:41:36,0
2026-01-28 14:41:37,0
2026-01-28 14:41:38,0
2026-01-28 14:41:39,0
2026-01-28 14:41:40,0
2026-01-28 14:41:41,0
2026-01-28 14:41:42,0
2026-01-28 14:41:43,0
2026-01-28 14:41:44,0
2026-01-28 14:41:45,0
2026-01-28 14:41:46,0
2026-01-28 14:41:47,0
2026-01-28 14:41:48,0
2026-01-28 14:41:49,0
2026-01-28 14:41:50,0
2026-01-28 14:41:51,0
2026-01-28 14:41:52,0
2026-01-28 14:41:53,0
2026-01-28 14:41:54,0
2026-01-28 14:41:55,0
2026-01-28 14:41:56,0
2026-01-28 14:41:57,0
2026-01-28 14:41:58,0
2026-01-28 14:41:59,0
2026-01-28 14:42:00,0
2026-01-28 14:42:01,0
2026-01-28 14:42:02,0
2026-01-28 14:42:03,0
2026-01-28 14:42:04,0
2026-01-28 14:42:05,0
2026-01-28 14:42:06,0
2026-01-28 14:42:07,0
2026-01-28 14:42:08,0
2026-01-28 14:42:09,0
2026-01-28 14:42:10,0
2026-01-28 14:42:11,0
2026-01-28 14:42:12,0
2026-01-28 14:42:13,0
2026-01-28 14:42:14,0
2026-01-28 14:42:15,0
2026-01-28 14:42:16,0
2026-01-28 14:42:17,0
2026-01-28 14:42:18,0
2026-01-28 14:42:19,0
2026-01-28 14:42:20,0
2026-01-28 14:42:21,0
2026-01-28 14:42:22,0
2026-01-28 14:42:23,0
2026-01-28 14:42:24,0
2026-01-28 14:42:25,0
2026-01-28 14:42:26,0
2026-01-28 14:42:27,0
2026-01-28 14:42:28,0
2026-01-28 14:42:29,0
2026-01-28 14:42:30,0
2026-01-28 14:42:31,0
2026-01-28 14:42:32,0
2026-01-28 14:42:33,0
2026-01-28 14:47:39,7.33
2026-01-28 14:47:40,7.33
2026-01-28 14:47:41,7.33
2026-01-28 14:47:42,7.33
2026-01-28 14:47:43,7.33
2026-01-28 14:47:44,5.80
2026-01-28 14:47:45,5.80
2026-01-28 14:47:46,5.80
2026-01-28 14:47:47,5.80
2026-01-28 14:47:48,5.80
2026-01-28 14:47:49,9.23
2026-01-28 14:47:50,9.23
2026-01-28 14:47:51,9.23
2026-01-28 14:47:52,9.23
2026-01-28 14:47:53,9.23
2026-01-28 14:47:54,5.58
2026-01-28 14:47:55,5.58
2026-01-28 14:47:56,5.58
2026-01-28 14:47:57,5.58
2026-01-28 14:47:58,5.58
2026-01-28 14:47:59,7.97
2026-01-28 14:48:00,7.97
2026-01-28 14:48:01,7.97
2026-01-28 14:48:02,7.97
2026-01-28 14:48:03,7.97
2026-01-28 14:48:04,5.78
2026-01-28 14:48:05,5.78
2026-01-28 14:48:06,5.78
2026-01-28 14:48:07,5.78
2026-01-28 14:48:08,5.78
2026-01-28 14:48:09,8.03
2026-01-28 14:48:10,8.03
2026-01-28 14:48:11,8.03
2026-01-28 14:48:12,8.03
2026-01-28 14:48:13,8.03
2026-01-28 14:48:14,5.61
2026-01-28 14:48:15,5.61
2026-01-28 14:48:16,5.61
2026-01-28 14:48:17,5.61
2026-01-28 14:48:18,5.61
2026-01-28 14:48:19,7.96
2026-01-28 14:48:20,7.96
2026-01-28 14:48:21,7.96
2026-01-28 14:48:22,7.96
2026-01-28 14:48:23,7.96
2026-01-28 14:48:24,5.75
2026-01-28 14:48:25,5.75
2026-01-28 14:48:26,5.75
2026-01-28 14:48:27,5.75
2026-01-28 14:48:28,5.75
2026-01-28 14:48:29,8.05
2026-01-28 14:48:30,8.05
2026-01-28 14:48:31,8.05
2026-01-28 14:48:32,8.05
2026-01-28 14:48:33,8.05
2026-01-28 14:48:34,5.64
2026-01-28 14:48:35,5.64
2026-01-28 14:48:36,5.64
2026-01-28 14:48:37,5.64
2026-01-28 14:48:38,5.64
2026-01-28 14:48:39,7.76
2026-01-28 14:48:40,7.76
2026-01-28 14:48:41,7.76
2026-01-28 14:48:42,7.76
2026-01-28 14:48:43,7.76
2026-01-28 14:48:44,5.44
2026-01-28 14:48:45,5.44
2026-01-28 14:48:46,5.44
2026-01-28 14:48:47,5.44
2026-01-28 14:48:48,5.44
2026-01-28 14:48:49,8.54
2026-01-28 14:48:50,8.54
2026-01-28 14:48:51,8.54
2026-01-28 14:48:52,8.54
2026-01-28 14:48:53,8.54
2026-01-28 14:48:54,5.69
2026-01-28 14:48:55,5.69
2026-01-28 14:48:56,5.69
2026-01-28 14:48:57,5.69
2026-01-28 14:48:58,5.69
2026-01-28 14:48:59,9.15
2026-01-28 14:49:00,9.15
2026-01-28 14:49:01,9.15
2026-01-28 14:49:02,9.15
2026-01-28 14:49:03,9.15
2026-01-28 14:49:04,6.94
2026-01-28 14:49:05,6.94
2026-01-28 14:49:06,6.94
2026-01-28 14:49:07,6.94
2026-01-28 14:49:08,6.94
2026-01-28 14:49:09,0
2026-01-28 14:49:10,0
2026-01-28 14:49:11,0
2026-01-28 14:49:12,0
2026-01-28 14:49:13,0
2026-01-28 14:49:14,0
2026-01-28 14:49:15,0
2026-01-28 14:49:16,0
2026-01-28 14:49:17,0
2026-01-28 14:49:18,0
2026-01-28 14:49:19,0
2026-01-28 14:49:20,0
2026-01-28 14:49:21,0
2026-01-28 14:49:22,0
2026-01-28 14:49:23,0
2026-01-28 14:49:24,0
2026-01-28 14:49:25,0
2026-01-28 14:49:26,0
2026-01-28 14:49:27,0
2026-01-28 14:49:28,0
2026-01-28 14:49:29,0
2026-01-28 14:49:30,0
2026-01-28 14:49:31,0
2026-01-28 14:49:32,0
2026-01-28 14:49:33,0
2026-01-28 14:49:34,0
2026-01-28 14:49:35,0
2026-01-28 14:49:36,0
2026-01-28 14:49:37,0
2026-01-28 14:49:38,0
2026-01-28 14:49:39,0
2026-01-28 14:49:40,0
2026-01-28 14:49:41,0
2026-01-28 14:49:42,0
2026-01-28 14:49:43,0
2026-01-28 14:49:44,0
2026-01-28 14:49:45,0
2026-01-28 14:49:46,0
2026-01-28 14:49:47,0
2026-01-28 14:49:48,0
2026-01-28 14:49:49,0
2026-01-28 14:49:50,0
2026-01-28 14:49:51,0
2026-01-28 14:49:52,0
2026-01-28 14:49:53,0
2026-01-28 14:49:54,0
2026-01-28 14:49:55,0
2026-01-28 14:49:56,0
2026-01-28 14:49:57,0
2026-01-28 14:49:58,0
2026-01-28 14:49:59,0
2026-01-28 14:50:00,0
2026-01-28 14:50:01,0
2026-01-28 14:50:02,0
2026-01-28 14:50:03,0
2026-01-28 14:50:04,0
2026-01-28 14:50:05,0
2026-01-28 14:50:06,0
2026-01-28 14:50:07,0
2026-01-28 14:50:08,0
2026-01-28 14:50:09,0
2026-01-28 14:50:10,0
2026-01-28 14:50:11,0
2026-01-28 14:50:12,0
2026-01-28 14:50:13,0
2026-01-28 14:50:14,0
2026-01-28 14:50:15,0
2026-01-28 14:50:16,0
2026-01-28 14:50:17,0
2026-01-28 14:50:18,0
2026-01-28 14:50:19,0
2026-01-28 14:50:20,0
2026-01-28 14:50:21,0
2026-01-28 14:50:22,0
2026-01-28 14:50:23,0
2026-01-28 14:50:24,0
2026-01-28 14:50:25,0
2026-01-28 14:50:26,0
2026-01-28 14:50:27,0
2026-01-28 14:50:28,0
2026-01-28 14:50:29,0
2026-01-28 14:50:30,0
2026-01-28 14:50:31,0
2026-01-28 14:50:32,0
2026-01-28 14:50:33,0
2026-01-28 14:50:34,0
2026-01-28 14:50:35,0
2026-01-28 14:50:36,0
2026-01-28 14:50:37,0
2026-01-28 14:50:38,0
2026-01-28 14:50:39,0
2026-01-28 14:50:40,0
2026-01-28 14:50:41,0
2026-01-28 14:50:42,0
2026-01-28 14:50:43,0
2026-01-28 14:55:49,9.25
2026-01-28 14:55:50,9.25
2026-01-28 14:55:51,9.25
2026-01-28 14:55:52,9.25
2026-01-28 14:55:53,9.25
2026-01-28 14:55:54,7.00
2026-01-28 14:55:55,7.00
2026-01-28 14:55:56,7.00
2026-01-28 14:55:57,7.00
2026-01-28 14:55:58,7.00
2026-01-28 14:55:59,8.94
2026-01-28 14:56:00,8.94
2026-01-28 14:56:01,8.94
2026-01-28 14:56:02,8.94
2026-01-28 14:56:03,8.94
2026-01-28 14:56:04,6.97
2026-01-28 14:56:05,6.97
2026-01-28 14:56:06,6.97
2026-01-28 14:56:07,6.97
2026-01-28 14:56:08,6.97
2026-01-28 14:56:09,8.54
2026-01-28 14:56:10,8.54
2026-01-28 14:56:11,8.54
2026-01-28 14:56:12,8.54
2026-01-28 14:56:13,8.54
2026-01-28 14:56:14,7.13
2026-01-28 14:56:15,7.13
2026-01-28 14:56:16,7.13
2026-01-28 14:56:17,7.13
2026-01-28 14:56:18,7.13
2026-01-28 14:56:19,7.65
2026-01-28 14:56:20,7.65
2026-01-28 14:56:21,7.65
2026-01-28 14:56:22,7.65
2026-01-28 14:56:23,7.65
2026-01-28 14:56:24,6.07
2026-01-28 14:56:25,6.07
2026-01-28 14:56:26,6.07
2026-01-28 14:56:27,6.07
2026-01-28 14:56:28,6.07
2026-01-28 14:56:29,8.06
2026-01-28 14:56:30,8.06
2026-01-28 14:56:31,8.06
2026-01-28 14:56:32,8.06
2026-01-28 14:56:33,8.06
2026-01-28 14:56:34,6.20
2026-01-28 14:56:35,6.20
2026-01-28 14:56:36,6.20
2026-01-28 14:56:37,6.20
2026-01-28 14:56:38,6.20
2026-01-28 14:56:39,7.85
2026-01-28 14:56:40,7.85
2026-01-28 14:56:41,7.85
2026-01-28 14:56:42,7.85
2026-01-28 14:56:43,7.85
2026-01-28 14:56:44,5.88
2026-01-28 14:56:45,5.88
2026-01-28 14:56:46,5.88
2026-01-28 14:56:47,5.88
2026-01-28 14:56:48,5.88
2026-01-28 14:56:49,7.99
2026-01-28 14:56:50,7.99
2026-01-28 14:56:51,7.99
2026-01-28 14:56:52,7.99
2026-01-28 14:56:53,7.99
2026-01-28 14:56:54,6.13
2026-01-28 14:56:55,6.13
2026-01-28 14:56:56,6.13
2026-01-28 14:56:57,6.13
2026-01-28 14:56:58,6.13
2026-01-28 14:56:59,6.89
2026-01-28 14:57:00,6.89
2026-01-28 14:57:01,6.89
2026-01-28 14:57:02,6.89
2026-01-28 14:57:03,6.89
2026-01-28 14:57:04,6.84
2026-01-28 14:57:05,6.84
2026-01-28 14:57:06,6.84
2026-01-28 14:57:07,6.84
2026-01-28 14:57:08,6.84
2026-01-28 14:57:09,9.21
2026-01-28 14:57:10,9.21
2026-01-28 14:57:11,9.21
2026-01-28 14:57:12,9.21
2026-01-28 14:57:13,9.21
2026-01-28 14:57:14,0
2026-01-28 14:57:15,0
2026-01-28 14:57:16,0
2026-01-28 14:57:17,0
2026-01-28 14:57:18,0
2026-01-28 14:57:19,0
2026-01-28 14:57:20,0
2026-01-28 14:57:21,0
2026-01-28 14:57:22,0
2026-01-28 14:57:23,0
2026-01-28 14:57:24,0
2026-01-28 14:57:25,0
2026-01-28 14:57:26,0
2026-01-28 14:57:27,0
2026-01-28 14:57:28,0
2026-01-28 14:57:29,0
2026-01-28 14:57:30,0
2026-01-28 14:57:31,0
2026-01-28 14:57:32,0
2026-01-28 14:57:33,0
2026-01-28 14:57:34,0
2026-01-28 14:57:35,0
2026-01-28 14:57:36,0
2026-01-28 14:57:37,0
2026-01-28 14:57:38,0
2026-01-28 14:57:39,0
2026-01-28 14:57:40,0
2026-01-28 14:57:41,0
2026-01-28 14:57:42,0
2026-01-28 14:57:43,0
2026-01-28 14:57:44,0
2026-01-28 14:57:45,0
2026-01-28 14:57:46,0
2026-01-28 14:57:47,0
2026-01-28 14:57:48,0
2026-01-28 14:57:49,0
2026-01-28 14:57:50,0
2026-01-28 14:57:51,0
2026-01-28 14:57:52,0
2026-01-28 14:57:53,0
2026-01-28 14:57:54,0
2026-01-28 14:57:55,0
2026-01-28 14:57:56,0
2026-01-28 14:57:57,0
2026-01-28 14:57:58,0
2026-01-28 14:57:59,0
2026-01-28 14:58:00,0
2026-01-28 14:58:01,0
2026-01-28 14:58:02,0
2026-01-28 14:58:03,0
2026-01-28 14:58:04,0
2026-01-28 14:58:05,0
2026-01-28 14:58:06,0
2026-01-28 14:58:07,0
2026-01-28 14:58:08,0
2026-01-28 14:58:09,0
2026-01-28 14:58:10,0
2026-01-28 14:58:11,0
2026-01-28 14:58:12,0
2026-01-28 14:58:13,0
2026-01-28 14:58:14,0
2026-01-28 14:58:15,0
2026-01-28 14:58:16,0
2026-01-28 14:58:17,0
2026-01-28 14:58:18,0
2026-01-28 14:58:19,0
2026-01-28 14:58:20,0
2026-01-28 14:58:21,0
2026-01-28 14:58:22,0
2026-01-28 14:58:23,0
2026-01-28 14:58:24,0
2026-01-28 14:58:25,0
2026-01-28 14:58:26,0
2026-01-28 14:58:27,0
2026-01-28 14:58:28,0
2026-01-28 14:58:29,0
2026-01-28 14:58:30,0
2026-01-28 14:58:31,0
2026-01-28 14:58:32,0
2026-01-28 14:58:33,0
2026-01-28 14:58:34,0
2026-01-28 14:58:35,0
2026-01-28 14:58:36,0
2026-01-28 14:58:37,0
2026-01-28 14:58:38,0
2026-01-28 14:58:39,0
2026-01-28 14:58:40,0
2026-01-28 14:58:41,0
2026-01-28 14:58:42,0
2026-01-28 14:58:43,0
2026-01-28 14:58:44,0
2026-01-28 14:58:45,0
2026-01-28 14:58:46,0
2026-01-28 14:58:47,0
2026-01-28 14:58:48,0
2026-01-28 15:03:54,5.89
2026-01-28 15:03:55,5.89
2026-01-28 15:03:56,5.89
2026-01-28 15:03:57,5.89
2026-01-28 15:03:58,5.89
2026-01-28 15:03:59,8.56
2026-01-28 15:04:00,8.56
2026-01-28 15:04:01,8.56
2026-01-28 15:04:02,8.56
2026-01-28 15:04:03,8.56
2026-01-28 15:04:04,7.03
2026-01-28 15:04:05,7.03
2026-01-28 15:04:06,7.03
2026-01-28 15:04:07,7.03
2026-01-28 15:04:08,7.03
2026-01-28 15:04:09,8.81
2026-01-28 15:04:10,8.81
2026-01-28 15:04:11,8.81
2026-01-28 15:04:12,8.81
2026-01-28 15:04:13,8.81
2026-01-28 15:04:14,6.91
2026-01-28 15:04:15,6.91
2026-01-28 15:04:16,6.91
2026-01-28 15:04:17,6.91
2026-01-28 15:04:18,6.91
2026-01-28 15:04:19,7.45
2026-01-28 15:04:20,7.45
2026-01-28 15:04:21,7.45
2026-01-28 15:04:22,7.45
2026-01-28 15:04:23,7.45
2026-01-28 15:04:24,9.08
2026-01-28 15:04:25,9.08
2026-01-28 15:04:26,9.08
2026-01-28 15:04:27,9.08
2026-01-28 15:04:28,9.08
2026-01-28 15:04:29,7.40
2026-01-28 15:04:30,7.40
2026-01-28 15:04:31,7.40
2026-01-28 15:04:32,7.40
2026-01-28 15:04:33,7.40
2026-01-28 15:04:34,8.14
2026-01-28 15:04:35,8.14
2026-01-28 15:04:36,8.14
2026-01-28 15:04:37,8.14
2026-01-28 15:04:38,8.14
2026-01-28 15:04:39,7.48
2026-01-28 15:04:40,7.48
2026-01-28 15:04:41,7.48
2026-01-28 15:04:42,7.48
2026-01-28 15:04:43,7.48
2026-01-28 15:04:44,7.99
2026-01-28 15:04:45,7.99
2026-01-28 15:04:46,7.99
2026-01-28 15:04:47,7.99
2026-01-28 15:04:48,7.99
2026-01-28 15:04:49,7.50
2026-01-28 15:04:50,7.50
2026-01-28 15:04:51,7.50
2026-01-28 15:04:52,7.50
2026-01-28 15:04:53,7.50
2026-01-28 15:04:54,8.23
2026-01-28 15:04:55,8.23
2026-01-28 15:04:56,8.23
2026-01-28 15:04:57,8.23
2026-01-28 15:04:58,8.23
2026-01-28 15:04:59,7.43
2026-01-28 15:05:00,7.43
2026-01-28 15:05:01,7.43
2026-01-28 15:05:02,7.43
2026-01-28 15:05:03,7.43
2026-01-28 15:05:04,8.14
2026-01-28 15:05:05,8.14
2026-01-28 15:05:06,8.14
2026-01-28 15:05:07,8.14
2026-01-28 15:05:08,8.14
2026-01-28 15:05:09,7.50
2026-01-28 15:05:10,7.50
2026-01-28 15:05:11,7.50
2026-01-28 15:05:12,7.50
2026-01-28 15:05:13,7.50
2026-01-28 15:05:14,6.70
2026-01-28 15:05:15,6.70
2026-01-28 15:05:16,6.70
2026-01-28 15:05:17,6.70
2026-01-28 15:05:18,6.70
2026-01-28 15:05:19,7.75
2026-01-28 15:05:20,7.75
2026-01-28 15:05:21,7.75
2026-01-28 15:05:22,7.75
2026-01-28 15:05:23,7.75
2026-01-28 15:05:24,0
2026-01-28 15:05:25,0
2026-01-28 15:05:26,0
2026-01-28 15:05:27,0
2026-01-28 15:05:28,0
2026-01-28 15:05:29,0
2026-01-28 15:05:30,0
2026-01-28 15:05:31,0
2026-01-28 15:05:32,0
2026-01-28 15:05:33,0
2026-01-28 15:05:34,0
2026-01-28 15:05:35,0
2026-01-28 15:05:36,0
2026-01-28 15:05:37,0
2026-01-28 15:05:38,0
2026-01-28 15:05:39,0
2026-01-28 15:05:40,0
2026-01-28 15:05:41,0
2026-01-28 15:05:42,0
2026-01-28 15:05:43,0
2026-01-28 15:05:44,0
2026-01-28 15:05:45,0
2026-01-28 15:05:46,0
2026-01-28 15:05:47,0
2026-01-28 15:05:48,0
2026-01-28 15:05:49,0
2026-01-28 15:05:50,0
2026-01-28 15:05:51,0
2026-01-28 15:05:52,0
2026-01-28 15:05:53,0
2026-01-28 15:05:54,0
2026-01-28 15:05:55,0
2026-01-28 15:05:56,0
2026-01-28 15:05:57,0
2026-01-28 15:05:58,0
2026-01-28 15:05:59,0
2026-01-28 15:06:00,0
2026-01-28 15:06:01,0
2026-01-28 15:06:02,0
2026-01-28 15:06:03,0
2026-01-28 15:06:04,0
2026-01-28 15:06:05,0
2026-01-28 15:06:06,0
2026-01-28 15:06:07,0
2026-01-28 15:06:08,0
2026-01-28 15:06:09,0
2026-01-28 15:06:10,0
2026-01-28 15:06:11,0
2026-01-28 15:06:12,0
2026-01-28 15:06:13,0
2026-01-28 15:06:14,0
2026-01-28 15:06:15,0
2026-01-28 15:06:16,0
2026-01-28 15:06:17,0
2026-01-28 15:06:18,0
2026-01-28 15:06:19,0
2026-01-28 15:06:20,0
2026-01-28 15:06:21,0
2026-01-28 15:06:22,0
2026-01-28 15:06:23,0
2026-01-28 15:06:24,0
2026-01-28 15:06:25,0
2026-01-28 15:06:26,0
2026-01-28 15:06:27,0
2026-01-28 15:06:28,0
2026-01-28 15:06:29,0
2026-01-28 15:06:30,0
2026-01-28 15:06:31,0
2026-01-28 15:06:32,0
2026-01-28 15:06:33,0
2026-01-28 15:06:34,0
2026-01-28 15:06:35,0
2026-01-28 15:06:36,0
2026-01-28 15:06:37,0
2026-01-28 15:06:38,0
2026-01-28 15:06:39,0
2026-01-28 15:06:40,0
2026-01-28 15:06:41,0
2026-01-28 15:06:42,0
2026-01-28 15:06:43,0
2026-01-28 15:06:44,0
2026-01-28 15:06:45,0
2026-01-28 15:06:46,0
2026-01-28 15:06:47,0
2026-01-28 15:06:48,0
2026-01-28 15:06:49,0
2026-01-28 15:06:50,0
2026-01-28 15:06:51,0
2026-01-28 15:06:52,0
2026-01-28 15:06:53,0
2026-01-28 15:06:54,0
2026-01-28 15:06:55,0
2026-01-28 15:06:56,0
2026-01-28 15:06:57,0
2026-01-28 15:06:58,0
2026-01-28 15:12:04,5.56
2026-01-28 15:12:05,5.56
2026-01-28 15:12:06,5.56
2026-01-28 15:12:07,5.56
2026-01-28 15:12:08,5.56
2026-01-28 15:12:09,6.84
2026-01-28 15:12:10,6.84
2026-01-28 15:12:11,6.84
2026-01-28 15:12:12,6.84
2026-01-28 15:12:13,6.84
2026-01-28 15:12:14,5.87
2026-01-28 15:12:15,5.87
2026-01-28 15:12:16,5.87
2026-01-28 15:12:17,5.87
2026-01-28 15:12:18,5.87
2026-01-28 15:12:19,6.77
2026-01-28 15:12:20,6.77
2026-01-28 15:12:21,6.77
2026-01-28 15:12:22,6.77
2026-01-28 15:12:23,6.77
2026-01-28 15:12:24,7.43
2026-01-28 15:12:25,7.43
2026-01-28 15:12:26,7.43
2026-01-28 15:12:27,7.43
2026-01-28 15:12:28,7.43
2026-01-28 15:12:29,6.45
2026-01-28 15:12:30,6.45
2026-01-28 15:12:31,6.45
2026-01-28 15:12:32,6.45
2026-01-28 15:12:33,6.45
2026-01-28 15:12:34,7.44
2026-01-28 15:12:35,7.44
2026-01-28 15:12:36,7.44
2026-01-28 15:12:37,7.44
2026-01-28 15:12:38,7.44
2026-01-28 15:12:39,6.82
2026-01-28 15:12:40,6.82
2026-01-28 15:12:41,6.82
2026-01-28 15:12:42,6.82
2026-01-28 15:12:43,6.82
2026-01-28 15:12:44,7.61
2026-01-28 15:12:45,7.61
2026-01-28 15:12:46,7.61
2026-01-28 15:12:47,7.61
2026-01-28 15:12:48,7.61
2026-01-28 15:12:49,6.80
2026-01-28 15:12:50,6.80
2026-01-28 15:12:51,6.80
2026-01-28 15:12:52,6.80
2026-01-28 15:12:53,6.80
2026-01-28 15:12:54,7.78
2026-01-28 15:12:55,7.78
2026-01-28 15:12:56,7.78
2026-01-28 15:12:57,7.78
2026-01-28 15:12:58,7.78
2026-01-28 15:12:59,6.76
2026-01-28 15:13:00,6.76
2026-01-28 15:13:01,6.76
2026-01-28 15:13:02,6.76
2026-01-28 15:13:03,6.76
2026-01-28 15:13:04,7.58
2026-01-28 15:13:05,7.58
2026-01-28 15:13:06,7.58
2026-01-28 15:13:07,7.58
2026-01-28 15:13:08,7.58
2026-01-28 15:13:09,6.52
2026-01-28 15:13:10,6.52
2026-01-28 15:13:11,6.52
2026-01-28 15:13:12,6.52
2026-01-28 15:13:13,6.52
2026-01-28 15:13:14,5.87
2026-01-28 15:13:15,5.87
2026-01-28 15:13:16,5.87
2026-01-28 15:13:17,5.87
2026-01-28 15:13:18,5.87
2026-01-28 15:13:19,6.85
2026-01-28 15:13:20,6.85
2026-01-28 15:13:21,6.85
2026-01-28 15:13:22,6.85
2026-01-28 15:13:23,6.85
2026-01-28 15:13:24,7.66
2026-01-28 15:13:25,7.66
2026-01-28 15:13:26,7.66
2026-01-28 15:13:27,7.66
2026-01-28 15:13:28,7.66
2026-01-28 15:13:29,0
2026-01-28 15:13:30,0
2026-01-28 15:13:31,0
2026-01-28 15:13:32,0
2026-01-28 15:13:33,0
2026-01-28 15:13:34,0
2026-01-28 15:13:35,0
2026-01-28 15:13:36,0
2026-01-28 15:13:37,0
2026-01-28 15:13:38,0
2026-01-28 15:13:39,0
2026-01-28 15:13:40,0
2026-01-28 15:13:41,0
2026-01-28 15:13:42,0
2026-01-28 15:13:43,0
2026-01-28 15:13:44,0
2026-01-28 15:13:45,0
2026-01-28 15:13:46,0
2026-01-28 15:13:47,0
2026-01-28 15:13:48,0
2026-01-28 15:13:49,0
2026-01-28 15:13:50,0
2026-01-28 15:13:51,0
2026-01-28 15:13:52,0
2026-01-28 15:13:53,0
2026-01-28 15:13:54,0
2026-01-28 15:13:55,0
2026-01-28 15:13:56,0
2026-01-28 15:13:57,0
2026-01-28 15:13:58,0
2026-01-28 15:13:59,0
2026-01-28 15:14:00,0
2026-01-28 15:14:01,0
2026-01-28 15:14:02,0
2026-01-28 15:14:03,0
2026-01-28 15:14:04,0
2026-01-28 15:14:05,0
2026-01-28 15:14:06,0
2026-01-28 15:14:07,0
2026-01-28 15:14:08,0
2026-01-28 15:14:09,0
2026-01-28 15:14:10,0
2026-01-28 15:14:11,0
2026-01-28 15:14:12,0
2026-01-28 15:14:13,0
2026-01-28 15:14:14,0
2026-01-28 15:14:15,0
2026-01-28 15:14:16,0
2026-01-28 15:14:17,0
2026-01-28 15:14:18,0
2026-01-28 15:14:19,0
2026-01-28 15:14:20,0
2026-01-28 15:14:21,0
2026-01-28 15:14:22,0
2026-01-28 15:14:23,0
2026-01-28 15:14:24,0
2026-01-28 15:14:25,0
2026-01-28 15:14:26,0
2026-01-28 15:14:27,0
2026-01-28 15:14:28,0
2026-01-28 15:14:29,0
2026-01-28 15:14:30,0
2026-01-28 15:14:31,0
2026-01-28 15:14:32,0
2026-01-28 15:14:33,0
2026-01-28 15:14:34,0
2026-01-28 15:14:35,0
2026-01-28 15:14:36,0
2026-01-28 15:14:37,0
2026-01-28 15:14:38,0
2026-01-28 15:14:39,0
2026-01-28 15:14:40,0
2026-01-28 15:14:41,0
2026-01-28 15:14:42,0
2026-01-28 15:14:43,0
2026-01-28 15:14:44,0
2026-01-28 15:14:45,0
2026-01-28 15:14:46,0
2026-01-28 15:14:47,0
2026-01-28 15:14:48,0
2026-01-28 15:14:49,0
2026-01-28 15:14:50,0
2026-01-28 15:14:51,0
2026-01-28 15:14:52,0
2026-01-28 15:14:53,0
2026-01-28 15:14:54,0
2026-01-28 15:14:55,0
2026-01-28 15:14:56,0
2026-01-28 15:14:57,0
2026-01-28 15:14:58,0
2026-01-28 15:14:59,0
2026-01-28 15:15:00,0
2026-01-28 15:15:01,0
2026-01-28 15:15:02,0
2026-01-28 15:15:03,0
2026-01-28 15:20:04,6.30
2026-01-28 15:20:05,6.30
2026-01-28 15:20:06,6.30
2026-01-28 15:20:07,6.30
2026-01-28 15:20:08,6.30
2026-01-28 15:20:09,7.49
2026-01-28 15:20:10,7.49
2026-01-28 15:20:11,7.49
2026-01-28 15:20:12,7.49
2026-01-28 15:20:13,7.49
2026-01-28 15:20:14,6.84
2026-01-28 15:20:15,6.84
2026-01-28 15:20:16,6.84
2026-01-28 15:20:17,6.84
2026-01-28 15:20:18,6.84
2026-01-28 15:20:19,7.85
2026-01-28 15:20:20,7.85
2026-01-28 15:20:21,7.85
2026-01-28 15:20:22,7.85
2026-01-28 15:20:23,7.85
2026-01-28 15:20:24,8.18
2026-01-28 15:20:25,8.18
2026-01-28 15:20:26,8.18
2026-01-28 15:20:27,8.18
2026-01-28 15:20:28,8.18
2026-01-28 15:20:29,7.34
2026-01-28 15:20:30,7.34
2026-01-28 15:20:31,7.34
2026-01-28 15:20:32,7.34
2026-01-28 15:20:33,7.34
2026-01-28 15:20:34,8.11
2026-01-28 15:20:35,8.11
2026-01-28 15:20:36,8.11
2026-01-28 15:20:37,8.11
2026-01-28 15:20:38,8.11
2026-01-28 15:20:39,7.46
2026-01-28 15:20:40,7.46
2026-01-28 15:20:41,7.46
2026-01-28 15:20:42,7.46
2026-01-28 15:20:43,7.46
2026-01-28 15:20:44,9.77
2026-01-28 15:20:45,9.77
2026-01-28 15:20:46,9.77
2026-01-28 15:20:47,9.77
2026-01-28 15:20:48,9.77
2026-01-28 15:20:49,7.48
2026-01-28 15:20:50,7.48
2026-01-28 15:20:51,7.48
2026-01-28 15:20:52,7.48
2026-01-28 15:20:53,7.48
2026-01-28 15:20:54,7.65
2026-01-28 15:20:55,7.65
2026-01-28 15:20:56,7.65
2026-01-28 15:20:57,7.65
2026-01-28 15:20:58,7.65
2026-01-28 15:20:59,6.67
2026-01-28 15:21:00,6.67
2026-01-28 15:21:01,6.67
2026-01-28 15:21:02,6.67
2026-01-28 15:21:03,6.67
2026-01-28 15:21:04,7.28
2026-01-28 15:21:05,7.28
2026-01-28 15:21:06,7.28
2026-01-28 15:21:07,7.28
2026-01-28 15:21:08,7.28
2026-01-28 15:21:09,8.21
2026-01-28 15:21:10,8.21
2026-01-28 15:21:11,8.21
2026-01-28 15:21:12,8.21
2026-01-28 15:21:13,8.21
2026-01-28 15:21:14,5.14
2026-01-28 15:21:15,5.14
2026-01-28 15:21:16,5.14
2026-01-28 15:21:17,5.14
2026-01-28 15:21:18,5.14
2026-01-28 15:21:19,5.96
2026-01-28 15:21:20,5.96
2026-01-28 15:21:21,5.96
2026-01-28 15:21:22,5.96
2026-01-28 15:21:23,5.96
2026-01-28 15:21:24,6.51
2026-01-28 15:21:25,6.51
2026-01-28 15:21:26,6.51
2026-01-28 15:21:27,6.51
2026-01-28 15:21:28,6.51
2026-01-28 15:21:29,0
2026-01-28 15:21:30,0
2026-01-28 15:21:31,0
2026-01-28 15:21:32,0
2026-01-28 15:21:33,0
2026-01-28 15:21:34,0
2026-01-28 15:21:35,0
2026-01-28 15:21:36,0
2026-01-28 15:21:37,0
2026-01-28 15:21:38,0
2026-01-28 15:21:39,0
2026-01-28 15:21:40,0
2026-01-28 15:21:41,0
2026-01-28 15:21:42,0
2026-01-28 15:21:43,0
2026-01-28 15:21:44,0
2026-01-28 15:21:45,0
2026-01-28 15:21:46,0
2026-01-28 15:21:47,0
2026-01-28 15:21:48,0
2026-01-28 15:21:49,0
2026-01-28 15:21:50,0
2026-01-28 15:21:51,0
2026-01-28 15:21:52,0
2026-01-28 15:21:53,0
2026-01-28 15:21:54,0
2026-01-28 15:21:55,0
2026-01-28 15:21:56,0
2026-01-28 15:21:57,0
2026-01-28 15:21:58,0
2026-01-28 15:21:59,0
2026-01-28 15:22:00,0
2026-01-28 15:22:01,0
2026-01-28 15:22:02,0
2026-01-28 15:22:03,0
2026-01-28 15:22:04,0
2026-01-28 15:22:05,0
2026-01-28 15:22:06,0
2026-01-28 15:22:07,0
2026-01-28 15:22:08,0
2026-01-28 15:22:09,0
2026-01-28 15:22:10,0
2026-01-28 15:22:11,0
2026-01-28 15:22:12,0
2026-01-28 15:22:13,0
2026-01-28 15:22:14,0
2026-01-28 15:22:15,0
2026-01-28 15:22:16,0
2026-01-28 15:22:17,0
2026-01-28 15:22:18,0
2026-01-28 15:22:19,0
2026-01-28 15:22:20,0
2026-01-28 15:22:21,0
2026-01-28 15:22:22,0
2026-01-28 15:22:23,0
2026-01-28 15:22:24,0
2026-01-28 15:22:25,0
2026-01-28 15:22:26,0
2026-01-28 15:22:27,0
2026-01-28 15:22:28,0
2026-01-28 15:22:29,0
2026-01-28 15:22:30,0
2026-01-28 15:22:31,0
2026-01-28 15:22:32,0
2026-01-28 15:22:33,0
2026-01-28 15:22:34,0
2026-01-28 15:22:35,0
2026-01-28 15:22:36,0
2026-01-28 15:22:37,0
2026-01-28 15:22:38,0
2026-01-28 15:22:39,0
2026-01-28 15:22:40,0
2026-01-28 15:22:41,0
2026-01-28 15:22:42,0
2026-01-28 15:22:43,0
2026-01-28 15:22:44,0
2026-01-28 15:22:45,0
2026-01-28 15:22:46,0
2026-01-28 15:22:47,0
2026-01-28 15:22:48,0
2026-01-28 15:22:49,0
2026-01-28 15:22:50,0
2026-01-28 15:22:51,0
2026-01-28 15:22:52,0
2026-01-28 15:22:53,0
2026-01-28 15:22:54,0
2026-01-28 15:22:55,0
2026-01-28 15:22:56,0
2026-01-28 15:22:57,0
2026-01-28 15:22:58,0
2026-01-28 15:22:59,0
2026-01-28 15:23:00,0
2026-01-28 15:23:01,0
2026-01-28 15:23:02,0
2026-01-28 15:23:03,0
2026-01-28 15:28:04,4.04
2026-01-28 15:28:05,4.04
2026-01-28 15:28:06,4.04
2026-01-28 15:28:07,4.04
2026-01-28 15:28:08,4.04
2026-01-28 15:28:09,6.97
2026-01-28 15:28:10,6.97
2026-01-28 15:28:11,6.97
2026-01-28 15:28:12,6.97
2026-01-28 15:28:13,6.97
2026-01-28 15:28:14,6.77
2026-01-28 15:28:15,6.77
2026-01-28 15:28:16,6.77
2026-01-28 15:28:17,6.77
2026-01-28 15:28:18,6.77
2026-01-28 15:28:19,7.82
2026-01-28 15:28:20,7.82
2026-01-28 15:28:21,7.82
2026-01-28 15:28:22,7.82
2026-01-28 15:28:23,7.82
2026-01-28 15:28:24,8.21
2026-01-28 15:28:25,8.21
2026-01-28 15:28:26,8.21
2026-01-28 15:28:27,8.21
2026-01-28 15:28:28,8.21
2026-01-28 15:28:29,7.37
2026-01-28 15:28:30,7.37
2026-01-28 15:28:31,7.37
2026-01-28 15:28:32,7.37
2026-01-28 15:28:33,7.37
2026-01-28 15:28:34,8.11
2026-01-28 15:28:35,8.11
2026-01-28 15:28:36,8.11
2026-01-28 15:28:37,8.11
2026-01-28 15:28:38,8.11
2026-01-28 15:28:39,7.64
2026-01-28 15:28:40,7.64
2026-01-28 15:28:41,7.64
2026-01-28 15:28:42,7.64
2026-01-28 15:28:43,7.64
2026-01-28 15:28:44,8.10
2026-01-28 15:28:45,8.10
2026-01-28 15:28:46,8.10
2026-01-28 15:28:47,8.10
2026-01-28 15:28:48,8.10
2026-01-28 15:28:49,7.42
2026-01-28 15:28:50,7.42
2026-01-28 15:28:51,7.42
2026-01-28 15:28:52,7.42
2026-01-28 15:28:53,7.42
2026-01-28 15:28:54,8.30
2026-01-28 15:28:55,8.30
2026-01-28 15:28:56,8.30
2026-01-28 15:28:57,8.30
2026-01-28 15:28:58,8.30
2026-01-28 15:28:59,7.77
2026-01-28 15:29:00,7.77
2026-01-28 15:29:01,7.77
2026-01-28 15:29:02,7.77
2026-01-28 15:29:03,7.77
2026-01-28 15:29:04,10.5
2026-01-28 15:29:05,10.5
2026-01-28 15:29:06,10.5
2026-01-28 15:29:07,10.5
2026-01-28 15:29:08,10.5
2026-01-28 15:29:09,8.03
2026-01-28 15:29:10,8.03
2026-01-28 15:29:11,8.03
2026-01-28 15:29:12,8.03
2026-01-28 15:29:13,8.03
2026-01-28 15:29:14,5.92
2026-01-28 15:29:15,5.92
2026-01-28 15:29:16,5.92
2026-01-28 15:29:17,5.92
2026-01-28 15:29:18,5.92
2026-01-28 15:29:19,7.05
2026-01-28 15:29:20,7.05
2026-01-28 15:29:21,7.05
2026-01-28 15:29:22,7.05
2026-01-28 15:29:23,7.05
2026-01-28 15:29:24,7.54
2026-01-28 15:29:25,7.54
2026-01-28 15:29:26,7.54
2026-01-28 15:29:27,7.54
2026-01-28 15:29:28,7.54
2026-01-28 15:29:29,6.58
2026-01-28 15:29:30,6.58
2026-01-28 15:29:31,6.58
2026-01-28 15:29:32,6.58
2026-01-28 15:29:33,6.58
2026-01-28 15:29:34,0
2026-01-28 15:29:35,0
2026-01-28 15:29:36,0
2026-01-28 15:29:37,0
2026-01-28 15:29:38,0
2026-01-28 15:29:39,0
2026-01-28 15:29:40,0
2026-01-28 15:29:41,0
2026-01-28 15:29:42,0
2026-01-28 15:29:43,0
2026-01-28 15:29:44,0
2026-01-28 15:29:45,0
2026-01-28 15:29:46,0
2026-01-28 15:29:47,0
2026-01-28 15:29:48,0
2026-01-28 15:29:49,0
2026-01-28 15:29:50,0
2026-01-28 15:29:51,0
2026-01-28 15:29:52,0
2026-01-28 15:29:53,0
2026-01-28 15:29:54,0
2026-01-28 15:29:55,0
2026-01-28 15:29:56,0
2026-01-28 15:29:57,0
2026-01-28 15:29:58,0
2026-01-28 15:29:59,0
2026-01-28 15:30:00,0
2026-01-28 15:30:01,0
2026-01-28 15:30:02,0
2026-01-28 15:30:03,0
2026-01-28 15:30:04,0
2026-01-28 15:30:05,0
2026-01-28 15:30:06,0
2026-01-28 15:30:07,0
2026-01-28 15:30:08,0
2026-01-28 15:30:09,0
2026-01-28 15:30:10,0
2026-01-28 15:30:11,0
2026-01-28 15:30:12,0
2026-01-28 15:30:13,0
2026-01-28 15:30:14,0
2026-01-28 15:30:15,0
2026-01-28 15:30:16,0
2026-01-28 15:30:17,0
2026-01-28 15:30:18,0
2026-01-28 15:30:19,0
2026-01-28 15:30:20,0
2026-01-28 15:30:21,0
2026-01-28 15:30:22,0
2026-01-28 15:30:23,0
2026-01-28 15:30:24,0
2026-01-28 15:30:25,0
2026-01-28 15:30:26,0
2026-01-28 15:30:27,0
2026-01-28 15:30:28,0
2026-01-28 15:30:29,0
2026-01-28 15:30:30,0
2026-01-28 15:30:31,0
2026-01-28 15:30:32,0
2026-01-28 15:30:33,0
2026-01-28 15:30:34,0
2026-01-28 15:30:35,0
2026-01-28 15:30:36,0
2026-01-28 15:30:37,0
2026-01-28 15:30:38,0
2026-01-28 15:30:39,0
2026-01-28 15:30:40,0
2026-01-28 15:30:41,0
2026-01-28 15:30:42,0
2026-01-28 15:30:43,0
2026-01-28 15:30:44,0
2026-01-28 15:30:45,0
2026-01-28 15:30:46,0
2026-01-28 15:30:47,0
2026-01-28 15:30:48,0
2026-01-28 15:30:49,0
2026-01-28 15:30:50,0
2026-01-28 15:30:51,0
2026-01-28 15:30:52,0
2026-01-28 15:30:53,0
2026-01-28 15:30:54,0
2026-01-28 15:30:55,0
2026-01-28 15:30:56,0
2026-01-28 15:30:57,0
2026-01-28 15:30:58,0
2026-01-28 15:30:59,0
2026-01-28 15:31:00,0
2026-01-28 15:31:01,0
2026-01-28 15:31:02,0
2026-01-28 15:31:03,0
2026-01-28 15:31:04,0
2026-01-28 15:31:05,0
2026-01-28 15:31:06,0
2026-01-28 15:31:07,0
2026-01-28 15:31:08,0
2026-01-28 15:36:14,4.65
2026-01-28 15:36:15,4.65
2026-01-28 15:36:16,4.65
2026-01-28 15:36:17,4.65
2026-01-28 15:36:18,4.65
2026-01-28 15:36:19,7.36
2026-01-28 15:36:20,7.36
2026-01-28 15:36:21,7.36
2026-01-28 15:36:22,7.36
2026-01-28 15:36:23,7.36
2026-01-28 15:36:24,8.31
2026-01-28 15:36:25,8.31
2026-01-28 15:36:26,8.31
2026-01-28 15:36:27,8.31
2026-01-28 15:36:28,8.31
2026-01-28 15:36:29,7.76
2026-01-28 15:36:30,7.76
2026-01-28 15:36:31,7.76
2026-01-28 15:36:32,7.76
2026-01-28 15:36:33,7.76
2026-01-28 15:36:34,8.41
2026-01-28 15:36:35,8.41
2026-01-28 15:36:36,8.41
2026-01-28 15:36:37,8.41
2026-01-28 15:36:38,8.41
2026-01-28 15:36:39,7.51
2026-01-28 15:36:40,7.51
2026-01-28 15:36:41,7.51
2026-01-28 15:36:42,7.51
2026-01-28 15:36:43,7.51
2026-01-28 15:36:44,8.10
2026-01-28 15:36:45,8.10
2026-01-28 15:36:46,8.10
2026-01-28 15:36:47,8.10
2026-01-28 15:36:48,8.10
2026-01-28 15:36:49,7.48
2026-01-28 15:36:50,7.48
2026-01-28 15:36:51,7.48
2026-01-28 15:36:52,7.48
2026-01-28 15:36:53,7.48
2026-01-28 15:36:54,8.14
2026-01-28 15:36:55,8.14
2026-01-28 15:36:56,8.14
2026-01-28 15:36:57,8.14
2026-01-28 15:36:58,8.14
2026-01-28 15:36:59,8.46
2026-01-28 15:37:00,8.46
2026-01-28 15:37:01,8.46
2026-01-28 15:37:02,8.46
2026-01-28 15:37:03,8.46
2026-01-28 15:37:04,9.02
2026-01-28 15:37:05,9.02
2026-01-28 15:37:06,9.02
2026-01-28 15:37:07,9.02
2026-01-28 15:37:08,9.02
2026-01-28 15:37:09,8.33
2026-01-28 15:37:10,8.33
2026-01-28 15:37:11,8.33
2026-01-28 15:37:12,8.33
2026-01-28 15:37:13,8.33
2026-01-28 15:37:14,7.67
2026-01-28 15:37:15,7.67
2026-01-28 15:37:16,7.67
2026-01-28 15:37:17,7.67
2026-01-28 15:37:18,7.67
2026-01-28 15:37:19,8.15
2026-01-28 15:37:20,8.15
2026-01-28 15:37:21,8.15
2026-01-28 15:37:22,8.15
2026-01-28 15:37:23,8.15
2026-01-28 15:37:24,8.85
2026-01-28 15:37:25,8.85
2026-01-28 15:37:26,8.85
2026-01-28 15:37:27,8.85
2026-01-28 15:37:28,8.85
2026-01-28 15:37:29,8.36
2026-01-28 15:37:30,8.36
2026-01-28 15:37:31,8.36
2026-01-28 15:37:32,8.36
2026-01-28 15:37:33,8.36
2026-01-28 15:37:34,8.93
2026-01-28 15:37:35,8.93
2026-01-28 15:37:36,8.93
2026-01-28 15:37:37,8.93
2026-01-28 15:37:38,8.93
2026-01-28 15:37:39,9.55
2026-01-28 15:37:40,9.55
2026-01-28 15:37:41,9.55
2026-01-28 15:37:42,9.55
2026-01-28 15:37:43,9.55
2026-01-28 15:37:44,0
2026-01-28 15:37:45,0
2026-01-28 15:37:46,0
2026-01-28 15:37:47,0
2026-01-28 15:37:48,0
2026-01-28 15:37:49,0
2026-01-28 15:37:50,0
2026-01-28 15:37:51,0
2026-01-28 15:37:52,0
2026-01-28 15:37:53,0
2026-01-28 15:37:54,0
2026-01-28 15:37:55,0
2026-01-28 15:37:56,0
2026-01-28 15:37:57,0
2026-01-28 15:37:58,0
2026-01-28 15:37:59,0
2026-01-28 15:38:00,0
2026-01-28 15:38:01,0
2026-01-28 15:38:02,0
2026-01-28 15:38:03,0
2026-01-28 15:38:04,0
2026-01-28 15:38:05,0
2026-01-28 15:38:06,0
2026-01-28 15:38:07,0
2026-01-28 15:38:08,0
2026-01-28 15:38:09,0
2026-01-28 15:38:10,0
2026-01-28 15:38:11,0
2026-01-28 15:38:12,0
2026-01-28 15:38:13,0
2026-01-28 15:38:14,0
2026-01-28 15:38:15,0
2026-01-28 15:38:16,0
2026-01-28 15:38:17,0
2026-01-28 15:38:18,0
2026-01-28 15:38:19,0
2026-01-28 15:38:20,0
2026-01-28 15:38:21,0
2026-01-28 15:38:22,0
2026-01-28 15:38:23,0
2026-01-28 15:38:24,0
2026-01-28 15:38:25,0
2026-01-28 15:38:26,0
2026-01-28 15:38:27,0
2026-01-28 15:38:28,0
2026-01-28 15:38:29,0
2026-01-28 15:38:30,0
2026-01-28 15:38:31,0
2026-01-28 15:38:32,0
2026-01-28 15:38:33,0
2026-01-28 15:38:34,0
2026-01-28 15:38:35,0
2026-01-28 15:38:36,0
2026-01-28 15:38:37,0
2026-01-28 15:38:38,0
2026-01-28 15:38:39,0
2026-01-28 15:38:40,0
2026-01-28 15:38:41,0
2026-01-28 15:38:42,0
2026-01-28 15:38:43,0
2026-01-28 15:38:44,0
2026-01-28 15:38:45,0
2026-01-28 15:38:46,0
2026-01-28 15:38:47,0
2026-01-28 15:38:48,0
2026-01-28 15:38:49,0
2026-01-28 15:38:50,0
2026-01-28 15:38:51,0
2026-01-28 15:38:52,0
2026-01-28 15:38:53,0
2026-01-28 15:38:54,0
2026-01-28 15:38:55,0
2026-01-28 15:38:56,0
2026-01-28 15:38:57,0
2026-01-28 15:38:58,0
2026-01-28 15:38:59,0
2026-01-28 15:39:00,0
2026-01-28 15:39:01,0
2026-01-28 15:39:02,0
2026-01-28 15:39:03,0
2026-01-28 15:39:04,0
2026-01-28 15:39:05,0
2026-01-28 15:39:06,0
2026-01-28 15:39:07,0
2026-01-28 15:39:08,0
2026-01-28 15:39:09,0
2026-01-28 15:39:10,0
2026-01-28 15:39:11,0
2026-01-28 15:39:12,0
2026-01-28 15:39:13,0
2026-01-28 15:39:14,0
2026-01-28 15:39:15,0
2026-01-28 15:39:16,0
2026-01-28 15:39:17,0
2026-01-28 15:39:18,0
2026-01-28 15:44:19,3.69
2026-01-28 15:44:20,3.69
2026-01-28 15:44:21,3.69
2026-01-28 15:44:22,3.69
2026-01-28 15:44:23,3.69
2026-01-28 15:44:24,7.08
2026-01-28 15:44:25,7.08
2026-01-28 15:44:26,7.08
2026-01-28 15:44:27,7.08
2026-01-28 15:44:28,7.08
2026-01-28 15:44:29,6.72
2026-01-28 15:44:30,6.72
2026-01-28 15:44:31,6.72
2026-01-28 15:44:32,6.72
2026-01-28 15:44:33,6.72
2026-01-28 15:44:34,7.88
2026-01-28 15:44:35,7.88
2026-01-28 15:44:36,7.88
2026-01-28 15:44:37,7.88
2026-01-28 15:44:38,7.88
2026-01-28 15:44:39,6.60
2026-01-28 15:44:40,6.60
2026-01-28 15:44:41,6.60
2026-01-28 15:44:42,6.60
2026-01-28 15:44:43,6.60
2026-01-28 15:44:44,6.80
2026-01-28 15:44:45,6.80
2026-01-28 15:44:46,6.80
2026-01-28 15:44:47,6.80
2026-01-28 15:44:48,6.80
2026-01-28 15:44:49,6.54
2026-01-28 15:44:50,6.54
2026-01-28 15:44:51,6.54
2026-01-28 15:44:52,6.54
2026-01-28 15:44:53,6.54
2026-01-28 15:44:54,8.59
2026-01-28 15:44:55,8.59
2026-01-28 15:44:56,8.59
2026-01-28 15:44:57,8.59
2026-01-28 15:44:58,8.59
2026-01-28 15:44:59,7.58
2026-01-28 15:45:00,7.58
2026-01-28 15:45:01,7.58
2026-01-28 15:45:02,7.58
2026-01-28 15:45:03,7.58
2026-01-28 15:45:04,7.98
2026-01-28 15:45:05,7.98
2026-01-28 15:45:06,7.98
2026-01-28 15:45:07,7.98
2026-01-28 15:45:08,7.98
2026-01-28 15:45:09,7.06
2026-01-28 15:45:10,7.06
2026-01-28 15:45:11,7.06
2026-01-28 15:45:12,7.06
2026-01-28 15:45:13,7.06
2026-01-28 15:45:14,7.82
2026-01-28 15:45:15,7.82
2026-01-28 15:45:16,7.82
2026-01-28 15:45:17,7.82
2026-01-28 15:45:18,7.82
2026-01-28 15:45:19,8.35
2026-01-28 15:45:20,8.35
2026-01-28 15:45:21,8.35
2026-01-28 15:45:22,8.35
2026-01-28 15:45:23,8.35
2026-01-28 15:45:24,8.98
2026-01-28 15:45:25,8.98
2026-01-28 15:45:26,8.98
2026-01-28 15:45:27,8.98
2026-01-28 15:45:28,8.98
2026-01-28 15:45:29,8.30
2026-01-28 15:45:30,8.30
2026-01-28 15:45:31,8.30
2026-01-28 15:45:32,8.30
2026-01-28 15:45:33,8.30
2026-01-28 15:45:34,9.00
2026-01-28 15:45:35,9.00
2026-01-28 15:45:36,9.00
2026-01-28 15:45:37,9.00
2026-01-28 15:45:38,9.00
2026-01-28 15:45:39,8.35
2026-01-28 15:45:40,8.35
2026-01-28 15:45:41,8.35
2026-01-28 15:45:42,8.35
2026-01-28 15:45:43,8.35
2026-01-28 15:45:44,8.88
2026-01-28 15:45:45,8.88
2026-01-28 15:45:46,8.88
2026-01-28 15:45:47,8.88
2026-01-28 15:45:48,8.88
2026-01-28 15:45:49,0
2026-01-28 15:45:50,0
2026-01-28 15:45:51,0
2026-01-28 15:45:52,0
2026-01-28 15:45:53,0
2026-01-28 15:45:54,0
2026-01-28 15:45:55,0
2026-01-28 15:45:56,0
2026-01-28 15:45:57,0
2026-01-28 15:45:58,0
2026-01-28 15:45:59,0
2026-01-28 15:46:00,0
2026-01-28 15:46:01,0
2026-01-28 15:46:02,0
2026-01-28 15:46:03,0
2026-01-28 15:46:04,0
2026-01-28 15:46:05,0
2026-01-28 15:46:06,0
2026-01-28 15:46:07,0
2026-01-28 15:46:08,0
2026-01-28 15:46:09,0
2026-01-28 15:46:10,0
2026-01-28 15:46:11,0
2026-01-28 15:46:12,0
2026-01-28 15:46:13,0
2026-01-28 15:46:14,0
2026-01-28 15:46:15,0
2026-01-28 15:46:16,0
2026-01-28 15:46:17,0
2026-01-28 15:46:18,0
2026-01-28 15:46:19,0
2026-01-28 15:46:20,0
2026-01-28 15:46:21,0
2026-01-28 15:46:22,0
2026-01-28 15:46:23,0
2026-01-28 15:46:24,0
2026-01-28 15:46:25,0
2026-01-28 15:46:26,0
2026-01-28 15:46:27,0
2026-01-28 15:46:28,0
2026-01-28 15:46:29,0
2026-01-28 15:46:30,0
2026-01-28 15:46:31,0
2026-01-28 15:46:32,0
2026-01-28 15:46:33,0
2026-01-28 15:46:34,0
2026-01-28 15:46:35,0
2026-01-28 15:46:36,0
2026-01-28 15:46:37,0
2026-01-28 15:46:38,0
2026-01-28 15:46:39,0
2026-01-28 15:46:40,0
2026-01-28 15:46:41,0
2026-01-28 15:46:42,0
2026-01-28 15:46:43,0
2026-01-28 15:46:44,0
2026-01-28 15:46:45,0
2026-01-28 15:46:46,0
2026-01-28 15:46:47,0
2026-01-28 15:46:48,0
2026-01-28 15:46:49,0
2026-01-28 15:46:50,0
2026-01-28 15:46:51,0
2026-01-28 15:46:52,0
2026-01-28 15:46:53,0
2026-01-28 15:46:54,0
2026-01-28 15:46:55,0
2026-01-28 15:46:56,0
2026-01-28 15:46:57,0
2026-01-28 15:46:58,0
2026-01-28 15:46:59,0
2026-01-28 15:47:00,0
2026-01-28 15:47:01,0
2026-01-28 15:47:02,0
2026-01-28 15:47:03,0
2026-01-28 15:47:04,0
2026-01-28 15:47:05,0
2026-01-28 15:47:06,0
2026-01-28 15:47:07,0
2026-01-28 15:47:08,0
2026-01-28 15:47:09,0
2026-01-28 15:47:10,0
2026-01-28 15:47:11,0
2026-01-28 15:47:12,0
2026-01-28 15:47:13,0
2026-01-28 15:47:14,0
2026-01-28 15:47:15,0
2026-01-28 15:47:16,0
2026-01-28 15:47:17,0
2026-01-28 15:47:18,0
2026-01-28 15:47:19,0
2026-01-28 15:47:20,0
2026-01-28 15:47:21,0
2026-01-28 15:47:22,0
2026-01-28 15:47:23,0
2026-01-28 15:52:19,1.17
2026-01-28 15:52:20,1.17
2026-01-28 15:52:21,1.17
2026-01-28 15:52:22,1.17
2026-01-28 15:52:23,1.17
2026-01-28 15:52:24,6.73
2026-01-28 15:52:25,6.73
2026-01-28 15:52:26,6.73
2026-01-28 15:52:27,6.73
2026-01-28 15:52:28,6.73
2026-01-28 15:52:29,7.51
2026-01-28 15:52:30,7.51
2026-01-28 15:52:31,7.51
2026-01-28 15:52:32,7.51
2026-01-28 15:52:33,7.51
2026-01-28 15:52:34,8.39
2026-01-28 15:52:35,8.39
2026-01-28 15:52:36,8.39
2026-01-28 15:52:37,8.39
2026-01-28 15:52:38,8.39
2026-01-28 15:52:39,7.48
2026-01-28 15:52:40,7.48
2026-01-28 15:52:41,7.48
2026-01-28 15:52:42,7.48
2026-01-28 15:52:43,7.48
2026-01-28 15:52:44,8.03
2026-01-28 15:52:45,8.03
2026-01-28 15:52:46,8.03
2026-01-28 15:52:47,8.03
2026-01-28 15:52:48,8.03
2026-01-28 15:52:49,7.91
2026-01-28 15:52:50,7.91
2026-01-28 15:52:51,7.91
2026-01-28 15:52:52,7.91
2026-01-28 15:52:53,7.91
2026-01-28 15:52:54,8.56
2026-01-28 15:52:55,8.56
2026-01-28 15:52:56,8.56
2026-01-28 15:52:57,8.56
2026-01-28 15:52:58,8.56
2026-01-28 15:52:59,7.41
2026-01-28 15:53:00,7.41
2026-01-28 15:53:01,7.41
2026-01-28 15:53:02,7.41
2026-01-28 15:53:03,7.41
2026-01-28 15:53:04,8.15
2026-01-28 15:53:05,8.15
2026-01-28 15:53:06,8.15
2026-01-28 15:53:07,8.15
2026-01-28 15:53:08,8.15
2026-01-28 15:53:09,7.50
2026-01-28 15:53:10,7.50
2026-01-28 15:53:11,7.50
2026-01-28 15:53:12,7.50
2026-01-28 15:53:13,7.50
2026-01-28 15:53:14,6.83
2026-01-28 15:53:15,6.83
2026-01-28 15:53:16,6.83
2026-01-28 15:53:17,6.83
2026-01-28 15:53:18,6.83
2026-01-28 15:53:19,7.46
2026-01-28 15:53:20,7.46
2026-01-28 15:53:21,7.46
2026-01-28 15:53:22,7.46
2026-01-28 15:53:23,7.46
2026-01-28 15:53:24,8.14
2026-01-28 15:53:25,8.14
2026-01-28 15:53:26,8.14
2026-01-28 15:53:27,8.14
2026-01-28 15:53:28,8.14
2026-01-28 15:53:29,7.51
2026-01-28 15:53:30,7.51
2026-01-28 15:53:31,7.51
2026-01-28 15:53:32,7.51
2026-01-28 15:53:33,7.51
2026-01-28 15:53:34,8.25
2026-01-28 15:53:35,8.25
2026-01-28 15:53:36,8.25
2026-01-28 15:53:37,8.25
2026-01-28 15:53:38,8.25
2026-01-28 15:53:39,7.40
2026-01-28 15:53:40,7.40
2026-01-28 15:53:41,7.40
2026-01-28 15:53:42,7.40
2026-01-28 15:53:43,7.40
2026-01-28 15:53:44,8.06
2026-01-28 15:53:45,8.06
2026-01-28 15:53:46,8.06
2026-01-28 15:53:47,8.06
2026-01-28 15:53:48,8.06
2026-01-28 15:53:49,0
2026-01-28 15:53:50,0
2026-01-28 15:53:51,0
2026-01-28 15:53:52,0
2026-01-28 15:53:53,0
2026-01-28 15:53:54,0
2026-01-28 15:53:55,0
2026-01-28 15:53:56,0
2026-01-28 15:53:57,0
2026-01-28 15:53:58,0
2026-01-28 15:53:59,0
2026-01-28 15:54:00,0
2026-01-28 15:54:01,0
2026-01-28 15:54:02,0
2026-01-28 15:54:03,0
2026-01-28 15:54:04,0
2026-01-28 15:54:05,0
2026-01-28 15:54:06,0
2026-01-28 15:54:07,0
2026-01-28 15:54:08,0
2026-01-28 15:54:09,0
2026-01-28 15:54:10,0
2026-01-28 15:54:11,0
2026-01-28 15:54:12,0
2026-01-28 15:54:13,0
2026-01-28 15:54:14,0
2026-01-28 15:54:15,0
2026-01-28 15:54:16,0
2026-01-28 15:54:17,0
2026-01-28 15:54:18,0
2026-01-28 15:54:19,0
2026-01-28 15:54:20,0
2026-01-28 15:54:21,0
2026-01-28 15:54:22,0
2026-01-28 15:54:23,0
2026-01-28 15:54:24,0
2026-01-28 15:54:25,0
2026-01-28 15:54:26,0
2026-01-28 15:54:27,0
2026-01-28 15:54:28,0
2026-01-28 15:54:29,0
2026-01-28 15:54:30,0
2026-01-28 15:54:31,0
2026-01-28 15:54:32,0
2026-01-28 15:54:33,0
2026-01-28 15:54:34,0
2026-01-28 15:54:35,0
2026-01-28 15:54:36,0
2026-01-28 15:54:37,0
2026-01-28 15:54:38,0
2026-01-28 15:54:39,0
2026-01-28 15:54:40,0
2026-01-28 15:54:41,0
2026-01-28 15:54:42,0
2026-01-28 15:54:43,0
2026-01-28 15:54:44,0
2026-01-28 15:54:45,0
2026-01-28 15:54:46,0
2026-01-28 15:54:47,0
2026-01-28 15:54:48,0
2026-01-28 15:54:49,0
2026-01-28 15:54:50,0
2026-01-28 15:54:51,0
2026-01-28 15:54:52,0
2026-01-28 15:54:53,0
2026-01-28 15:54:54,0
2026-01-28 15:54:55,0
2026-01-28 15:54:56,0
2026-01-28 15:54:57,0
2026-01-28 15:54:58,0
2026-01-28 15:54:59,0
2026-01-28 15:55:00,0
2026-01-28 15:55:01,0
2026-01-28 15:55:02,0
2026-01-28 15:55:03,0
2026-01-28 15:55:04,0
2026-01-28 15:55:05,0
2026-01-28 15:55:06,0
2026-01-28 15:55:07,0
2026-01-28 15:55:08,0
2026-01-28 15:55:09,0
2026-01-28 15:55:10,0
2026-01-28 15:55:11,0
2026-01-28 15:55:12,0
2026-01-28 15:55:13,0
2026-01-28 15:55:14,0
2026-01-28 15:55:15,0
2026-01-28 15:55:16,0
2026-01-28 15:55:17,0
2026-01-28 15:55:18,0
2026-01-28 15:55:19,0
2026-01-28 15:55:20,0
2026-01-28 15:55:21,0
2026-01-28 15:55:22,0
2026-01-28 15:55:23,0
2026-01-28 16:00:19,1.33
2026-01-28 16:00:20,1.33
2026-01-28 16:00:21,1.33
2026-01-28 16:00:22,1.33
2026-01-28 16:00:23,1.33
2026-01-28 16:00:24,7.89
2026-01-28 16:00:25,7.89
2026-01-28 16:00:26,7.89
2026-01-28 16:00:27,7.89
2026-01-28 16:00:28,7.89
2026-01-28 16:00:29,9.40
2026-01-28 16:00:30,9.40
2026-01-28 16:00:31,9.40
2026-01-28 16:00:32,9.40
2026-01-28 16:00:33,9.40
2026-01-28 16:00:34,8.48
2026-01-28 16:00:35,8.48
2026-01-28 16:00:36,8.48
2026-01-28 16:00:37,8.48
2026-01-28 16:00:38,8.48
2026-01-28 16:00:39,7.62
2026-01-28 16:00:40,7.62
2026-01-28 16:00:41,7.62
2026-01-28 16:00:42,7.62
2026-01-28 16:00:43,7.62
2026-01-28 16:00:44,8.02
2026-01-28 16:00:45,8.02
2026-01-28 16:00:46,8.02
2026-01-28 16:00:47,8.02
2026-01-28 16:00:48,8.02
2026-01-28 16:00:49,7.68
2026-01-28 16:00:50,7.68
2026-01-28 16:00:51,7.68
2026-01-28 16:00:52,7.68
2026-01-28 16:00:53,7.68
2026-01-28 16:00:54,8.44
2026-01-28 16:00:55,8.44
2026-01-28 16:00:56,8.44
2026-01-28 16:00:57,8.44
2026-01-28 16:00:58,8.44
2026-01-28 16:00:59,9.42
2026-01-28 16:01:00,9.42
2026-01-28 16:01:01,9.42
2026-01-28 16:01:02,9.42
2026-01-28 16:01:03,9.42
2026-01-28 16:01:04,8.57
2026-01-28 16:01:05,8.57
2026-01-28 16:01:06,8.57
2026-01-28 16:01:07,8.57
2026-01-28 16:01:08,8.57
2026-01-28 16:01:09,6.28
2026-01-28 16:01:10,6.28
2026-01-28 16:01:11,6.28
2026-01-28 16:01:12,6.28
2026-01-28 16:01:13,6.28
2026-01-28 16:01:14,5.48
2026-01-28 16:01:15,5.48
2026-01-28 16:01:16,5.48
2026-01-28 16:01:17,5.48
2026-01-28 16:01:18,5.48
2026-01-28 16:01:19,6.44
2026-01-28 16:01:20,6.44
2026-01-28 16:01:21,6.44
2026-01-28 16:01:22,6.44
2026-01-28 16:01:23,6.44
2026-01-28 16:01:24,7.00
2026-01-28 16:01:25,7.00
2026-01-28 16:01:26,7.00
2026-01-28 16:01:27,7.00
2026-01-28 16:01:28,7.00
2026-01-28 16:01:29,6.46
2026-01-28 16:01:30,6.46
2026-01-28 16:01:31,6.46
2026-01-28 16:01:32,6.46
2026-01-28 16:01:33,6.46
2026-01-28 16:01:34,7.21
2026-01-28 16:01:35,7.21
2026-01-28 16:01:36,7.21
2026-01-28 16:01:37,7.21
2026-01-28 16:01:38,7.21
2026-01-28 16:01:39,6.21
2026-01-28 16:01:40,6.21
2026-01-28 16:01:41,6.21
2026-01-28 16:01:42,6.21
2026-01-28 16:01:43,6.21
2026-01-28 16:01:44,6.93
2026-01-28 16:01:45,6.93
2026-01-28 16:01:46,6.93
2026-01-28 16:01:47,6.93
2026-01-28 16:01:48,6.93
2026-01-28 16:01:49,0
2026-01-28 16:01:50,0
2026-01-28 16:01:51,0
2026-01-28 16:01:52,0
2026-01-28 16:01:53,0
2026-01-28 16:01:54,0
2026-01-28 16:01:55,0
2026-01-28 16:01:56,0
2026-01-28 16:01:57,0
2026-01-28 16:01:58,0
2026-01-28 16:01:59,0
2026-01-28 16:02:00,0
2026-01-28 16:02:01,0
2026-01-28 16:02:02,0
2026-01-28 16:02:03,0
2026-01-28 16:02:04,0
2026-01-28 16:02:05,0
2026-01-28 16:02:06,0
2026-01-28 16:02:07,0
2026-01-28 16:02:08,0
2026-01-28 16:02:09,0
2026-01-28 16:02:10,0
2026-01-28 16:02:11,0
2026-01-28 16:02:12,0
2026-01-28 16:02:13,0
2026-01-28 16:02:14,0
2026-01-28 16:02:15,0
2026-01-28 16:02:16,0
2026-01-28 16:02:17,0
2026-01-28 16:02:18,0
2026-01-28 16:02:19,0
2026-01-28 16:02:20,0
2026-01-28 16:02:21,0
2026-01-28 16:02:22,0
2026-01-28 16:02:23,0
2026-01-28 16:02:24,0
2026-01-28 16:02:25,0
2026-01-28 16:02:26,0
2026-01-28 16:02:27,0
2026-01-28 16:02:28,0
2026-01-28 16:02:29,0
2026-01-28 16:02:30,0
2026-01-28 16:02:31,0
2026-01-28 16:02:32,0
2026-01-28 16:02:33,0
2026-01-28 16:02:34,0
2026-01-28 16:02:35,0
2026-01-28 16:02:36,0
2026-01-28 16:02:37,0
2026-01-28 16:02:38,0
2026-01-28 16:02:39,0
2026-01-28 16:02:40,0
2026-01-28 16:02:41,0
2026-01-28 16:02:42,0
2026-01-28 16:02:43,0
2026-01-28 16:02:44,0
2026-01-28 16:02:45,0
2026-01-28 16:02:46,0
2026-01-28 16:02:47,0
2026-01-28 16:02:48,0
2026-01-28 16:02:49,0
2026-01-28 16:02:50,0
2026-01-28 16:02:51,0
2026-01-28 16:02:52,0
2026-01-28 16:02:53,0
2026-01-28 16:02:54,0
2026-01-28 16:02:55,0
2026-01-28 16:02:56,0
2026-01-28 16:02:57,0
2026-01-28 16:02:58,0
2026-01-28 16:02:59,0
2026-01-28 16:03:00,0
2026-01-28 16:03:01,0
2026-01-28 16:03:02,0
2026-01-28 16:03:03,0
2026-01-28 16:03:04,0
2026-01-28 16:03:05,0
2026-01-28 16:03:06,0
2026-01-28 16:03:07,0
2026-01-28 16:03:08,0
2026-01-28 16:03:09,0
2026-01-28 16:03:10,0
2026-01-28 16:03:11,0
2026-01-28 16:03:12,0
2026-01-28 16:03:13,0
2026-01-28 16:03:14,0
2026-01-28 16:03:15,0
2026-01-28 16:03:16,0
2026-01-28 16:03:17,0
2026-01-28 16:03:18,0
2026-01-28 16:03:19,0
2026-01-28 16:03:20,0
2026-01-28 16:03:21,0
2026-01-28 16:03:22,0
2026-01-28 16:03:23,0
2026-01-28 16:08:29,4.05
2026-01-28 16:08:30,4.05
2026-01-28 16:08:31,4.05
2026-01-28 16:08:32,4.05
2026-01-28 16:08:33,4.05
2026-01-28 16:08:34,8.55
2026-01-28 16:08:35,8.55
2026-01-28 16:08:36,8.55
2026-01-28 16:08:37,8.55
2026-01-28 16:08:38,8.55
2026-01-28 16:08:39,9.75
2026-01-28 16:08:40,9.75
2026-01-28 16:08:41,9.75
2026-01-28 16:08:42,9.75
2026-01-28 16:08:43,9.75
2026-01-28 16:08:44,8.13
2026-01-28 16:08:45,8.13
2026-01-28 16:08:46,8.13
2026-01-28 16:08:47,8.13
2026-01-28 16:08:48,8.13
2026-01-28 16:08:49,8.72
2026-01-28 16:08:50,8.72
2026-01-28 16:08:51,8.72
2026-01-28 16:08:52,8.72
2026-01-28 16:08:53,8.72
2026-01-28 16:08:54,9.15
2026-01-28 16:08:55,9.15
2026-01-28 16:08:56,9.15
2026-01-28 16:08:57,9.15
2026-01-28 16:08:58,9.15
2026-01-28 16:08:59,9.50
2026-01-28 16:09:00,9.50
2026-01-28 16:09:01,9.50
2026-01-28 16:09:02,9.50
2026-01-28 16:09:03,9.50
2026-01-28 16:09:04,9.07
2026-01-28 16:09:05,9.07
2026-01-28 16:09:06,9.07
2026-01-28 16:09:07,9.07
2026-01-28 16:09:08,9.07
2026-01-28 16:09:09,7.79
2026-01-28 16:09:10,7.79
2026-01-28 16:09:11,7.79
2026-01-28 16:09:12,7.79
2026-01-28 16:09:13,7.79
2026-01-28 16:09:14,6.88
2026-01-28 16:09:15,6.88
2026-01-28 16:09:16,6.88
2026-01-28 16:09:17,6.88
2026-01-28 16:09:18,6.88
2026-01-28 16:09:19,7.39
2026-01-28 16:09:20,7.39
2026-01-28 16:09:21,7.39
2026-01-28 16:09:22,7.39
2026-01-28 16:09:23,7.39
2026-01-28 16:09:24,8.13
2026-01-28 16:09:25,8.13
2026-01-28 16:09:26,8.13
2026-01-28 16:09:27,8.13
2026-01-28 16:09:28,8.13
2026-01-28 16:09:29,7.57
2026-01-28 16:09:30,7.57
2026-01-28 16:09:31,7.57
2026-01-28 16:09:32,7.57
2026-01-28 16:09:33,7.57
2026-01-28 16:09:34,8.25
2026-01-28 16:09:35,8.25
2026-01-28 16:09:36,8.25
2026-01-28 16:09:37,8.25
2026-01-28 16:09:38,8.25
2026-01-28 16:09:39,7.42
2026-01-28 16:09:40,7.42
2026-01-28 16:09:41,7.42
2026-01-28 16:09:42,7.42
2026-01-28 16:09:43,7.42
2026-01-28 16:09:44,8.00
2026-01-28 16:09:45,8.00
2026-01-28 16:09:46,8.00
2026-01-28 16:09:47,8.00
2026-01-28 16:09:48,8.00
2026-01-28 16:09:49,7.65
2026-01-28 16:09:50,7.65
2026-01-28 16:09:51,7.65
2026-01-28 16:09:52,7.65
2026-01-28 16:09:53,7.65
2026-01-28 16:09:54,8.42
2026-01-28 16:09:55,8.42
2026-01-28 16:09:56,8.42
2026-01-28 16:09:57,8.42
2026-01-28 16:09:58,8.42
2026-01-28 16:09:59,0
2026-01-28 16:10:00,0
2026-01-28 16:10:01,0
2026-01-28 16:10:02,0
2026-01-28 16:10:03,0
2026-01-28 16:10:04,0
2026-01-28 16:10:05,0
2026-01-28 16:10:06,0
2026-01-28 16:10:07,0
2026-01-28 16:10:08,0
2026-01-28 16:10:09,0
2026-01-28 16:10:10,0
2026-01-28 16:10:11,0
2026-01-28 16:10:12,0
2026-01-28 16:10:13,0
2026-01-28 16:10:14,0
2026-01-28 16:10:15,0
2026-01-28 16:10:16,0
2026-01-28 16:10:17,0
2026-01-28 16:10:18,0
2026-01-28 16:10:19,0
2026-01-28 16:10:20,0
2026-01-28 16:10:21,0
2026-01-28 16:10:22,0
2026-01-28 16:10:23,0
2026-01-28 16:10:24,0
2026-01-28 16:10:25,0
2026-01-28 16:10:26,0
2026-01-28 16:10:27,0
2026-01-28 16:10:28,0
2026-01-28 16:10:29,0
2026-01-28 16:10:30,0
2026-01-28 16:10:31,0
2026-01-28 16:10:32,0
2026-01-28 16:10:33,0
2026-01-28 16:10:34,0
2026-01-28 16:10:35,0
2026-01-28 16:10:36,0
2026-01-28 16:10:37,0
2026-01-28 16:10:38,0
2026-01-28 16:10:39,0
2026-01-28 16:10:40,0
2026-01-28 16:10:41,0
2026-01-28 16:10:42,0
2026-01-28 16:10:43,0
2026-01-28 16:10:44,0
2026-01-28 16:10:45,0
2026-01-28 16:10:46,0
2026-01-28 16:10:47,0
2026-01-28 16:10:48,0
2026-01-28 16:10:49,0
2026-01-28 16:10:50,0
2026-01-28 16:10:51,0
2026-01-28 16:10:52,0
2026-01-28 16:10:53,0
2026-01-28 16:10:54,0
2026-01-28 16:10:55,0
2026-01-28 16:10:56,0
2026-01-28 16:10:57,0
2026-01-28 16:10:58,0
2026-01-28 16:10:59,0
2026-01-28 16:11:00,0
2026-01-28 16:11:01,0
2026-01-28 16:11:02,0
2026-01-28 16:11:03,0
2026-01-28 16:11:04,0
2026-01-28 16:11:05,0
2026-01-28 16:11:06,0
2026-01-28 16:11:07,0
2026-01-28 16:11:08,0
2026-01-28 16:11:09,0
2026-01-28 16:11:10,0
2026-01-28 16:11:11,0
2026-01-28 16:11:12,0
2026-01-28 16:11:13,0
2026-01-28 16:11:14,0
2026-01-28 16:11:15,0
2026-01-28 16:11:16,0
2026-01-28 16:11:17,0
2026-01-28 16:11:18,0
2026-01-28 16:11:19,0
2026-01-28 16:11:20,0
2026-01-28 16:11:21,0
2026-01-28 16:11:22,0
2026-01-28 16:11:23,0
2026-01-28 16:11:24,0
2026-01-28 16:11:25,0
2026-01-28 16:11:26,0
2026-01-28 16:11:27,0
2026-01-28 16:11:28,0
2026-01-28 16:11:29,0
2026-01-28 16:11:30,0
2026-01-28 16:11:31,0
2026-01-28 16:11:32,0
2026-01-28 16:11:33,0
2026-01-28 16:16:39,3.89
2026-01-28 16:16:40,3.89
2026-01-28 16:16:41,3.89
2026-01-28 16:16:42,3.89
2026-01-28 16:16:43,3.89
2026-01-28 16:16:44,7.70
2026-01-28 16:16:45,7.70
2026-01-28 16:16:46,7.70
2026-01-28 16:16:47,7.70
2026-01-28 16:16:48,7.70
2026-01-28 16:16:49,7.43
2026-01-28 16:16:50,7.43
2026-01-28 16:16:51,7.43
2026-01-28 16:16:52,7.43
2026-01-28 16:16:53,7.43
2026-01-28 16:16:54,8.01
2026-01-28 16:16:55,8.01
2026-01-28 16:16:56,8.01
2026-01-28 16:16:57,8.01
2026-01-28 16:16:58,8.01
2026-01-28 16:16:59,7.14
2026-01-28 16:17:00,7.14
2026-01-28 16:17:01,7.14
2026-01-28 16:17:02,7.14
2026-01-28 16:17:03,7.14
2026-01-28 16:17:04,7.72
2026-01-28 16:17:05,7.72
2026-01-28 16:17:06,7.72
2026-01-28 16:17:07,7.72
2026-01-28 16:17:08,7.72
2026-01-28 16:17:09,6.42
2026-01-28 16:17:10,6.42
2026-01-28 16:17:11,6.42
2026-01-28 16:17:12,6.42
2026-01-28 16:17:13,6.42
2026-01-28 16:17:14,7.50
2026-01-28 16:17:15,7.50
2026-01-28 16:17:16,7.50
2026-01-28 16:17:17,7.50
2026-01-28 16:17:18,7.50
2026-01-28 16:17:19,7.80
2026-01-28 16:17:20,7.80
2026-01-28 16:17:21,7.80
2026-01-28 16:17:22,7.80
2026-01-28 16:17:23,7.80
2026-01-28 16:17:24,11.5
2026-01-28 16:17:25,11.5
2026-01-28 16:17:26,11.5
2026-01-28 16:17:27,11.5
2026-01-28 16:17:28,11.5
2026-01-28 16:17:29,9.09
2026-01-28 16:17:30,9.09
2026-01-28 16:17:31,9.09
2026-01-28 16:17:32,9.09
2026-01-28 16:17:33,9.09
2026-01-28 16:17:34,9.02
2026-01-28 16:17:35,9.02
2026-01-28 16:17:36,9.02
2026-01-28 16:17:37,9.02
2026-01-28 16:17:38,9.02
2026-01-28 16:17:39,8.23
2026-01-28 16:17:40,8.23
2026-01-28 16:17:41,8.23
2026-01-28 16:17:42,8.23
2026-01-28 16:17:43,8.23
2026-01-28 16:17:44,8.94
2026-01-28 16:17:45,8.94
2026-01-28 16:17:46,8.94
2026-01-28 16:17:47,8.94
2026-01-28 16:17:48,8.94
2026-01-28 16:17:49,8.34
2026-01-28 16:17:50,8.34
2026-01-28 16:17:51,8.34
2026-01-28 16:17:52,8.34
2026-01-28 16:17:53,8.34
2026-01-28 16:17:54,9.20
2026-01-28 16:17:55,9.20
2026-01-28 16:17:56,9.20
2026-01-28 16:17:57,9.20
2026-01-28 16:17:58,9.20
2026-01-28 16:17:59,8.27
2026-01-28 16:18:00,8.27
2026-01-28 16:18:01,8.27
2026-01-28 16:18:02,8.27
2026-01-28 16:18:03,8.27
2026-01-28 16:18:04,8.94
2026-01-28 16:18:05,8.94
2026-01-28 16:18:06,8.94
2026-01-28 16:18:07,8.94
2026-01-28 16:18:08,8.94
2026-01-28 16:18:09,0
2026-01-28 16:18:10,0
2026-01-28 16:18:11,0
2026-01-28 16:18:12,0
2026-01-28 16:18:13,0
2026-01-28 16:18:14,0
2026-01-28 16:18:15,0
2026-01-28 16:18:16,0
2026-01-28 16:18:17,0
2026-01-28 16:18:18,0
2026-01-28 16:18:19,0
2026-01-28 16:18:20,0
2026-01-28 16:18:21,0
2026-01-28 16:18:22,0
2026-01-28 16:18:23,0
2026-01-28 16:18:24,0
2026-01-28 16:18:25,0
2026-01-28 16:18:26,0
2026-01-28 16:18:27,0
2026-01-28 16:18:28,0
2026-01-28 16:18:29,0
2026-01-28 16:18:30,0
2026-01-28 16:18:31,0
2026-01-28 16:18:32,0
2026-01-28 16:18:33,0
2026-01-28 16:18:34,0
2026-01-28 16:18:35,0
2026-01-28 16:18:36,0
2026-01-28 16:18:37,0
2026-01-28 16:18:38,0
2026-01-28 16:18:39,0
2026-01-28 16:18:40,0
2026-01-28 16:18:41,0
2026-01-28 16:18:42,0
2026-01-28 16:18:43,0
2026-01-28 16:18:44,0
2026-01-28 16:18:45,0
2026-01-28 16:18:46,0
2026-01-28 16:18:47,0
2026-01-28 16:18:48,0
2026-01-28 16:18:49,0
2026-01-28 16:18:50,0
2026-01-28 16:18:51,0
2026-01-28 16:18:52,0
2026-01-28 16:18:53,0
2026-01-28 16:18:54,0
2026-01-28 16:18:55,0
2026-01-28 16:18:56,0
2026-01-28 16:18:57,0
2026-01-28 16:18:58,0
2026-01-28 16:18:59,0
2026-01-28 16:19:00,0
2026-01-28 16:19:01,0
2026-01-28 16:19:02,0
2026-01-28 16:19:03,0
2026-01-28 16:19:04,0
2026-01-28 16:19:05,0
2026-01-28 16:19:06,0
2026-01-28 16:19:07,0
2026-01-28 16:19:08,0
2026-01-28 16:19:09,0
2026-01-28 16:19:10,0
2026-01-28 16:19:11,0
2026-01-28 16:19:12,0
2026-01-28 16:19:13,0
2026-01-28 16:19:14,0
2026-01-28 16:19:15,0
2026-01-28 16:19:16,0
2026-01-28 16:19:17,0
2026-01-28 16:19:18,0
2026-01-28 16:19:19,0
2026-01-28 16:19:20,0
2026-01-28 16:19:21,0
2026-01-28 16:19:22,0
2026-01-28 16:19:23,0
2026-01-28 16:19:24,0
2026-01-28 16:19:25,0
2026-01-28 16:19:26,0
2026-01-28 16:19:27,0
2026-01-28 16:19:28,0
2026-01-28 16:19:29,0
2026-01-28 16:19:30,0
2026-01-28 16:19:31,0
2026-01-28 16:19:32,0
2026-01-28 16:19:33,0
2026-01-28 16:19:34,0
2026-01-28 16:19:35,0
2026-01-28 16:19:36,0
2026-01-28 16:19:37,0
2026-01-28 16:19:38,0
2026-01-28 16:19:39,0
2026-01-28 16:19:40,0
2026-01-28 16:19:41,0
2026-01-28 16:19:42,0
2026-01-28 16:19:43,0
2026-01-28 16:24:49,6.35
2026-01-28 16:24:50,6.35
2026-01-28 16:24:51,6.35
2026-01-28 16:24:52,6.35
2026-01-28 16:24:53,6.35
2026-01-28 16:24:54,7.87
2026-01-28 16:24:55,7.87
2026-01-28 16:24:56,7.87
2026-01-28 16:24:57,7.87
2026-01-28 16:24:58,7.87
2026-01-28 16:24:59,8.41
2026-01-28 16:25:00,8.41
2026-01-28 16:25:01,8.41
2026-01-28 16:25:02,8.41
2026-01-28 16:25:03,8.41
2026-01-28 16:25:04,7.74
2026-01-28 16:25:05,7.74
2026-01-28 16:25:06,7.74
2026-01-28 16:25:07,7.74
2026-01-28 16:25:08,7.74
2026-01-28 16:25:09,8.05
2026-01-28 16:25:10,8.05
2026-01-28 16:25:11,8.05
2026-01-28 16:25:12,8.05
2026-01-28 16:25:13,8.05
2026-01-28 16:25:14,8.58
2026-01-28 16:25:15,8.58
2026-01-28 16:25:16,8.58
2026-01-28 16:25:17,8.58
2026-01-28 16:25:18,8.58
2026-01-28 16:25:19,10.1
2026-01-28 16:25:20,10.1
2026-01-28 16:25:21,10.1
2026-01-28 16:25:22,10.1
2026-01-28 16:25:23,10.1
2026-01-28 16:25:24,8.70
2026-01-28 16:25:25,8.70
2026-01-28 16:25:26,8.70
2026-01-28 16:25:27,8.70
2026-01-28 16:25:28,8.70
2026-01-28 16:25:29,8.99
2026-01-28 16:25:30,8.99
2026-01-28 16:25:31,8.99
2026-01-28 16:25:32,8.99
2026-01-28 16:25:33,8.99
2026-01-28 16:25:34,8.43
2026-01-28 16:25:35,8.43
2026-01-28 16:25:36,8.43
2026-01-28 16:25:37,8.43
2026-01-28 16:25:38,8.43
2026-01-28 16:25:39,8.98
2026-01-28 16:25:40,8.98
2026-01-28 16:25:41,8.98
2026-01-28 16:25:42,8.98
2026-01-28 16:25:43,8.98
2026-01-28 16:25:44,8.47
2026-01-28 16:25:45,8.47
2026-01-28 16:25:46,8.47
2026-01-28 16:25:47,8.47
2026-01-28 16:25:48,8.47
2026-01-28 16:25:49,8.90
2026-01-28 16:25:50,8.90
2026-01-28 16:25:51,8.90
2026-01-28 16:25:52,8.90
2026-01-28 16:25:53,8.90
2026-01-28 16:25:54,9.85
2026-01-28 16:25:55,9.85
2026-01-28 16:25:56,9.85
2026-01-28 16:25:57,9.85
2026-01-28 16:25:58,9.85
2026-01-28 16:25:59,8.25
2026-01-28 16:26:00,8.25
2026-01-28 16:26:01,8.25
2026-01-28 16:26:02,8.25
2026-01-28 16:26:03,8.25
2026-01-28 16:26:04,7.70
2026-01-28 16:26:05,7.70
2026-01-28 16:26:06,7.70
2026-01-28 16:26:07,7.70
2026-01-28 16:26:08,7.70
2026-01-28 16:26:09,8.44
2026-01-28 16:26:10,8.44
2026-01-28 16:26:11,8.44
2026-01-28 16:26:12,8.44
2026-01-28 16:26:13,8.44
2026-01-28 16:26:14,7.68
2026-01-28 16:26:15,7.68
2026-01-28 16:26:16,7.68
2026-01-28 16:26:17,7.68
2026-01-28 16:26:18,7.68
2026-01-28 16:26:19,0
2026-01-28 16:26:20,0
2026-01-28 16:26:21,0
2026-01-28 16:26:22,0
2026-01-28 16:26:23,0
2026-01-28 16:26:24,0
2026-01-28 16:26:25,0
2026-01-28 16:26:26,0
2026-01-28 16:26:27,0
2026-01-28 16:26:28,0
2026-01-28 16:26:29,0
2026-01-28 16:26:30,0
2026-01-28 16:26:31,0
2026-01-28 16:26:32,0
2026-01-28 16:26:33,0
2026-01-28 16:26:34,0
2026-01-28 16:26:35,0
2026-01-28 16:26:36,0
2026-01-28 16:26:37,0
2026-01-28 16:26:38,0
2026-01-28 16:26:39,0
2026-01-28 16:26:40,0
2026-01-28 16:26:41,0
2026-01-28 16:26:42,0
2026-01-28 16:26:43,0
2026-01-28 16:26:44,0
2026-01-28 16:26:45,0
2026-01-28 16:26:46,0
2026-01-28 16:26:47,0
2026-01-28 16:26:48,0
2026-01-28 16:26:49,0
2026-01-28 16:26:50,0
2026-01-28 16:26:51,0
2026-01-28 16:26:52,0
2026-01-28 16:26:53,0
2026-01-28 16:26:54,0
2026-01-28 16:26:55,0
2026-01-28 16:26:56,0
2026-01-28 16:26:57,0
2026-01-28 16:26:58,0
2026-01-28 16:26:59,0
2026-01-28 16:27:00,0
2026-01-28 16:27:01,0
2026-01-28 16:27:02,0
2026-01-28 16:27:03,0
2026-01-28 16:27:04,0
2026-01-28 16:27:05,0
2026-01-28 16:27:06,0
2026-01-28 16:27:07,0
2026-01-28 16:27:08,0
2026-01-28 16:27:09,0
2026-01-28 16:27:10,0
2026-01-28 16:27:11,0
2026-01-28 16:27:12,0
2026-01-28 16:27:13,0
2026-01-28 16:27:14,0
2026-01-28 16:27:15,0
2026-01-28 16:27:16,0
2026-01-28 16:27:17,0
2026-01-28 16:27:18,0
2026-01-28 16:27:19,0
2026-01-28 16:27:20,0
2026-01-28 16:27:21,0
2026-01-28 16:27:22,0
2026-01-28 16:27:23,0
2026-01-28 16:27:24,0
2026-01-28 16:27:25,0
2026-01-28 16:27:26,0
2026-01-28 16:27:27,0
2026-01-28 16:27:28,0
2026-01-28 16:27:29,0
2026-01-28 16:27:30,0
2026-01-28 16:27:31,0
2026-01-28 16:27:32,0
2026-01-28 16:27:33,0
2026-01-28 16:27:34,0
2026-01-28 16:27:35,0
2026-01-28 16:27:36,0
2026-01-28 16:27:37,0
2026-01-28 16:27:38,0
2026-01-28 16:27:39,0
2026-01-28 16:27:40,0
2026-01-28 16:27:41,0
2026-01-28 16:27:42,0
2026-01-28 16:27:43,0
2026-01-28 16:27:44,0
2026-01-28 16:27:45,0
2026-01-28 16:27:46,0
2026-01-28 16:27:47,0
2026-01-28 16:27:48,0
2026-01-28 16:27:49,0
2026-01-28 16:27:50,0
2026-01-28 16:27:51,0
2026-01-28 16:27:52,0
2026-01-28 16:27:53,0
2026-01-28 16:32:54,3.30
2026-01-28 16:32:55,3.30
2026-01-28 16:32:56,3.30
2026-01-28 16:32:57,3.30
2026-01-28 16:32:58,3.30
2026-01-28 16:32:59,9.34
2026-01-28 16:33:00,9.34
2026-01-28 16:33:01,9.34
2026-01-28 16:33:02,9.34
2026-01-28 16:33:03,9.34
2026-01-28 16:33:04,7.90
2026-01-28 16:33:05,7.90
2026-01-28 16:33:06,7.90
2026-01-28 16:33:07,7.90
2026-01-28 16:33:08,7.90
2026-01-28 16:33:09,9.95
2026-01-28 16:33:10,9.95
2026-01-28 16:33:11,9.95
2026-01-28 16:33:12,9.95
2026-01-28 16:33:13,9.95
2026-01-28 16:33:14,8.57
2026-01-28 16:33:15,8.57
2026-01-28 16:33:16,8.57
2026-01-28 16:33:17,8.57
2026-01-28 16:33:18,8.57
2026-01-28 16:33:19,10.3
2026-01-28 16:33:20,10.3
2026-01-28 16:33:21,10.3
2026-01-28 16:33:22,10.3
2026-01-28 16:33:23,10.3
2026-01-28 16:33:24,8.19
2026-01-28 16:33:25,8.19
2026-01-28 16:33:26,8.19
2026-01-28 16:33:27,8.19
2026-01-28 16:33:28,8.19
2026-01-28 16:33:29,10.0
2026-01-28 16:33:30,10.0
2026-01-28 16:33:31,10.0
2026-01-28 16:33:32,10.0
2026-01-28 16:33:33,10.0
2026-01-28 16:33:34,8.05
2026-01-28 16:33:35,8.05
2026-01-28 16:33:36,8.05
2026-01-28 16:33:37,8.05
2026-01-28 16:33:38,8.05
2026-01-28 16:33:39,9.40
2026-01-28 16:33:40,9.40
2026-01-28 16:33:41,9.40
2026-01-28 16:33:42,9.40
2026-01-28 16:33:43,9.40
2026-01-28 16:33:44,7.76
2026-01-28 16:33:45,7.76
2026-01-28 16:33:46,7.76
2026-01-28 16:33:47,7.76
2026-01-28 16:33:48,7.76
2026-01-28 16:33:49,9.52
2026-01-28 16:33:50,9.52
2026-01-28 16:33:51,9.52
2026-01-28 16:33:52,9.52
2026-01-28 16:33:53,9.52
2026-01-28 16:33:54,7.77
2026-01-28 16:33:55,7.77
2026-01-28 16:33:56,7.77
2026-01-28 16:33:57,7.77
2026-01-28 16:33:58,7.77
2026-01-28 16:33:59,9.82
2026-01-28 16:34:00,9.82
2026-01-28 16:34:01,9.82
2026-01-28 16:34:02,9.82
2026-01-28 16:34:03,9.82
2026-01-28 16:34:04,7.79
2026-01-28 16:34:05,7.79
2026-01-28 16:34:06,7.79
2026-01-28 16:34:07,7.79
2026-01-28 16:34:08,7.79
2026-01-28 16:34:09,9.76
2026-01-28 16:34:10,9.76
2026-01-28 16:34:11,9.76
2026-01-28 16:34:12,9.76
2026-01-28 16:34:13,9.76
2026-01-28 16:34:14,7.67
2026-01-28 16:34:15,7.67
2026-01-28 16:34:16,7.67
2026-01-28 16:34:17,7.67
2026-01-28 16:34:18,7.67
2026-01-28 16:34:19,12.1
2026-01-28 16:34:20,12.1
2026-01-28 16:34:21,12.1
2026-01-28 16:34:22,12.1
2026-01-28 16:34:23,12.1
2026-01-28 16:34:24,0
2026-01-28 16:34:25,0
2026-01-28 16:34:26,0
2026-01-28 16:34:27,0
2026-01-28 16:34:28,0
2026-01-28 16:34:29,0
2026-01-28 16:34:30,0
2026-01-28 16:34:31,0
2026-01-28 16:34:32,0
2026-01-28 16:34:33,0
2026-01-28 16:34:34,0
2026-01-28 16:34:35,0
2026-01-28 16:34:36,0
2026-01-28 16:34:37,0
2026-01-28 16:34:38,0
2026-01-28 16:34:39,0
2026-01-28 16:34:40,0
2026-01-28 16:34:41,0
2026-01-28 16:34:42,0
2026-01-28 16:34:43,0
2026-01-28 16:34:44,0
2026-01-28 16:34:45,0
2026-01-28 16:34:46,0
2026-01-28 16:34:47,0
2026-01-28 16:34:48,0
2026-01-28 16:34:49,0
2026-01-28 16:34:50,0
2026-01-28 16:34:51,0
2026-01-28 16:34:52,0
2026-01-28 16:34:53,0
2026-01-28 16:34:54,0
2026-01-28 16:34:55,0
2026-01-28 16:34:56,0
2026-01-28 16:34:57,0
2026-01-28 16:34:58,0
2026-01-28 16:34:59,0
2026-01-28 16:35:00,0
2026-01-28 16:35:01,0
2026-01-28 16:35:02,0
2026-01-28 16:35:03,0
2026-01-28 16:35:04,0
2026-01-28 16:35:05,0
2026-01-28 16:35:06,0
2026-01-28 16:35:07,0
2026-01-28 16:35:08,0
2026-01-28 16:35:09,0
2026-01-28 16:35:10,0
2026-01-28 16:35:11,0
2026-01-28 16:35:12,0
2026-01-28 16:35:13,0
2026-01-28 16:35:14,0
2026-01-28 16:35:15,0
2026-01-28 16:35:16,0
2026-01-28 16:35:17,0
2026-01-28 16:35:18,0
2026-01-28 16:35:19,0
2026-01-28 16:35:20,0
2026-01-28 16:35:21,0
2026-01-28 16:35:22,0
2026-01-28 16:35:23,0
2026-01-28 16:35:24,0
2026-01-28 16:35:25,0
2026-01-28 16:35:26,0
2026-01-28 16:35:27,0
2026-01-28 16:35:28,0
2026-01-28 16:35:29,0
2026-01-28 16:35:30,0
2026-01-28 16:35:31,0
2026-01-28 16:35:32,0
2026-01-28 16:35:33,0
2026-01-28 16:35:34,0
2026-01-28 16:35:35,0
2026-01-28 16:35:36,0
2026-01-28 16:35:37,0
2026-01-28 16:35:38,0
2026-01-28 16:35:39,0
2026-01-28 16:35:40,0
2026-01-28 16:35:41,0
2026-01-28 16:35:42,0
2026-01-28 16:35:43,0
2026-01-28 16:35:44,0
2026-01-28 16:35:45,0
2026-01-28 16:35:46,0
2026-01-28 16:35:47,0
2026-01-28 16:35:48,0
2026-01-28 16:35:49,0
2026-01-28 16:35:50,0
2026-01-28 16:35:51,0
2026-01-28 16:35:52,0
2026-01-28 16:35:53,0
2026-01-28 16:35:54,0
2026-01-28 16:35:55,0
2026-01-28 16:35:56,0
2026-01-28 16:35:57,0
2026-01-28 16:35:58,0
2026-01-28 16:41:04,7.05
2026-01-28 16:41:05,7.05
2026-01-28 16:41:06,7.05
2026-01-28 16:41:07,7.05
2026-01-28 16:41:08,7.05
2026-01-28 16:41:09,10.8
2026-01-28 16:41:10,10.8
2026-01-28 16:41:11,10.8
2026-01-28 16:41:12,10.8
2026-01-28 16:41:13,10.8
2026-01-28 16:41:14,8.34
2026-01-28 16:41:15,8.34
2026-01-28 16:41:16,8.34
2026-01-28 16:41:17,8.34
2026-01-28 16:41:18,8.34
2026-01-28 16:41:19,10.1
2026-01-28 16:41:20,10.1
2026-01-28 16:41:21,10.1
2026-01-28 16:41:22,10.1
2026-01-28 16:41:23,10.1
2026-01-28 16:41:24,8.69
2026-01-28 16:41:25,8.69
2026-01-28 16:41:26,8.69
2026-01-28 16:41:27,8.69
2026-01-28 16:41:28,8.69
2026-01-28 16:41:29,11.6
2026-01-28 16:41:30,11.6
2026-01-28 16:41:31,11.6
2026-01-28 16:41:32,11.6
2026-01-28 16:41:33,11.6
2026-01-28 16:41:34,7.60
2026-01-28 16:41:35,7.60
2026-01-28 16:41:36,7.60
2026-01-28 16:41:37,7.60
2026-01-28 16:41:38,7.60
2026-01-28 16:41:39,9.57
2026-01-28 16:41:40,9.57
2026-01-28 16:41:41,9.57
2026-01-28 16:41:42,9.57
2026-01-28 16:41:43,9.57
2026-01-28 16:41:44,7.69
2026-01-28 16:41:45,7.69
2026-01-28 16:41:46,7.69
2026-01-28 16:41:47,7.69
2026-01-28 16:41:48,7.69
2026-01-28 16:41:49,9.73
2026-01-28 16:41:50,9.73
2026-01-28 16:41:51,9.73
2026-01-28 16:41:52,9.73
2026-01-28 16:41:53,9.73
2026-01-28 16:41:54,8.14
2026-01-28 16:41:55,8.14
2026-01-28 16:41:56,8.14
2026-01-28 16:41:57,8.14
2026-01-28 16:41:58,8.14
2026-01-28 16:41:59,9.46
2026-01-28 16:42:00,9.46
2026-01-28 16:42:01,9.46
2026-01-28 16:42:02,9.46
2026-01-28 16:42:03,9.46
2026-01-28 16:42:04,7.69
2026-01-28 16:42:05,7.69
2026-01-28 16:42:06,7.69
2026-01-28 16:42:07,7.69
2026-01-28 16:42:08,7.69
2026-01-28 16:42:09,9.78
2026-01-28 16:42:10,9.78
2026-01-28 16:42:11,9.78
2026-01-28 16:42:12,9.78
2026-01-28 16:42:13,9.78
2026-01-28 16:42:14,7.66
2026-01-28 16:42:15,7.66
2026-01-28 16:42:16,7.66
2026-01-28 16:42:17,7.66
2026-01-28 16:42:18,7.66
2026-01-28 16:42:19,9.53
2026-01-28 16:42:20,9.53
2026-01-28 16:42:21,9.53
2026-01-28 16:42:22,9.53
2026-01-28 16:42:23,9.53
2026-01-28 16:42:24,7.72
2026-01-28 16:42:25,7.72
2026-01-28 16:42:26,7.72
2026-01-28 16:42:27,7.72
2026-01-28 16:42:28,7.72
2026-01-28 16:42:29,9.58
2026-01-28 16:42:30,9.58
2026-01-28 16:42:31,9.58
2026-01-28 16:42:32,9.58
2026-01-28 16:42:33,9.58
2026-01-28 16:42:34,0
2026-01-28 16:42:35,0
2026-01-28 16:42:36,0
2026-01-28 16:42:37,0
2026-01-28 16:42:38,0
2026-01-28 16:42:39,0
2026-01-28 16:42:40,0
2026-01-28 16:42:41,0
2026-01-28 16:42:42,0
2026-01-28 16:42:43,0
2026-01-28 16:42:44,0
2026-01-28 16:42:45,0
2026-01-28 16:42:46,0
2026-01-28 16:42:47,0
2026-01-28 16:42:48,0
2026-01-28 16:42:49,0
2026-01-28 16:42:50,0
2026-01-28 16:42:51,0
2026-01-28 16:42:52,0
2026-01-28 16:42:53,0
2026-01-28 16:42:54,0
2026-01-28 16:42:55,0
2026-01-28 16:42:56,0
2026-01-28 16:42:57,0
2026-01-28 16:42:58,0
2026-01-28 16:42:59,0
2026-01-28 16:43:00,0
2026-01-28 16:43:01,0
2026-01-28 16:43:02,0
2026-01-28 16:43:03,0
2026-01-28 16:43:04,0
2026-01-28 16:43:05,0
2026-01-28 16:43:06,0
2026-01-28 16:43:07,0
2026-01-28 16:43:08,0
2026-01-28 16:43:09,0
2026-01-28 16:43:10,0
2026-01-28 16:43:11,0
2026-01-28 16:43:12,0
2026-01-28 16:43:13,0
2026-01-28 16:43:14,0
2026-01-28 16:43:15,0
2026-01-28 16:43:16,0
2026-01-28 16:43:17,0
2026-01-28 16:43:18,0
2026-01-28 16:43:19,0
2026-01-28 16:43:20,0
2026-01-28 16:43:21,0
2026-01-28 16:43:22,0
2026-01-28 16:43:23,0
2026-01-28 16:43:24,0
2026-01-28 16:43:25,0
2026-01-28 16:43:26,0
2026-01-28 16:43:27,0
2026-01-28 16:43:28,0
2026-01-28 16:43:29,0
2026-01-28 16:43:30,0
2026-01-28 16:43:31,0
2026-01-28 16:43:32,0
2026-01-28 16:43:33,0
2026-01-28 16:43:34,0
2026-01-28 16:43:35,0
2026-01-28 16:43:36,0
2026-01-28 16:43:37,0
2026-01-28 16:43:38,0
2026-01-28 16:43:39,0
2026-01-28 16:43:40,0
2026-01-28 16:43:41,0
2026-01-28 16:43:42,0
2026-01-28 16:43:43,0
2026-01-28 16:43:44,0
2026-01-28 16:43:45,0
2026-01-28 16:43:46,0
2026-01-28 16:43:47,0
2026-01-28 16:43:48,0
2026-01-28 16:43:49,0
2026-01-28 16:43:50,0
2026-01-28 16:43:51,0
2026-01-28 16:43:52,0
2026-01-28 16:43:53,0
2026-01-28 16:43:54,0
2026-01-28 16:43:55,0
2026-01-28 16:43:56,0
2026-01-28 16:43:57,0
2026-01-28 16:43:58,0
2026-01-28 16:43:59,0
2026-01-28 16:44:00,0
2026-01-28 16:44:01,0
2026-01-28 16:44:02,0
2026-01-28 16:44:03,0
2026-01-28 16:44:04,0
2026-01-28 16:44:05,0
2026-01-28 16:44:06,0
2026-01-28 16:44:07,0
2026-01-28 16:44:08,0
2026-01-28 16:49:14,6.52
2026-01-28 16:49:15,6.52
2026-01-28 16:49:16,6.52
2026-01-28 16:49:17,6.52
2026-01-28 16:49:18,6.52
2026-01-28 16:49:19,9.90
2026-01-28 16:49:20,9.90
2026-01-28 16:49:21,9.90
2026-01-28 16:49:22,9.90
2026-01-28 16:49:23,9.90
2026-01-28 16:49:24,7.18
2026-01-28 16:49:25,7.18
2026-01-28 16:49:26,7.18
2026-01-28 16:49:27,7.18
2026-01-28 16:49:28,7.18
2026-01-28 16:49:29,9.11
2026-01-28 16:49:30,9.11
2026-01-28 16:49:31,9.11
2026-01-28 16:49:32,9.11
2026-01-28 16:49:33,9.11
2026-01-28 16:49:34,6.73
2026-01-28 16:49:35,6.73
2026-01-28 16:49:36,6.73
2026-01-28 16:49:37,6.73
2026-01-28 16:49:38,6.73
2026-01-28 16:49:39,9.76
2026-01-28 16:49:40,9.76
2026-01-28 16:49:41,9.76
2026-01-28 16:49:42,9.76
2026-01-28 16:49:43,9.76
2026-01-28 16:49:44,7.93
2026-01-28 16:49:45,7.93
2026-01-28 16:49:46,7.93
2026-01-28 16:49:47,7.93
2026-01-28 16:49:48,7.93
2026-01-28 16:49:49,9.52
2026-01-28 16:49:50,9.52
2026-01-28 16:49:51,9.52
2026-01-28 16:49:52,9.52
2026-01-28 16:49:53,9.52
2026-01-28 16:49:54,7.89
2026-01-28 16:49:55,7.89
2026-01-28 16:49:56,7.89
2026-01-28 16:49:57,7.89
2026-01-28 16:49:58,7.89
2026-01-28 16:49:59,9.59
2026-01-28 16:50:00,9.59
2026-01-28 16:50:01,9.59
2026-01-28 16:50:02,9.59
2026-01-28 16:50:03,9.59
2026-01-28 16:50:04,7.67
2026-01-28 16:50:05,7.67
2026-01-28 16:50:06,7.67
2026-01-28 16:50:07,7.67
2026-01-28 16:50:08,7.67
2026-01-28 16:50:09,9.66
2026-01-28 16:50:10,9.66
2026-01-28 16:50:11,9.66
2026-01-28 16:50:12,9.66
2026-01-28 16:50:13,9.66
2026-01-28 16:50:14,7.89
2026-01-28 16:50:15,7.89
2026-01-28 16:50:16,7.89
2026-01-28 16:50:17,7.89
2026-01-28 16:50:18,7.89
2026-01-28 16:50:19,9.73
2026-01-28 16:50:20,9.73
2026-01-28 16:50:21,9.73
2026-01-28 16:50:22,9.73
2026-01-28 16:50:23,9.73
2026-01-28 16:50:24,7.65
2026-01-28 16:50:25,7.65
2026-01-28 16:50:26,7.65
2026-01-28 16:50:27,7.65
2026-01-28 16:50:28,7.65
2026-01-28 16:50:29,9.86
2026-01-28 16:50:30,9.86
2026-01-28 16:50:31,9.86
2026-01-28 16:50:32,9.86
2026-01-28 16:50:33,9.86
2026-01-28 16:50:34,7.65
2026-01-28 16:50:35,7.65
2026-01-28 16:50:36,7.65
2026-01-28 16:50:37,7.65
2026-01-28 16:50:38,7.65
2026-01-28 16:50:39,9.98
2026-01-28 16:50:40,9.98
2026-01-28 16:50:41,9.98
2026-01-28 16:50:42,9.98
2026-01-28 16:50:43,9.98
2026-01-28 16:50:44,0
2026-01-28 16:50:45,0
2026-01-28 16:50:46,0
2026-01-28 16:50:47,0
2026-01-28 16:50:48,0
2026-01-28 16:50:49,0
2026-01-28 16:50:50,0
2026-01-28 16:50:51,0
2026-01-28 16:50:52,0
2026-01-28 16:50:53,0
2026-01-28 16:50:54,0
2026-01-28 16:50:55,0
2026-01-28 16:50:56,0
2026-01-28 16:50:57,0
2026-01-28 16:50:58,0
2026-01-28 16:50:59,0
2026-01-28 16:51:00,0
2026-01-28 16:51:01,0
2026-01-28 16:51:02,0
2026-01-28 16:51:03,0
2026-01-28 16:51:04,0
2026-01-28 16:51:05,0
2026-01-28 16:51:06,0
2026-01-28 16:51:07,0
2026-01-28 16:51:08,0
2026-01-28 16:51:09,0
2026-01-28 16:51:10,0
2026-01-28 16:51:11,0
2026-01-28 16:51:12,0
2026-01-28 16:51:13,0
2026-01-28 16:51:14,0
2026-01-28 16:51:15,0
2026-01-28 16:51:16,0
2026-01-28 16:51:17,0
2026-01-28 16:51:18,0
2026-01-28 16:51:19,0
2026-01-28 16:51:20,0
2026-01-28 16:51:21,0
2026-01-28 16:51:22,0
2026-01-28 16:51:23,0
2026-01-28 16:51:24,0
2026-01-28 16:51:25,0
2026-01-28 16:51:26,0
2026-01-28 16:51:27,0
2026-01-28 16:51:28,0
2026-01-28 16:51:29,0
2026-01-28 16:51:30,0
2026-01-28 16:51:31,0
2026-01-28 16:51:32,0
2026-01-28 16:51:33,0
2026-01-28 16:51:34,0
2026-01-28 16:51:35,0
2026-01-28 16:51:36,0
2026-01-28 16:51:37,0
2026-01-28 16:51:38,0
2026-01-28 16:51:39,0
2026-01-28 16:51:40,0
2026-01-28 16:51:41,0
2026-01-28 16:51:42,0
2026-01-28 16:51:43,0
2026-01-28 16:51:44,0
2026-01-28 16:51:45,0
2026-01-28 16:51:46,0
2026-01-28 16:51:47,0
2026-01-28 16:51:48,0
2026-01-28 16:51:49,0
2026-01-28 16:51:50,0
2026-01-28 16:51:51,0
2026-01-28 16:51:52,0
2026-01-28 16:51:53,0
2026-01-28 16:51:54,0
2026-01-28 16:51:55,0
2026-01-28 16:51:56,0
2026-01-28 16:51:57,0
2026-01-28 16:51:58,0
2026-01-28 16:51:59,0
2026-01-28 16:52:00,0
2026-01-28 16:52:01,0
2026-01-28 16:52:02,0
2026-01-28 16:52:03,0
2026-01-28 16:52:04,0
2026-01-28 16:52:05,0
2026-01-28 16:52:06,0
2026-01-28 16:52:07,0
2026-01-28 16:52:08,0
2026-01-28 16:52:09,0
2026-01-28 16:52:10,0
2026-01-28 16:52:11,0
2026-01-28 16:52:12,0
2026-01-28 16:52:13,0
2026-01-28 16:52:14,0
2026-01-28 16:52:15,0
2026-01-28 16:52:16,0
2026-01-28 16:52:17,0
2026-01-28 16:52:18,0
2026-01-28 16:57:24,5.66
2026-01-28 16:57:25,5.66
2026-01-28 16:57:26,5.66
2026-01-28 16:57:27,5.66
2026-01-28 16:57:28,5.66
2026-01-28 16:57:29,8.85
2026-01-28 16:57:30,8.85
2026-01-28 16:57:31,8.85
2026-01-28 16:57:32,8.85
2026-01-28 16:57:33,8.85
2026-01-28 16:57:34,7.67
2026-01-28 16:57:35,7.67
2026-01-28 16:57:36,7.67
2026-01-28 16:57:37,7.67
2026-01-28 16:57:38,7.67
2026-01-28 16:57:39,9.34
2026-01-28 16:57:40,9.34
2026-01-28 16:57:41,9.34
2026-01-28 16:57:42,9.34
2026-01-28 16:57:43,9.34
2026-01-28 16:57:44,7.82
2026-01-28 16:57:45,7.82
2026-01-28 16:57:46,7.82
2026-01-28 16:57:47,7.82
2026-01-28 16:57:48,7.82
2026-01-28 16:57:49,9.49
2026-01-28 16:57:50,9.49
2026-01-28 16:57:51,9.49
2026-01-28 16:57:52,9.49
2026-01-28 16:57:53,9.49
2026-01-28 16:57:54,7.74
2026-01-28 16:57:55,7.74
2026-01-28 16:57:56,7.74
2026-01-28 16:57:57,7.74
2026-01-28 16:57:58,7.74
2026-01-28 16:57:59,9.75
2026-01-28 16:58:00,9.75
2026-01-28 16:58:01,9.75
2026-01-28 16:58:02,9.75
2026-01-28 16:58:03,9.75
2026-01-28 16:58:04,8.56
2026-01-28 16:58:05,8.56
2026-01-28 16:58:06,8.56
2026-01-28 16:58:07,8.56
2026-01-28 16:58:08,8.56
2026-01-28 16:58:09,10.1
2026-01-28 16:58:10,10.1
2026-01-28 16:58:11,10.1
2026-01-28 16:58:12,10.1
2026-01-28 16:58:13,10.1
2026-01-28 16:58:14,8.55
2026-01-28 16:58:15,8.55
2026-01-28 16:58:16,8.55
2026-01-28 16:58:17,8.55
2026-01-28 16:58:18,8.55
2026-01-28 16:58:19,10.4
2026-01-28 16:58:20,10.4
2026-01-28 16:58:21,10.4
2026-01-28 16:58:22,10.4
2026-01-28 16:58:23,10.4
2026-01-28 16:58:24,8.36
2026-01-28 16:58:25,8.36
2026-01-28 16:58:26,8.36
2026-01-28 16:58:27,8.36
2026-01-28 16:58:28,8.36
2026-01-28 16:58:29,10.5
2026-01-28 16:58:30,10.5
2026-01-28 16:58:31,10.5
2026-01-28 16:58:32,10.5
2026-01-28 16:58:33,10.5
2026-01-28 16:58:34,8.84
2026-01-28 16:58:35,8.84
2026-01-28 16:58:36,8.84
2026-01-28 16:58:37,8.84
2026-01-28 16:58:38,8.84
2026-01-28 16:58:39,10.6
2026-01-28 16:58:40,10.6
2026-01-28 16:58:41,10.6
2026-01-28 16:58:42,10.6
2026-01-28 16:58:43,10.6
2026-01-28 16:58:44,8.70
2026-01-28 16:58:45,8.70
2026-01-28 16:58:46,8.70
2026-01-28 16:58:47,8.70
2026-01-28 16:58:48,8.70
2026-01-28 16:58:49,10.6
2026-01-28 16:58:50,10.6
2026-01-28 16:58:51,10.6
2026-01-28 16:58:52,10.6
2026-01-28 16:58:53,10.6
2026-01-28 16:58:54,0
2026-01-28 16:58:55,0
2026-01-28 16:58:56,0
2026-01-28 16:58:57,0
2026-01-28 16:58:58,0
2026-01-28 16:58:59,0
2026-01-28 16:59:00,0
2026-01-28 16:59:01,0
2026-01-28 16:59:02,0
2026-01-28 16:59:03,0
2026-01-28 16:59:04,0
2026-01-28 16:59:05,0
2026-01-28 16:59:06,0
2026-01-28 16:59:07,0
2026-01-28 16:59:08,0
2026-01-28 16:59:09,0
2026-01-28 16:59:10,0
2026-01-28 16:59:11,0
2026-01-28 16:59:12,0
2026-01-28 16:59:13,0
2026-01-28 16:59:14,0
2026-01-28 16:59:15,0
2026-01-28 16:59:16,0
2026-01-28 16:59:17,0
2026-01-28 16:59:18,0
2026-01-28 16:59:19,0
2026-01-28 16:59:20,0
2026-01-28 16:59:21,0
2026-01-28 16:59:22,0
2026-01-28 16:59:23,0
2026-01-28 16:59:24,0
2026-01-28 16:59:25,0
2026-01-28 16:59:26,0
2026-01-28 16:59:27,0
2026-01-28 16:59:28,0
2026-01-28 16:59:29,0
2026-01-28 16:59:30,0
2026-01-28 16:59:31,0
2026-01-28 16:59:32,0
2026-01-28 16:59:33,0
2026-01-28 16:59:34,0
2026-01-28 16:59:35,0
2026-01-28 16:59:36,0
2026-01-28 16:59:37,0
2026-01-28 16:59:38,0
2026-01-28 16:59:39,0
2026-01-28 16:59:40,0
2026-01-28 16:59:41,0
2026-01-28 16:59:42,0
2026-01-28 16:59:43,0
2026-01-28 16:59:44,0
2026-01-28 16:59:45,0
2026-01-28 16:59:46,0
2026-01-28 16:59:47,0
2026-01-28 16:59:48,0
2026-01-28 16:59:49,0
2026-01-28 16:59:50,0
2026-01-28 16:59:51,0
2026-01-28 16:59:52,0
2026-01-28 16:59:53,0
2026-01-28 16:59:54,0
2026-01-28 16:59:55,0
2026-01-28 16:59:56,0
2026-01-28 16:59:57,0
2026-01-28 16:59:58,0
2026-01-28 16:59:59,0
2026-01-28 17:00:00,0
2026-01-28 17:00:01,0
2026-01-28 17:00:02,0
2026-01-28 17:00:03,0
2026-01-28 17:00:04,0
2026-01-28 17:00:05,0
2026-01-28 17:00:06,0
2026-01-28 17:00:07,0
2026-01-28 17:00:08,0
2026-01-28 17:00:09,0
2026-01-28 17:00:10,0
2026-01-28 17:00:11,0
2026-01-28 17:00:12,0
2026-01-28 17:00:13,0
2026-01-28 17:00:14,0
2026-01-28 17:00:15,0
2026-01-28 17:00:16,0
2026-01-28 17:00:17,0
2026-01-28 17:00:18,0
2026-01-28 17:00:19,0
2026-01-28 17:00:20,0
2026-01-28 17:00:21,0
2026-01-28 17:00:22,0
2026-01-28 17:00:23,0
2026-01-28 17:00:24,0
2026-01-28 17:00:25,0
2026-01-28 17:00:26,0
2026-01-28 17:00:27,0
2026-01-28 17:00:28,0
2026-01-28 17:05:29,9.64
2026-01-28 17:05:30,9.64
2026-01-28 17:05:31,9.64
2026-01-28 17:05:32,9.64
2026-01-28 17:05:33,9.64
2026-01-28 17:05:34,7.73
2026-01-28 17:05:35,7.73
2026-01-28 17:05:36,7.73
2026-01-28 17:05:37,7.73
2026-01-28 17:05:38,7.73
2026-01-28 17:05:39,9.54
2026-01-28 17:05:40,9.54
2026-01-28 17:05:41,9.54
2026-01-28 17:05:42,9.54
2026-01-28 17:05:43,9.54
2026-01-28 17:05:44,7.78
2026-01-28 17:05:45,7.78
2026-01-28 17:05:46,7.78
2026-01-28 17:05:47,7.78
2026-01-28 17:05:48,7.78
2026-01-28 17:05:49,9.23
2026-01-28 17:05:50,9.23
2026-01-28 17:05:51,9.23
2026-01-28 17:05:52,9.23
2026-01-28 17:05:53,9.23
2026-01-28 17:05:54,7.39
2026-01-28 17:05:55,7.39
2026-01-28 17:05:56,7.39
2026-01-28 17:05:57,7.39
2026-01-28 17:05:58,7.39
2026-01-28 17:05:59,9.92
2026-01-28 17:06:00,9.92
2026-01-28 17:06:01,9.92
2026-01-28 17:06:02,9.92
2026-01-28 17:06:03,9.92
2026-01-28 17:06:04,7.76
2026-01-28 17:06:05,7.76
2026-01-28 17:06:06,7.76
2026-01-28 17:06:07,7.76
2026-01-28 17:06:08,7.76
2026-01-28 17:06:09,9.28
2026-01-28 17:06:10,9.28
2026-01-28 17:06:11,9.28
2026-01-28 17:06:12,9.28
2026-01-28 17:06:13,9.28
2026-01-28 17:06:14,7.51
2026-01-28 17:06:15,7.51
2026-01-28 17:06:16,7.51
2026-01-28 17:06:17,7.51
2026-01-28 17:06:18,7.51
2026-01-28 17:06:19,11.2
2026-01-28 17:06:20,11.2
2026-01-28 17:06:21,11.2
2026-01-28 17:06:22,11.2
2026-01-28 17:06:23,11.2
2026-01-28 17:06:24,6.73
2026-01-28 17:06:25,6.73
2026-01-28 17:06:26,6.73
2026-01-28 17:06:27,6.73
2026-01-28 17:06:28,6.73
2026-01-28 17:06:29,10.5
2026-01-28 17:06:30,10.5
2026-01-28 17:06:31,10.5
2026-01-28 17:06:32,10.5
2026-01-28 17:06:33,10.5
2026-01-28 17:06:34,8.97
2026-01-28 17:06:35,8.97
2026-01-28 17:06:36,8.97
2026-01-28 17:06:37,8.97
2026-01-28 17:06:38,8.97
2026-01-28 17:06:39,10.4
2026-01-28 17:06:40,10.4
2026-01-28 17:06:41,10.4
2026-01-28 17:06:42,10.4
2026-01-28 17:06:43,10.4
2026-01-28 17:06:44,8.29
2026-01-28 17:06:45,8.29
2026-01-28 17:06:46,8.29
2026-01-28 17:06:47,8.29
2026-01-28 17:06:48,8.29
2026-01-28 17:06:49,10.5
2026-01-28 17:06:50,10.5
2026-01-28 17:06:51,10.5
2026-01-28 17:06:52,10.5
2026-01-28 17:06:53,10.5
2026-01-28 17:06:54,8.26
2026-01-28 17:06:55,8.26
2026-01-28 17:06:56,8.26
2026-01-28 17:06:57,8.26
2026-01-28 17:06:58,8.26
2026-01-28 17:06:59,0
2026-01-28 17:07:00,0
2026-01-28 17:07:01,0
2026-01-28 17:07:02,0
2026-01-28 17:07:03,0
2026-01-28 17:07:04,0
2026-01-28 17:07:05,0
2026-01-28 17:07:06,0
2026-01-28 17:07:07,0
2026-01-28 17:07:08,0
2026-01-28 17:07:09,0
2026-01-28 17:07:10,0
2026-01-28 17:07:11,0
2026-01-28 17:07:12,0
2026-01-28 17:07:13,0
2026-01-28 17:07:14,0
2026-01-28 17:07:15,0
2026-01-28 17:07:16,0
2026-01-28 17:07:17,0
2026-01-28 17:07:18,0
2026-01-28 17:07:19,0
2026-01-28 17:07:20,0
2026-01-28 17:07:21,0
2026-01-28 17:07:22,0
2026-01-28 17:07:23,0
2026-01-28 17:07:24,0
2026-01-28 17:07:25,0
2026-01-28 17:07:26,0
2026-01-28 17:07:27,0
2026-01-28 17:07:28,0
2026-01-28 17:07:29,0
2026-01-28 17:07:30,0
2026-01-28 17:07:31,0
2026-01-28 17:07:32,0
2026-01-28 17:07:33,0
2026-01-28 17:07:34,0
2026-01-28 17:07:35,0
2026-01-28 17:07:36,0
2026-01-28 17:07:37,0
2026-01-28 17:07:38,0
2026-01-28 17:07:39,0
2026-01-28 17:07:40,0
2026-01-28 17:07:41,0
2026-01-28 17:07:42,0
2026-01-28 17:07:43,0
2026-01-28 17:07:44,0
2026-01-28 17:07:45,0
2026-01-28 17:07:46,0
2026-01-28 17:07:47,0
2026-01-28 17:07:48,0
2026-01-28 17:07:49,0
2026-01-28 17:07:50,0
2026-01-28 17:07:51,0
2026-01-28 17:07:52,0
2026-01-28 17:07:53,0
2026-01-28 17:07:54,0
2026-01-28 17:07:55,0
2026-01-28 17:07:56,0
2026-01-28 17:07:57,0
2026-01-28 17:07:58,0
2026-01-28 17:07:59,0
2026-01-28 17:08:00,0
2026-01-28 17:08:01,0
2026-01-28 17:08:02,0
2026-01-28 17:08:03,0
2026-01-28 17:08:04,0
2026-01-28 17:08:05,0
2026-01-28 17:08:06,0
2026-01-28 17:08:07,0
2026-01-28 17:08:08,0
2026-01-28 17:08:09,0
2026-01-28 17:08:10,0
2026-01-28 17:08:11,0
2026-01-28 17:08:12,0
2026-01-28 17:08:13,0
2026-01-28 17:08:14,0
2026-01-28 17:08:15,0
2026-01-28 17:08:16,0
2026-01-28 17:08:17,0
2026-01-28 17:08:18,0
2026-01-28 17:08:19,0
2026-01-28 17:08:20,0
2026-01-28 17:08:21,0
2026-01-28 17:08:22,0
2026-01-28 17:08:23,0
2026-01-28 17:08:24,0
2026-01-28 17:08:25,0
2026-01-28 17:08:26,0
2026-01-28 17:08:27,0
2026-01-28 17:08:28,0
2026-01-28 17:08:29,0
2026-01-28 17:08:30,0
2026-01-28 17:08:31,0
2026-01-28 17:08:32,0
2026-01-28 17:08:33,0
2026-01-28 17:13:39,8.68
2026-01-28 17:13:40,8.68
2026-01-28 17:13:41,8.68
2026-01-28 17:13:42,8.68
2026-01-28 17:13:43,8.68
2026-01-28 17:13:44,7.39
2026-01-28 17:13:45,7.39
2026-01-28 17:13:46,7.39
2026-01-28 17:13:47,7.39
2026-01-28 17:13:48,7.39
2026-01-28 17:13:49,9.88
2026-01-28 17:13:50,9.88
2026-01-28 17:13:51,9.88
2026-01-28 17:13:52,9.88
2026-01-28 17:13:53,9.88
2026-01-28 17:13:54,7.36
2026-01-28 17:13:55,7.36
2026-01-28 17:13:56,7.36
2026-01-28 17:13:57,7.36
2026-01-28 17:13:58,7.36
2026-01-28 17:13:59,9.31
2026-01-28 17:14:00,9.31
2026-01-28 17:14:01,9.31
2026-01-28 17:14:02,9.31
2026-01-28 17:14:03,9.31
2026-01-28 17:14:04,7.67
2026-01-28 17:14:05,7.67
2026-01-28 17:14:06,7.67
2026-01-28 17:14:07,7.67
2026-01-28 17:14:08,7.67
2026-01-28 17:14:09,9.05
2026-01-28 17:14:10,9.05
2026-01-28 17:14:11,9.05
2026-01-28 17:14:12,9.05
2026-01-28 17:14:13,9.05
2026-01-28 17:14:14,7.34
2026-01-28 17:14:15,7.34
2026-01-28 17:14:16,7.34
2026-01-28 17:14:17,7.34
2026-01-28 17:14:18,7.34
2026-01-28 17:14:19,9.40
2026-01-28 17:14:20,9.40
2026-01-28 17:14:21,9.40
2026-01-28 17:14:22,9.40
2026-01-28 17:14:23,9.40
2026-01-28 17:14:24,8.56
2026-01-28 17:14:25,8.56
2026-01-28 17:14:26,8.56
2026-01-28 17:14:27,8.56
2026-01-28 17:14:28,8.56
2026-01-28 17:14:29,10.4
2026-01-28 17:14:30,10.4
2026-01-28 17:14:31,10.4
2026-01-28 17:14:32,10.4
2026-01-28 17:14:33,10.4
2026-01-28 17:14:34,8.18
2026-01-28 17:14:35,8.18
2026-01-28 17:14:36,8.18
2026-01-28 17:14:37,8.18
2026-01-28 17:14:38,8.18
2026-01-28 17:14:39,10.4
2026-01-28 17:14:40,10.4
2026-01-28 17:14:41,10.4
2026-01-28 17:14:42,10.4
2026-01-28 17:14:43,10.4
2026-01-28 17:14:44,8.61
2026-01-28 17:14:45,8.61
2026-01-28 17:14:46,8.61
2026-01-28 17:14:47,8.61
2026-01-28 17:14:48,8.61
2026-01-28 17:14:49,10.00
2026-01-28 17:14:50,10.00
2026-01-28 17:14:51,10.00
2026-01-28 17:14:52,10.00
2026-01-28 17:14:53,10.00
2026-01-28 17:14:54,7.42
2026-01-28 17:14:55,7.42
2026-01-28 17:14:56,7.42
2026-01-28 17:14:57,7.42
2026-01-28 17:14:58,7.42
2026-01-28 17:14:59,9.99
2026-01-28 17:15:00,9.99
2026-01-28 17:15:01,9.99
2026-01-28 17:15:02,9.99
2026-01-28 17:15:03,9.99
2026-01-28 17:15:04,8.57
2026-01-28 17:15:05,8.57
2026-01-28 17:15:06,8.57
2026-01-28 17:15:07,8.57
2026-01-28 17:15:08,8.57
2026-01-28 17:15:09,0
2026-01-28 17:15:10,0
2026-01-28 17:15:11,0
2026-01-28 17:15:12,0
2026-01-28 17:15:13,0
2026-01-28 17:15:14,0
2026-01-28 17:15:15,0
2026-01-28 17:15:16,0
2026-01-28 17:15:17,0
2026-01-28 17:15:18,0
2026-01-28 17:15:19,0
2026-01-28 17:15:20,0
2026-01-28 17:15:21,0
2026-01-28 17:15:22,0
2026-01-28 17:15:23,0
2026-01-28 17:15:24,0
2026-01-28 17:15:25,0
2026-01-28 17:15:26,0
2026-01-28 17:15:27,0
2026-01-28 17:15:28,0
2026-01-28 17:15:29,0
2026-01-28 17:15:30,0
2026-01-28 17:15:31,0
2026-01-28 17:15:32,0
2026-01-28 17:15:33,0
2026-01-28 17:15:34,0
2026-01-28 17:15:35,0
2026-01-28 17:15:36,0
2026-01-28 17:15:37,0
2026-01-28 17:15:38,0
2026-01-28 17:15:39,0
2026-01-28 17:15:40,0
2026-01-28 17:15:41,0
2026-01-28 17:15:42,0
2026-01-28 17:15:43,0
2026-01-28 17:15:44,0
2026-01-28 17:15:45,0
2026-01-28 17:15:46,0
2026-01-28 17:15:47,0
2026-01-28 17:15:48,0
2026-01-28 17:15:49,0
2026-01-28 17:15:50,0
2026-01-28 17:15:51,0
2026-01-28 17:15:52,0
2026-01-28 17:15:53,0
2026-01-28 17:15:54,0
2026-01-28 17:15:55,0
2026-01-28 17:15:56,0
2026-01-28 17:15:57,0
2026-01-28 17:15:58,0
2026-01-28 17:15:59,0
2026-01-28 17:16:00,0
2026-01-28 17:16:01,0
2026-01-28 17:16:02,0
2026-01-28 17:16:03,0
2026-01-28 17:16:04,0
2026-01-28 17:16:05,0
2026-01-28 17:16:06,0
2026-01-28 17:16:07,0
2026-01-28 17:16:08,0
2026-01-28 17:16:09,0
2026-01-28 17:16:10,0
2026-01-28 17:16:11,0
2026-01-28 17:16:12,0
2026-01-28 17:16:13,0
2026-01-28 17:16:14,0
2026-01-28 17:16:15,0
2026-01-28 17:16:16,0
2026-01-28 17:16:17,0
2026-01-28 17:16:18,0
2026-01-28 17:16:19,0
2026-01-28 17:16:20,0
2026-01-28 17:16:21,0
2026-01-28 17:16:22,0
2026-01-28 17:16:23,0
2026-01-28 17:16:24,0
2026-01-28 17:16:25,0
2026-01-28 17:16:26,0
2026-01-28 17:16:27,0
2026-01-28 17:16:28,0
2026-01-28 17:16:29,0
2026-01-28 17:16:30,0
2026-01-28 17:16:31,0
2026-01-28 17:16:32,0
2026-01-28 17:16:33,0
2026-01-28 17:16:34,0
2026-01-28 17:16:35,0
2026-01-28 17:16:36,0
2026-01-28 17:16:37,0
2026-01-28 17:16:38,0
2026-01-28 17:16:39,0
2026-01-28 17:16:40,0
2026-01-28 17:16:41,0
2026-01-28 17:16:42,0
2026-01-28 17:16:43,0
2026-01-28 17:21:39,1.07
2026-01-28 17:21:40,1.07
2026-01-28 17:21:41,1.07
2026-01-28 17:21:42,1.07
2026-01-28 17:21:43,1.07
2026-01-28 17:21:44,7.44
2026-01-28 17:21:45,7.44
2026-01-28 17:21:46,7.44
2026-01-28 17:21:47,7.44
2026-01-28 17:21:48,7.44
2026-01-28 17:21:49,8.42
2026-01-28 17:21:50,8.42
2026-01-28 17:21:51,8.42
2026-01-28 17:21:52,8.42
2026-01-28 17:21:53,8.42
2026-01-28 17:21:54,9.13
2026-01-28 17:21:55,9.13
2026-01-28 17:21:56,9.13
2026-01-28 17:21:57,9.13
2026-01-28 17:21:58,9.13
2026-01-28 17:21:59,8.17
2026-01-28 17:22:00,8.17
2026-01-28 17:22:01,8.17
2026-01-28 17:22:02,8.17
2026-01-28 17:22:03,8.17
2026-01-28 17:22:04,9.05
2026-01-28 17:22:05,9.05
2026-01-28 17:22:06,9.05
2026-01-28 17:22:07,9.05
2026-01-28 17:22:08,9.05
2026-01-28 17:22:09,8.08
2026-01-28 17:22:10,8.08
2026-01-28 17:22:11,8.08
2026-01-28 17:22:12,8.08
2026-01-28 17:22:13,8.08
2026-01-28 17:22:14,8.61
2026-01-28 17:22:15,8.61
2026-01-28 17:22:16,8.61
2026-01-28 17:22:17,8.61
2026-01-28 17:22:18,8.61
2026-01-28 17:22:19,8.95
2026-01-28 17:22:20,8.95
2026-01-28 17:22:21,8.95
2026-01-28 17:22:22,8.95
2026-01-28 17:22:23,8.95
2026-01-28 17:22:24,10.1
2026-01-28 17:22:25,10.1
2026-01-28 17:22:26,10.1
2026-01-28 17:22:27,10.1
2026-01-28 17:22:28,10.1
2026-01-28 17:22:29,9.08
2026-01-28 17:22:30,9.08
2026-01-28 17:22:31,9.08
2026-01-28 17:22:32,9.08
2026-01-28 17:22:33,9.08
2026-01-28 17:22:34,9.84
2026-01-28 17:22:35,9.84
2026-01-28 17:22:36,9.84
2026-01-28 17:22:37,9.84
2026-01-28 17:22:38,9.84
2026-01-28 17:22:39,8.87
2026-01-28 17:22:40,8.87
2026-01-28 17:22:41,8.87
2026-01-28 17:22:42,8.87
2026-01-28 17:22:43,8.87
2026-01-28 17:22:44,9.82
2026-01-28 17:22:45,9.82
2026-01-28 17:22:46,9.82
2026-01-28 17:22:47,9.82
2026-01-28 17:22:48,9.82
2026-01-28 17:22:49,8.87
2026-01-28 17:22:50,8.87
2026-01-28 17:22:51,8.87
2026-01-28 17:22:52,8.87
2026-01-28 17:22:53,8.87
2026-01-28 17:22:54,9.88
2026-01-28 17:22:55,9.88
2026-01-28 17:22:56,9.88
2026-01-28 17:22:57,9.88
2026-01-28 17:22:58,9.88
2026-01-28 17:22:59,8.97
2026-01-28 17:23:00,8.97
2026-01-28 17:23:01,8.97
2026-01-28 17:23:02,8.97
2026-01-28 17:23:03,8.97
2026-01-28 17:23:04,10.1
2026-01-28 17:23:05,10.1
2026-01-28 17:23:06,10.1
2026-01-28 17:23:07,10.1
2026-01-28 17:23:08,10.1
2026-01-28 17:23:09,8.87
2026-01-28 17:23:10,8.87
2026-01-28 17:23:11,8.87
2026-01-28 17:23:12,8.87
2026-01-28 17:23:13,8.87
2026-01-28 17:23:14,0
2026-01-28 17:23:15,0
2026-01-28 17:23:16,0
2026-01-28 17:23:17,0
2026-01-28 17:23:18,0
2026-01-28 17:23:19,0
2026-01-28 17:23:20,0
2026-01-28 17:23:21,0
2026-01-28 17:23:22,0
2026-01-28 17:23:23,0
2026-01-28 17:23:24,0
2026-01-28 17:23:25,0
2026-01-28 17:23:26,0
2026-01-28 17:23:27,0
2026-01-28 17:23:28,0
2026-01-28 17:23:29,0
2026-01-28 17:23:30,0
2026-01-28 17:23:31,0
2026-01-28 17:23:32,0
2026-01-28 17:23:33,0
2026-01-28 17:23:34,0
2026-01-28 17:23:35,0
2026-01-28 17:23:36,0
2026-01-28 17:23:37,0
2026-01-28 17:23:38,0
2026-01-28 17:23:39,0
2026-01-28 17:23:40,0
2026-01-28 17:23:41,0
2026-01-28 17:23:42,0
2026-01-28 17:23:43,0
2026-01-28 17:23:44,0
2026-01-28 17:23:45,0
2026-01-28 17:23:46,0
2026-01-28 17:23:47,0
2026-01-28 17:23:48,0
2026-01-28 17:23:49,0
2026-01-28 17:23:50,0
2026-01-28 17:23:51,0
2026-01-28 17:23:52,0
2026-01-28 17:23:53,0
2026-01-28 17:23:54,0
2026-01-28 17:23:55,0
2026-01-28 17:23:56,0
2026-01-28 17:23:57,0
2026-01-28 17:23:58,0
2026-01-28 17:23:59,0
2026-01-28 17:24:00,0
2026-01-28 17:24:01,0
2026-01-28 17:24:02,0
2026-01-28 17:24:03,0
2026-01-28 17:24:04,0
2026-01-28 17:24:05,0
2026-01-28 17:24:06,0
2026-01-28 17:24:07,0
2026-01-28 17:24:08,0
2026-01-28 17:24:09,0
2026-01-28 17:24:10,0
2026-01-28 17:24:11,0
2026-01-28 17:24:12,0
2026-01-28 17:24:13,0
2026-01-28 17:24:14,0
2026-01-28 17:24:15,0
2026-01-28 17:24:16,0
2026-01-28 17:24:17,0
2026-01-28 17:24:18,0
2026-01-28 17:24:19,0
2026-01-28 17:24:20,0
2026-01-28 17:24:21,0
2026-01-28 17:24:22,0
2026-01-28 17:24:23,0
2026-01-28 17:24:24,0
2026-01-28 17:24:25,0
2026-01-28 17:24:26,0
2026-01-28 17:24:27,0
2026-01-28 17:24:28,0
2026-01-28 17:24:29,0
2026-01-28 17:24:30,0
2026-01-28 17:24:31,0
2026-01-28 17:24:32,0
2026-01-28 17:24:33,0
2026-01-28 17:24:34,0
2026-01-28 17:24:35,0
2026-01-28 17:24:36,0
2026-01-28 17:24:37,0
2026-01-28 17:24:38,0
2026-01-28 17:24:39,0
2026-01-28 17:24:40,0
2026-01-28 17:24:41,0
2026-01-28 17:24:42,0
2026-01-28 17:24:43,0
2026-01-28 17:24:44,0
2026-01-28 17:24:45,0
2026-01-28 17:24:46,0
2026-01-28 17:24:47,0
2026-01-28 17:24:48,0
2026-01-28 17:29:54,4.13
2026-01-28 17:29:55,4.13
2026-01-28 17:29:56,4.13
2026-01-28 17:29:57,4.13
2026-01-28 17:29:58,4.13
2026-01-28 17:29:59,8.02
2026-01-28 17:30:00,8.02