"Time","gnb-modulation"
2026-01-28 14:30:00,9.73
2026-01-28 14:30:01,9.73
2026-01-28 14:30:02,9.73
2026-01-28 14:30:03,9.73
2026-01-28 14:30:04,7.53
2026-01-28 14:30:05,7.53
2026-01-28 14:30:06,7.53
2026-01-28 14:30:07,7.53
2026-01-28 14:30:08,7.53
2026-01-28 14:30:09,9.83
2026-01-28 14:30:10,9.83
2026-01-28 14:30:11,9.83
2026-01-28 14:30:12,9.83
2026-01-28 14:30:13,9.83
2026-01-28 14:30:14,0
2026-01-28 14:30:15,0
2026-01-28 14:30:16,0
2026-01-28 14:30:17,0
2026-01-28 14:30:18,0
2026-01-28 14:30:19,0
2026-01-28 14:30:20,0
2026-01-28 14:30:21,0
2026-01-28 14:30:22,0
2026-01-28 14:30:23,0
2026-01-28 14:30:24,0
2026-01-28 14:30:25,0
2026-01-28 14:30:26,0
2026-01-28 14:30:27,0
2026-01-28 14:30:28,0
2026-01-28 14:30:29,0
2026-01-28 14:30:30,0
2026-01-28 14:30:31,0
2026-01-28 14:30:32,0
2026-01-28 14:30:33,0
2026-01-28 14:30:34,0
2026-01-28 14:30:35,0
2026-01-28 14:30:36,0
2026-01-28 14:30:37,0
2026-01-28 14:30:38,0
2026-01-28 14:30:39,0
2026-01-28 14:30:40,0
2026-01-28 14:30:41,0
2026-01-28 14:30:42,0
2026-01-28 14:30:43,0
2026-01-28 14:30:44,0
2026-01-28 14:30:45,0
2026-01-28 14:30:46,0
2026-01-28 14:30:47,0
2026-01-28 14:30:48,0
2026-01-28 14:30:49,0
2026-01-28 14:30:50,0
2026-01-28 14:30:51,0
2026-01-28 14:30:52,0
2026-01-28 14:30:53,0
2026-01-28 14:30:54,0
2026-01-28 14:30:55,0
2026-01-28 14:30:56,0
2026-01-28 14:30:57,0
2026-01-28 14:30:58,0
2026-01-28 14:30:59,0
2026-01-28 14:31:00,0
2026-01-28 14:31:01,0
2026-01-28 14:31:02,0
2026-01-28 14:31:03,0
2026-01-28 14:31:04,0
2026-01-28 14:31:05,0
2026-01-28 14:31:06,0
2026-01-28 14:31:07,0
2026-01-28 14:31:08,0
2026-01-28 14:31:09,0
2026-01-28 14:31:10,0
2026-01-28 14:31:11,0
2026-01-28 14:31:12,0
2026-01-28 14:31:13,0
2026-01-28 14:31:14,0
2026-01-28 14:31:15,0
2026-01-28 14:31:16,0
2026-01-28 14:31:17,0
2026-01-28 14:31:18,0
2026-01-28 14:31:19,0
2026-01-28 14:31:20,0
2026-01-28 14:31:21,0
2026-01-28 14:31:22,0
2026-01-28 14:31:23,0
2026-01-28 14:31:24,0
2026-01-28 14:31:25,0
2026-01-28 14:31:26,0
2026-01-28 14:31:27,0
2026-01-28 14:31:28,0
2026-01-28 14:31:29,0
2026-01-28 14:31:30,0
2026-01-28 14:31:31,0
2026-01-28 14:31:32,0
2026-01-28 14:31:33,0
2026-01-28 14:31:34,0
2026-01-28 14:31:35,0
2026-01-28 14:31:36,0
2026-01-28 14:31:37,0
2026-01-28 14:31:38,0
2026-01-28 14:31:39,0
2026-01-28 14:31:40,0
2026-01-28 14:31:41,0
2026-01-28 14:31:42,0
2026-01-28 14:31:43,0
2026-01-28 14:31:44,0
2026-01-28 14:31:45,0
2026-01-28 14:31:46,0
2026-01-28 14:31:47,0
2026-01-28 14:31:48,0
2026-01-28 14:36:54,7.73
2026-01-28 14:36:55,7.73
2026-01-28 14:36:56,7.73
2026-01-28 14:36:57,7.73
2026-01-28 14:36:58,7.73
2026-01-28 14:36:59,10.1
2026-01-28 14:37:00,10.1
2026-01-28 14:37:01,10.1
2026-01-28 14:37:02,10.1
2026-01-28 14:37:03,10.1
2026-01-28 14:37:04,8.43
2026-01-28 14:37:05,8.43
2026-01-28 14:37:06,8.43
2026-01-28 14:37:07,8.43
2026-01-28 14:37:08,8.43
2026-01-28 14:37:09,9.87
2026-01-28 14:37:10,9.87
2026-01-28 14:37:11,9.87
2026-01-28 14:37:12,9.87
2026-01-28 14:37:13,9.87
2026-01-28 14:37:14,7.59
2026-01-28 14:37:15,7.59
2026-01-28 14:37:16,7.59
2026-01-28 14:37:17,7.59
2026-01-28 14:37:18,7.59
2026-01-28 14:37:19,9.96
2026-01-28 14:37:20,9.96
2026-01-28 14:37:21,9.96
2026-01-28 14:37:22,9.96
2026-01-28 14:37:23,9.96
2026-01-28 14:37:24,7.70
2026-01-28 14:37:25,7.70
2026-01-28 14:37:26,7.70
2026-01-28 14:37:27,7.70
2026-01-28 14:37:28,7.70
2026-01-28 14:37:29,10.1
2026-01-28 14:37:30,10.1
2026-01-28 14:37:31,10.1
2026-01-28 14:37:32,10.1
2026-01-28 14:37:33,10.1
2026-01-28 14:37:34,7.67
2026-01-28 14:37:35,7.67
2026-01-28 14:37:36,7.67
2026-01-28 14:37:37,7.67
2026-01-28 14:37:38,7.67
2026-01-28 14:37:39,9.83
2026-01-28 14:37:40,9.83
2026-01-28 14:37:41,9.83
2026-01-28 14:37:42,9.83
2026-01-28 14:37:43,9.83
2026-01-28 14:37:44,7.58
2026-01-28 14:37:45,7.58
2026-01-28 14:37:46,7.58
2026-01-28 14:37:47,7.58
2026-01-28 14:37:48,7.58
2026-01-28 14:37:49,10.1
2026-01-28 14:37:50,10.1
2026-01-28 14:37:51,10.1
2026-01-28 14:37:52,10.1
2026-01-28 14:37:53,10.1
2026-01-28 14:37:54,7.56
2026-01-28 14:37:55,7.56
2026-01-28 14:37:56,7.56
2026-01-28 14:37:57,7.56
2026-01-28 14:37:58,7.56
2026-01-28 14:37:59,9.95
2026-01-28 14:38:00,9.95
2026-01-28 14:38:01,9.95
2026-01-28 14:38:02,9.95
2026-01-28 14:38:03,9.95
2026-01-28 14:38:04,7.79
2026-01-28 14:38:05,7.79
2026-01-28 14:38:06,7.79
2026-01-28 14:38:07,7.79
2026-01-28 14:38:08,7.79
2026-01-28 14:38:09,0
2026-01-28 14:38:10,0
2026-01-28 14:38:11,0
2026-01-28 14:38:12,0
2026-01-28 14:38:13,0
2026-01-28 14:38:14,0
2026-01-28 14:38:15,0
2026-01-28 14:38:16,0
2026-01-28 14:38:17,0
2026-01-28 14:38:18,0
2026-01-28 14:38:19,0
2026-01-28 14:38:20,0
2026-01-28 14:38:21,0
2026-01-28 14:38:22,0
2026-01-28 14:38:23,0
2026-01-28 14:38:24,0
2026-01-28 14:38:25,0
2026-01-28 14:38:26,0
2026-01-28 14:38:27,0
2026-01-28 14:38:28,0
2026-01-28 14:38:29,0
2026-01-28 14:38:30,0
2026-01-28 14:38:31,0
2026-01-28 14:38:32,0
2026-01-28 14:38:33,0
2026-01-28 14:38:34,0
2026-01-28 14:38:35,0
2026-01-28 14:38:36,0
2026-01-28 14:38:37,0
2026-01-28 14:38:38,0
2026-01-28 14:38:39,0
2026-01-28 14:38:40,0
2026-01-28 14:38:41,0
2026-01-28 14:38:42,0
2026-01-28 14:38:43,0
2026-01-28 14:38:44,0
2026-01-28 14:38:45,0
2026-01-28 14:38:46,0
2026-01-28 14:38:47,0
2026-01-28 14:38:48,0
2026-01-28 14:38:49,0
2026-01-28 14:38:50,0
2026-01-28 14:38:51,0
2026-01-28 14:38:52,0
2026-01-28 14:38:53,0
2026-01-28 14:38:54,0
2026-01-28 14:38:55,0
2026-01-28 14:38:56,0
2026-01-28 14:38:57,0
2026-01-28 14:38:58,0
2026-01-28 14:38:59,0
2026-01-28 14:39:00,0
2026-01-28 14:39:01,0
2026-01-28 14:39:02,0
2026-01-28 14:39:03,0
2026-01-28 14:39:04,0
2026-01-28 14:39:05,0
2026-01-28 14:39:06,0
2026-01-28 14:39:07,0
2026-01-28 14:39:08,0
2026-01-28 14:39:09,0
2026-01-28 14:39:10,0
2026-01-28 14:39:11,0
2026-01-28 14:39:12,0
2026-01-28 14:39:13,0
2026-01-28 14:39:14,0
2026-01-28 14:39:15,0
2026-01-28 14:39:16,0
2026-01-28 14:39:17,0
2026-01-28 14:39:18,0
2026-01-28 14:39:19,0
2026-01-28 14:39:20,0
2026-01-28 14:39:21,0
2026-01-28 14:39:22,0
2026-01-28 14:39:23,0
2026-01-28 14:39:24,0
2026-01-28 14:39:25,0
2026-01-28 14:39:26,0
2026-01-28 14:39:27,0
2026-01-28 14:39:28,0
2026-01-28 14:39:29,0
2026-01-28 14:39:30,0
2026-01-28 14:39:31,0
2026-01-28 14:39:32,0
2026-01-28 14:39:33,0
2026-01-28 14:39:34,0
2026-01-28 14:39:35,0
2026-01-28 14:39:36,0
2026-01-28 14:39:37,0
2026-01-28 14:39:38,0
2026-01-28 14:39:39,0
2026-01-28 14:39:40,0
2026-01-28 14:39:41,0
2026-01-28 14:39:42,0
2026-01-28 14:39:43,0
2026-01-28 14:44:49,7.70
2026-01-28 14:44:50,7.70
2026-01-28 14:44:51,7.70
2026-01-28 14:44:52,7.70
2026-01-28 14:44:53,7.70
2026-01-28 14:44:54,5.87
2026-01-28 14:44:55,5.87
2026-01-28 14:44:56,5.87
2026-01-28 14:44:57,5.87
2026-01-28 14:44:58,5.87
2026-01-28 14:44:59,9.07
2026-01-28 14:45:00,9.07
2026-01-28 14:45:01,9.07
2026-01-28 14:45:02,9.07
2026-01-28 14:45:03,9.07
2026-01-28 14:45:04,5.98
2026-01-28 14:45:05,5.98
2026-01-28 14:45:06,5.98
2026-01-28 14:45:07,5.98
2026-01-28 14:45:08,5.98
2026-01-28 14:45:09,8.31
2026-01-28 14:45:10,8.31
2026-01-28 14:45:11,8.31
2026-01-28 14:45:12,8.31
2026-01-28 14:45:13,8.31
2026-01-28 14:45:14,5.73
2026-01-28 14:45:15,5.73
2026-01-28 14:45:16,5.73
2026-01-28 14:45:17,5.73
2026-01-28 14:45:18,5.73
2026-01-28 14:45:19,8.39
2026-01-28 14:45:20,8.39
2026-01-28 14:45:21,8.39
2026-01-28 14:45:22,8.39
2026-01-28 14:45:23,8.39
2026-01-28 14:45:24,5.57
2026-01-28 14:45:25,5.57
2026-01-28 14:45:26,5.57
2026-01-28 14:45:27,5.57
2026-01-28 14:45:28,5.57
2026-01-28 14:45:29,8.96
2026-01-28 14:45:30,8.96
2026-01-28 14:45:31,8.96
2026-01-28 14:45:32,8.96
2026-01-28 14:45:33,8.96
2026-01-28 14:45:34,7.21
2026-01-28 14:45:35,7.21
2026-01-28 14:45:36,7.21
2026-01-28 14:45:37,7.21
2026-01-28 14:45:38,7.21
2026-01-28 14:45:39,9.22
2026-01-28 14:45:40,9.22
2026-01-28 14:45:41,9.22
2026-01-28 14:45:42,9.22
2026-01-28 14:45:43,9.22
2026-01-28 14:45:44,6.67
2026-01-28 14:45:45,6.67
2026-01-28 14:45:46,6.67
2026-01-28 14:45:47,6.67
2026-01-28 14:45:48,6.67
2026-01-28 14:45:49,9.72
2026-01-28 14:45:50,9.72
2026-01-28 14:45:51,9.72
2026-01-28 14:45:52,9.72
2026-01-28 14:45:53,9.72
2026-01-28 14:45:54,6.59
2026-01-28 14:45:55,6.59
2026-01-28 14:45:56,6.59
2026-01-28 14:45:57,6.59
2026-01-28 14:45:58,6.59
2026-01-28 14:45:59,8.57
2026-01-28 14:46:00,8.57
2026-01-28 14:46:01,8.57
2026-01-28 14:46:02,8.57
2026-01-28 14:46:03,8.57
2026-01-28 14:46:04,0
2026-01-28 14:46:05,0
2026-01-28 14:46:06,0
2026-01-28 14:46:07,0
2026-01-28 14:46:08,0
2026-01-28 14:46:09,0
2026-01-28 14:46:10,0
2026-01-28 14:46:11,0
2026-01-28 14:46:12,0
2026-01-28 14:46:13,0
2026-01-28 14:46:14,0
2026-01-28 14:46:15,0
2026-01-28 14:46:16,0
2026-01-28 14:46:17,0
2026-01-28 14:46:18,0
2026-01-28 14:46:19,0
2026-01-28 14:46:20,0
2026-01-28 14:46:21,0
2026-01-28 14:46:22,0
2026-01-28 14:46:23,0
2026-01-28 14:46:24,0
2026-01-28 14:46:25,0
2026-01-28 14:46:26,0
2026-01-28 14:46:27,0
2026-01-28 14:46:28,0
2026-01-28 14:46:29,0
2026-01-28 14:46:30,0
2026-01-28 14:46:31,0
2026-01-28 14:46:32,0
2026-01-28 14:46:33,0
2026-01-28 14:46:34,0
2026-01-28 14:46:35,0
2026-01-28 14:46:36,0
2026-01-28 14:46:37,0
2026-01-28 14:46:38,0
2026-01-28 14:46:39,0
2026-01-28 14:46:40,0
2026-01-28 14:46:41,0
2026-01-28 14:46:42,0
2026-01-28 14:46:43,0
2026-01-28 14:46:44,0
2026-01-28 14:46:45,0
2026-01-28 14:46:46,0
2026-01-28 14:46:47,0
2026-01-28 14:46:48,0
2026-01-28 14:46:49,0
2026-01-28 14:46:50,0
2026-01-28 14:46:51,0
2026-01-28 14:46:52,0
2026-01-28 14:46:53,0
2026-01-28 14:46:54,0
2026-01-28 14:46:55,0
2026-01-28 14:46:56,0
2026-01-28 14:46:57,0
2026-01-28 14:46:58,0
2026-01-28 14:46:59,0
2026-01-28 14:47:00,0
2026-01-28 14:47:01,0
2026-01-28 14:47:02,0
2026-01-28 14:47:03,0
2026-01-28 14:47:04,0
2026-01-28 14:47:05,0
2026-01-28 14:47:06,0
2026-01-28 14:47:07,0
2026-01-28 14:47:08,0
2026-01-28 14:47:09,0
2026-01-28 14:47:10,0
2026-01-28 14:47:11,0
2026-01-28 14:47:12,0
2026-01-28 14:47:13,0
2026-01-28 14:47:14,0
2026-01-28 14:47:15,0
2026-01-28 14:47:16,0
2026-01-28 14:47:17,0
2026-01-28 14:47:18,0
2026-01-28 14:47:19,0
2026-01-28 14:47:20,0
2026-01-28 14:47:21,0
2026-01-28 14:47:22,0
2026-01-28 14:47:23,0
2026-01-28 14:47:24,0
2026-01-28 14:47:25,0
2026-01-28 14:47:26,0
2026-01-28 14:47:27,0
2026-01-28 14:47:28,0
2026-01-28 14:47:29,0
2026-01-28 14:47:30,0
2026-01-28 14:47:31,0
2026-01-28 14:47:32,0
2026-01-28 14:47:33,0
2026-01-28 14:47:34,0
2026-01-28 14:47:35,0
2026-01-28 14:47:36,0
2026-01-28 14:47:37,0
2026-01-28 14:47:38,0
2026-01-28 14:52:39,8.75
2026-01-28 14:52:40,8.75
2026-01-28 14:52:41,8.75
2026-01-28 14:52:42,8.75
2026-01-28 14:52:43,8.75
2026-01-28 14:52:44,7.93
2026-01-28 14:52:45,7.93
2026-01-28 14:52:46,7.93
2026-01-28 14:52:47,7.93
2026-01-28 14:52:48,7.93
2026-01-28 14:52:49,10.5
2026-01-28 14:52:50,10.5
2026-01-28 14:52:51,10.5
2026-01-28 14:52:52,10.5
2026-01-28 14:52:53,10.5
2026-01-28 14:52:54,8.36
2026-01-28 14:52:55,8.36
2026-01-28 14:52:56,8.36
2026-01-28 14:52:57,8.36
2026-01-28 14:52:58,8.36
2026-01-28 14:52:59,8.65
2026-01-28 14:53:00,8.65
2026-01-28 14:53:01,8.65
2026-01-28 14:53:02,8.65
2026-01-28 14:53:03,8.65
2026-01-28 14:53:04,6.92
2026-01-28 14:53:05,6.92
2026-01-28 14:53:06,6.92
2026-01-28 14:53:07,6.92
2026-01-28 14:53:08,6.92
2026-01-28 14:53:09,9.22
2026-01-28 14:53:10,9.22
2026-01-28 14:53:11,9.22
2026-01-28 14:53:12,9.22
2026-01-28 14:53:13,9.22
2026-01-28 14:53:14,7.32
2026-01-28 14:53:15,7.32
2026-01-28 14:53:16,7.32
2026-01-28 14:53:17,7.32
2026-01-28 14:53:18,7.32
2026-01-28 14:53:19,8.91
2026-01-28 14:53:20,8.91
2026-01-28 14:53:21,8.91
2026-01-28 14:53:22,8.91
2026-01-28 14:53:23,8.91
2026-01-28 14:53:24,6.95
2026-01-28 14:53:25,6.95
2026-01-28 14:53:26,6.95
2026-01-28 14:53:27,6.95
2026-01-28 14:53:28,6.95
2026-01-28 14:53:29,8.97
2026-01-28 14:53:30,8.97
2026-01-28 14:53:31,8.97
2026-01-28 14:53:32,8.97
2026-01-28 14:53:33,8.97
2026-01-28 14:53:34,7.03
2026-01-28 14:53:35,7.03
2026-01-28 14:53:36,7.03
2026-01-28 14:53:37,7.03
2026-01-28 14:53:38,7.03
2026-01-28 14:53:39,8.75
2026-01-28 14:53:40,8.75
2026-01-28 14:53:41,8.75
2026-01-28 14:53:42,8.75
2026-01-28 14:53:43,8.75
2026-01-28 14:53:44,6.85
2026-01-28 14:53:45,6.85
2026-01-28 14:53:46,6.85
2026-01-28 14:53:47,6.85
2026-01-28 14:53:48,6.85
2026-01-28 14:53:49,8.94
2026-01-28 14:53:50,8.94
2026-01-28 14:53:51,8.94
2026-01-28 14:53:52,8.94
2026-01-28 14:53:53,8.94
2026-01-28 14:53:54,0
2026-01-28 14:53:55,0
2026-01-28 14:53:56,0
2026-01-28 14:53:57,0
2026-01-28 14:53:58,0
2026-01-28 14:53:59,0
2026-01-28 14:54:00,0
2026-01-28 14:54:01,0
2026-01-28 14:54:02,0
2026-01-28 14:54:03,0
2026-01-28 14:54:04,0
2026-01-28 14:54:05,0
2026-01-28 14:54:06,0
2026-01-28 14:54:07,0
2026-01-28 14:54:08,0
2026-01-28 14:54:09,0
2026-01-28 14:54:10,0
2026-01-28 14:54:11,0
2026-01-28 14:54:12,0
2026-01-28 14:54:13,0
2026-01-28 14:54:14,0
2026-01-28 14:54:15,0
2026-01-28 14:54:16,0
2026-01-28 14:54:17,0
2026-01-28 14:54:18,0
2026-01-28 14:54:19,0
2026-01-28 14:54:20,0
2026-01-28 14:54:21,0
2026-01-28 14:54:22,0
2026-01-28 14:54:23,0
2026-01-28 14:54:24,0
2026-01-28 14:54:25,0
2026-01-28 14:54:26,0
2026-01-28 14:54:27,0
2026-01-28 14:54:28,0
2026-01-28 14:54:29,0
2026-01-28 14:54:30,0
2026-01-28 14:54:31,0
2026-01-28 14:54:32,0
2026-01-28 14:54:33,0
2026-01-28 14:54:34,0
2026-01-28 14:54:35,0
2026-01-28 14:54:36,0
2026-01-28 14:54:37,0
2026-01-28 14:54:38,0
2026-01-28 14:54:39,0
2026-01-28 14:54:40,0
2026-01-28 14:54:41,0
2026-01-28 14:54:42,0
2026-01-28 14:54:43,0
2026-01-28 14:54:44,0
2026-01-28 14:54:45,0
2026-01-28 14:54:46,0
2026-01-28 14:54:47,0
2026-01-28 14:54:48,0
2026-01-28 14:54:49,0
2026-01-28 14:54:50,0
2026-01-28 14:54:51,0
2026-01-28 14:54:52,0
2026-01-28 14:54:53,0
2026-01-28 14:54:54,0
2026-01-28 14:54:55,0
2026-01-28 14:54:56,0
2026-01-28 14:54:57,0
2026-01-28 14:54:58,0
2026-01-28 14:54:59,0
2026-01-28 14:55:00,0
2026-01-28 14:55:01,0
2026-01-28 14:55:02,0
2026-01-28 14:55:03,0
2026-01-28 14:55:04,0
2026-01-28 14:55:05,0
2026-01-28 14:55:06,0
2026-01-28 14:55:07,0
2026-01-28 14:55:08,0
2026-01-28 14:55:09,0
2026-01-28 14:55:10,0
2026-01-28 14:55:11,0
2026-01-28 14:55:12,0
2026-01-28 14:55:13,0
2026-01-28 14:55:14,0
2026-01-28 14:55:15,0
2026-01-28 14:55:16,0
2026-01-28 14:55:17,0
2026-01-28 14:55:18,0
2026-01-28 14:55:19,0
2026-01-28 14:55:20,0
2026-01-28 14:55:21,0
2026-01-28 14:55:22,0
2026-01-28 14:55:23,0
2026-01-28 14:55:24,0
2026-01-28 14:55:25,0
2026-01-28 14:55:26,0
2026-01-28 14:55:27,0
2026-01-28 14:55:28,0
2026-01-28 15:00:29,10.2
2026-01-28 15:00:30,10.2
2026-01-28 15:00:31,10.2
2026-01-28 15:00:32,10.2
2026-01-28 15:00:33,10.2
2026-01-28 15:00:34,9.26
2026-01-28 15:00:35,9.26
2026-01-28 15:00:36,9.26
2026-01-28 15:00:37,9.26
2026-01-28 15:00:38,9.26
2026-01-28 15:00:39,10.1
2026-01-28 15:00:40,10.1
2026-01-28 15:00:41,10.1
2026-01-28 15:00:42,10.1
2026-01-28 15:00:43,10.1
2026-01-28 15:00:44,8.60
2026-01-28 15:00:45,8.60
2026-01-28 15:00:46,8.60
2026-01-28 15:00:47,8.60
2026-01-28 15:00:48,8.60
2026-01-28 15:00:49,11.0
2026-01-28 15:00:50,11.0
2026-01-28 15:00:51,11.0
2026-01-28 15:00:52,11.0
2026-01-28 15:00:53,11.0
2026-01-28 15:00:54,9.58
2026-01-28 15:00:55,9.58
2026-01-28 15:00:56,9.58
2026-01-28 15:00:57,9.58
2026-01-28 15:00:58,9.58
2026-01-28 15:00:59,9.40
2026-01-28 15:01:00,9.40
2026-01-28 15:01:01,9.40
2026-01-28 15:01:02,9.40
2026-01-28 15:01:03,9.40
2026-01-28 15:01:04,7.66
2026-01-28 15:01:05,7.66
2026-01-28 15:01:06,7.66
2026-01-28 15:01:07,7.66
2026-01-28 15:01:08,7.66
2026-01-28 15:01:09,9.31
2026-01-28 15:01:10,9.31
2026-01-28 15:01:11,9.31
2026-01-28 15:01:12,9.31
2026-01-28 15:01:13,9.31
2026-01-28 15:01:14,7.87
2026-01-28 15:01:15,7.87
2026-01-28 15:01:16,7.87
2026-01-28 15:01:17,7.87
2026-01-28 15:01:18,7.87
2026-01-28 15:01:19,9.22
2026-01-28 15:01:20,9.22
2026-01-28 15:01:21,9.22
2026-01-28 15:01:22,9.22
2026-01-28 15:01:23,9.22
2026-01-28 15:01:24,8.12
2026-01-28 15:01:25,8.12
2026-01-28 15:01:26,8.12
2026-01-28 15:01:27,8.12
2026-01-28 15:01:28,8.12
2026-01-28 15:01:29,8.57
2026-01-28 15:01:30,8.57
2026-01-28 15:01:31,8.57
2026-01-28 15:01:32,8.57
2026-01-28 15:01:33,8.57
2026-01-28 15:01:34,7.11
2026-01-28 15:01:35,7.11
2026-01-28 15:01:36,7.11
2026-01-28 15:01:37,7.11
2026-01-28 15:01:38,7.11
2026-01-28 15:01:39,8.40
2026-01-28 15:01:40,8.40
2026-01-28 15:01:41,8.40
2026-01-28 15:01:42,8.40
2026-01-28 15:01:43,8.40
2026-01-28 15:01:44,0
2026-01-28 15:01:45,0
2026-01-28 15:01:46,0
2026-01-28 15:01:47,0
2026-01-28 15:01:48,0
2026-01-28 15:01:49,0
2026-01-28 15:01:50,0
2026-01-28 15:01:51,0
2026-01-28 15:01:52,0
2026-01-28 15:01:53,0
2026-01-28 15:01:54,0
2026-01-28 15:01:55,0
2026-01-28 15:01:56,0
2026-01-28 15:01:57,0
2026-01-28 15:01:58,0
2026-01-28 15:01:59,0
2026-01-28 15:02:00,0
2026-01-28 15:02:01,0
2026-01-28 15:02:02,0
2026-01-28 15:02:03,0
2026-01-28 15:02:04,0
2026-01-28 15:02:05,0
2026-01-28 15:02:06,0
2026-01-28 15:02:07,0
2026-01-28 15:02:08,0
2026-01-28 15:02:09,0
2026-01-28 15:02:10,0
2026-01-28 15:02:11,0
2026-01-28 15:02:12,0
2026-01-28 15:02:13,0
2026-01-28 15:02:14,0
2026-01-28 15:02:15,0
2026-01-28 15:02:16,0
2026-01-28 15:02:17,0
2026-01-28 15:02:18,0
2026-01-28 15:02:19,0
2026-01-28 15:02:20,0
2026-01-28 15:02:21,0
2026-01-28 15:02:22,0
2026-01-28 15:02:23,0
2026-01-28 15:02:24,0
2026-01-28 15:02:25,0
2026-01-28 15:02:26,0
2026-01-28 15:02:27,0
2026-01-28 15:02:28,0
2026-01-28 15:02:29,0
2026-01-28 15:02:30,0
2026-01-28 15:02:31,0
2026-01-28 15:02:32,0
2026-01-28 15:02:33,0
2026-01-28 15:02:34,0
2026-01-28 15:02:35,0
2026-01-28 15:02:36,0
2026-01-28 15:02:37,0
2026-01-28 15:02:38,0
2026-01-28 15:02:39,0
2026-01-28 15:02:40,0
2026-01-28 15:02:41,0
2026-01-28 15:02:42,0
2026-01-28 15:02:43,0
2026-01-28 15:02:44,0
2026-01-28 15:02:45,0
2026-01-28 15:02:46,0
2026-01-28 15:02:47,0
2026-01-28 15:02:48,0
2026-01-28 15:02:49,0
2026-01-28 15:02:50,0
2026-01-28 15:02:51,0
2026-01-28 15:02:52,0
2026-01-28 15:02:53,0
2026-01-28 15:02:54,0
2026-01-28 15:02:55,0
2026-01-28 15:02:56,0
2026-01-28 15:02:57,0
2026-01-28 15:02:58,0
2026-01-28 15:02:59,0
2026-01-28 15:03:00,0
2026-01-28 15:03:01,0
2026-01-28 15:03:02,0
2026-01-28 15:03:03,0
2026-01-28 15:03:04,0
2026-01-28 15:03:05,0
2026-01-28 15:03:06,0
2026-01-28 15:03:07,0
2026-01-28 15:03:08,0
2026-01-28 15:03:09,0
2026-01-28 15:03:10,0
2026-01-28 15:03:11,0
2026-01-28 15:03:12,0
2026-01-28 15:03:13,0
2026-01-28 15:03:14,0
2026-01-28 15:03:15,0
2026-01-28 15:03:16,0
2026-01-28 15:03:17,0
2026-01-28 15:03:18,0
2026-01-28 15:08:29,3.89
2026-01-28 15:08:30,3.89
2026-01-28 15:08:31,3.89
2026-01-28 15:08:32,3.89
2026-01-28 15:08:33,3.89
2026-01-28 15:08:34,8.62
2026-01-28 15:08:35,8.62
2026-01-28 15:08:36,8.62
2026-01-28 15:08:37,8.62
2026-01-28 15:08:38,8.62
2026-01-28 15:08:39,8.48
2026-01-28 15:08:40,8.48
2026-01-28 15:08:41,8.48
2026-01-28 15:08:42,8.48
2026-01-28 15:08:43,8.48
2026-01-28 15:08:44,8.87
2026-01-28 15:08:45,8.87
2026-01-28 15:08:46,8.87
2026-01-28 15:08:47,8.87
2026-01-28 15:08:48,8.87
2026-01-28 15:08:49,8.10
2026-01-28 15:08:50,8.10
2026-01-28 15:08:51,8.10
2026-01-28 15:08:52,8.10
2026-01-28 15:08:53,8.10
2026-01-28 15:08:54,9.09
2026-01-28 15:08:55,9.09
2026-01-28 15:08:56,9.09
2026-01-28 15:08:57,9.09
2026-01-28 15:08:58,9.09
2026-01-28 15:08:59,8.27
2026-01-28 15:09:00,8.27
2026-01-28 15:09:01,8.27
2026-01-28 15:09:02,8.27
2026-01-28 15:09:03,8.27
2026-01-28 15:09:04,8.81
2026-01-28 15:09:05,8.81
2026-01-28 15:09:06,8.81
2026-01-28 15:09:07,8.81
2026-01-28 15:09:08,8.81
2026-01-28 15:09:09,8.08
2026-01-28 15:09:10,8.08
2026-01-28 15:09:11,8.08
2026-01-28 15:09:12,8.08
2026-01-28 15:09:13,8.08
2026-01-28 15:09:14,7.51
2026-01-28 15:09:15,7.51
2026-01-28 15:09:16,7.51
2026-01-28 15:09:17,7.51
2026-01-28 15:09:18,7.51
2026-01-28 15:09:19,8.20
2026-01-28 15:09:20,8.20
2026-01-28 15:09:21,8.20
2026-01-28 15:09:22,8.20
2026-01-28 15:09:23,8.20
2026-01-28 15:09:24,8.96
2026-01-28 15:09:25,8.96
2026-01-28 15:09:26,8.96
2026-01-28 15:09:27,8.96
2026-01-28 15:09:28,8.96
2026-01-28 15:09:29,8.25
2026-01-28 15:09:30,8.25
2026-01-28 15:09:31,8.25
2026-01-28 15:09:32,8.25
2026-01-28 15:09:33,8.25
2026-01-28 15:09:34,9.02
2026-01-28 15:09:35,9.02
2026-01-28 15:09:36,9.02
2026-01-28 15:09:37,9.02
2026-01-28 15:09:38,9.02
2026-01-28 15:09:39,7.53
2026-01-28 15:09:40,7.53
2026-01-28 15:09:41,7.53
2026-01-28 15:09:42,7.53
2026-01-28 15:09:43,7.53
2026-01-28 15:09:44,0
2026-01-28 15:09:45,0
2026-01-28 15:09:46,0
2026-01-28 15:09:47,0
2026-01-28 15:09:48,0
2026-01-28 15:09:49,0
2026-01-28 15:09:50,0
2026-01-28 15:09:51,0
2026-01-28 15:09:52,0
2026-01-28 15:09:53,0
2026-01-28 15:09:54,0
2026-01-28 15:09:55,0
2026-01-28 15:09:56,0
2026-01-28 15:09:57,0
2026-01-28 15:09:58,0
2026-01-28 15:09:59,0
2026-01-28 15:10:00,0
2026-01-28 15:10:01,0
2026-01-28 15:10:02,0
2026-01-28 15:10:03,0
2026-01-28 15:10:04,0
2026-01-28 15:10:05,0
2026-01-28 15:10:06,0
2026-01-28 15:10:07,0
2026-01-28 15:10:08,0
2026-01-28 15:10:09,0
2026-01-28 15:10:10,0
2026-01-28 15:10:11,0
2026-01-28 15:10:12,0
2026-01-28 15:10:13,0
2026-01-28 15:10:14,0
2026-01-28 15:10:15,0
2026-01-28 15:10:16,0
2026-01-28 15:10:17,0
2026-01-28 15:10:18,0
2026-01-28 15:10:19,0
2026-01-28 15:10:20,0
2026-01-28 15:10:21,0
2026-01-28 15:10:22,0
2026-01-28 15:10:23,0
2026-01-28 15:10:24,0
2026-01-28 15:10:25,0
2026-01-28 15:10:26,0
2026-01-28 15:10:27,0
2026-01-28 15:10:28,0
2026-01-28 15:10:29,0
2026-01-28 15:10:30,0
2026-01-28 15:10:31,0
2026-01-28 15:10:32,0
2026-01-28 15:10:33,0
2026-01-28 15:10:34,0
2026-01-28 15:10:35,0
2026-01-28 15:10:36,0
2026-01-28 15:10:37,0
2026-01-28 15:10:38,0
2026-01-28 15:10:39,0
2026-01-28 15:10:40,0
2026-01-28 15:10:41,0
2026-01-28 15:10:42,0
2026-01-28 15:10:43,0
2026-01-28 15:10:44,0
2026-01-28 15:10:45,0
2026-01-28 15:10:46,0
2026-01-28 15:10:47,0
2026-01-28 15:10:48,0
2026-01-28 15:10:49,0
2026-01-28 15:10:50,0
2026-01-28 15:10:51,0
2026-01-28 15:10:52,0
2026-01-28 15:10:53,0
2026-01-28 15:10:54,0
2026-01-28 15:10:55,0
2026-01-28 15:10:56,0
2026-01-28 15:10:57,0
2026-01-28 15:10:58,0
2026-01-28 15:10:59,0
2026-01-28 15:11:00,0
2026-01-28 15:11:01,0
2026-01-28 15:11:02,0
2026-01-28 15:11:03,0
2026-01-28 15:11:04,0
2026-01-28 15:11:05,0
2026-01-28 15:11:06,0
2026-01-28 15:11:07,0
2026-01-28 15:11:08,0
2026-01-28 15:11:09,0
2026-01-28 15:11:10,0
2026-01-28 15:11:11,0
2026-01-28 15:11:12,0
2026-01-28 15:11:13,0
2026-01-28 15:11:14,0
2026-01-28 15:11:15,0
2026-01-28 15:11:16,0
2026-01-28 15:11:17,0
2026-01-28 15:11:18,0
2026-01-28 15:16:19,5.29
2026-01-28 15:16:20,5.29
2026-01-28 15:16:21,5.29
2026-01-28 15:16:22,5.29
2026-01-28 15:16:23,5.29
2026-01-28 15:16:24,8.24
2026-01-28 15:16:25,8.24
2026-01-28 15:16:26,8.24
2026-01-28 15:16:27,8.24
2026-01-28 15:16:28,8.24
2026-01-28 15:16:29,8.76
2026-01-28 15:16:30,8.76
2026-01-28 15:16:31,8.76
2026-01-28 15:16:32,8.76
2026-01-28 15:16:33,8.76
2026-01-28 15:16:34,10.4
2026-01-28 15:16:35,10.4
2026-01-28 15:16:36,10.4
2026-01-28 15:16:37,10.4
2026-01-28 15:16:38,10.4
2026-01-28 15:16:39,9.21
2026-01-28 15:16:40,9.21
2026-01-28 15:16:41,9.21
2026-01-28 15:16:42,9.21
2026-01-28 15:16:43,9.21
2026-01-28 15:16:44,9.75
2026-01-28 15:16:45,9.75
2026-01-28 15:16:46,9.75
2026-01-28 15:16:47,9.75
2026-01-28 15:16:48,9.75
2026-01-28 15:16:49,8.62
2026-01-28 15:16:50,8.62
2026-01-28 15:16:51,8.62
2026-01-28 15:16:52,8.62
2026-01-28 15:16:53,8.62
2026-01-28 15:16:54,11.0
2026-01-28 15:16:55,11.0
2026-01-28 15:16:56,11.0
2026-01-28 15:16:57,11.0
2026-01-28 15:16:58,11.0
2026-01-28 15:16:59,8.65
2026-01-28 15:17:00,8.65
2026-01-28 15:17:01,8.65
2026-01-28 15:17:02,8.65
2026-01-28 15:17:03,8.65
2026-01-28 15:17:04,8.62
2026-01-28 15:17:05,8.62
2026-01-28 15:17:06,8.62
2026-01-28 15:17:07,8.62
2026-01-28 15:17:08,8.62
2026-01-28 15:17:09,7.96
2026-01-28 15:17:10,7.96
2026-01-28 15:17:11,7.96
2026-01-28 15:17:12,7.96
2026-01-28 15:17:13,7.96
2026-01-28 15:17:14,8.09
2026-01-28 15:17:15,8.09
2026-01-28 15:17:16,8.09
2026-01-28 15:17:17,8.09
2026-01-28 15:17:18,8.09
2026-01-28 15:17:19,8.29
2026-01-28 15:17:20,8.29
2026-01-28 15:17:21,8.29
2026-01-28 15:17:22,8.29
2026-01-28 15:17:23,8.29
2026-01-28 15:17:24,8.47
2026-01-28 15:17:25,8.47
2026-01-28 15:17:26,8.47
2026-01-28 15:17:27,8.47
2026-01-28 15:17:28,8.47
2026-01-28 15:17:29,7.92
2026-01-28 15:17:30,7.92
2026-01-28 15:17:31,7.92
2026-01-28 15:17:32,7.92
2026-01-28 15:17:33,7.92
2026-01-28 15:17:34,0
2026-01-28 15:17:35,0
2026-01-28 15:17:36,0
2026-01-28 15:17:37,0
2026-01-28 15:17:38,0
2026-01-28 15:17:39,0
2026-01-28 15:17:40,0
2026-01-28 15:17:41,0
2026-01-28 15:17:42,0
2026-01-28 15:17:43,0
2026-01-28 15:17:44,0
2026-01-28 15:17:45,0
2026-01-28 15:17:46,0
2026-01-28 15:17:47,0
2026-01-28 15:17:48,0
2026-01-28 15:17:49,0
2026-01-28 15:17:50,0
2026-01-28 15:17:51,0
2026-01-28 15:17:52,0
2026-01-28 15:17:53,0
2026-01-28 15:17:54,0
2026-01-28 15:17:55,0
2026-01-28 15:17:56,0
2026-01-28 15:17:57,0
2026-01-28 15:17:58,0
2026-01-28 15:17:59,0
2026-01-28 15:18:00,0
2026-01-28 15:18:01,0
2026-01-28 15:18:02,0
2026-01-28 15:18:03,0
2026-01-28 15:18:04,0
2026-01-28 15:18:05,0
2026-01-28 15:18:06,0
2026-01-28 15:18:07,0
2026-01-28 15:18:08,0
2026-01-28 15:18:09,0
2026-01-28 15:18:10,0
2026-01-28 15:18:11,0
2026-01-28 15:18:12,0
2026-01-28 15:18:13,0
2026-01-28 15:18:14,0
2026-01-28 15:18:15,0
2026-01-28 15:18:16,0
2026-01-28 15:18:17,0
2026-01-28 15:18:18,0
2026-01-28 15:18:19,0
2026-01-28 15:18:20,0
2026-01-28 15:18:21,0
2026-01-28 15:18:22,0
2026-01-28 15:18:23,0
2026-01-28 15:18:24,0
2026-01-28 15:18:25,0
2026-01-28 15:18:26,0
2026-01-28 15:18:27,0
2026-01-28 15:18:28,0
2026-01-28 15:18:29,0
2026-01-28 15:18:30,0
2026-01-28 15:18:31,0
2026-01-28 15:18:32,0
2026-01-28 15:18:33,0
2026-01-28 15:18:34,0
2026-01-28 15:18:35,0
2026-01-28 15:18:36,0
2026-01-28 15:18:37,0
2026-01-28 15:18:38,0
2026-01-28 15:18:39,0
2026-01-28 15:18:40,0
2026-01-28 15:18:41,0
2026-01-28 15:18:42,0
2026-01-28 15:18:43,0
2026-01-28 15:18:44,0
2026-01-28 15:18:45,0
2026-01-28 15:18:46,0
2026-01-28 15:18:47,0
2026-01-28 15:18:48,0
2026-01-28 15:18:49,0
2026-01-28 15:18:50,0
2026-01-28 15:18:51,0
2026-01-28 15:18:52,0
2026-01-28 15:18:53,0
2026-01-28 15:18:54,0
2026-01-28 15:18:55,0
2026-01-28 15:18:56,0
2026-01-28 15:18:57,0
2026-01-28 15:18:58,0
2026-01-28 15:18:59,0
2026-01-28 15:19:00,0
2026-01-28 15:19:01,0
2026-01-28 15:19:02,0
2026-01-28 15:19:03,0
2026-01-28 15:19:04,0
2026-01-28 15:19:05,0
2026-01-28 15:19:06,0
2026-01-28 15:19:07,0
2026-01-28 15:19:08,0
2026-01-28 15:24:09,5.29
2026-01-28 15:24:10,5.29
2026-01-28 15:24:11,5.29
2026-01-28 15:24:12,5.29
2026-01-28 15:24:13,5.29
2026-01-28 15:24:14,7.85
2026-01-28 15:24:15,7.85
2026-01-28 15:24:16,7.85
2026-01-28 15:24:17,7.85
2026-01-28 15:24:18,7.85
2026-01-28 15:24:19,8.32
2026-01-28 15:24:20,8.32
2026-01-28 15:24:21,8.32
2026-01-28 15:24:22,8.32
2026-01-28 15:24:23,8.32
2026-01-28 15:24:24,8.84
2026-01-28 15:24:25,8.84
2026-01-28 15:24:26,8.84
2026-01-28 15:24:27,8.84
2026-01-28 15:24:28,8.84
2026-01-28 15:24:29,8.15
2026-01-28 15:24:30,8.15
2026-01-28 15:24:31,8.15
2026-01-28 15:24:32,8.15
2026-01-28 15:24:33,8.15
2026-01-28 15:24:34,8.84
2026-01-28 15:24:35,8.84
2026-01-28 15:24:36,8.84
2026-01-28 15:24:37,8.84
2026-01-28 15:24:38,8.84
2026-01-28 15:24:39,8.51
2026-01-28 15:24:40,8.51
2026-01-28 15:24:41,8.51
2026-01-28 15:24:42,8.51
2026-01-28 15:24:43,8.51
2026-01-28 15:24:44,8.64
2026-01-28 15:24:45,8.64
2026-01-28 15:24:46,8.64
2026-01-28 15:24:47,8.64
2026-01-28 15:24:48,8.64
2026-01-28 15:24:49,8.39
2026-01-28 15:24:50,8.39
2026-01-28 15:24:51,8.39
2026-01-28 15:24:52,8.39
2026-01-28 15:24:53,8.39
2026-01-28 15:24:54,10.3
2026-01-28 15:24:55,10.3
2026-01-28 15:24:56,10.3
2026-01-28 15:24:57,10.3
2026-01-28 15:24:58,10.3
2026-01-28 15:24:59,9.15
2026-01-28 15:25:00,9.15
2026-01-28 15:25:01,9.15
2026-01-28 15:25:02,9.15
2026-01-28 15:25:03,9.15
2026-01-28 15:25:04,10.0
2026-01-28 15:25:05,10.0
2026-01-28 15:25:06,10.0
2026-01-28 15:25:07,10.0
2026-01-28 15:25:08,10.0
2026-01-28 15:25:09,8.83
2026-01-28 15:25:10,8.83
2026-01-28 15:25:11,8.83
2026-01-28 15:25:12,8.83
2026-01-28 15:25:13,8.83
2026-01-28 15:25:14,8.50
2026-01-28 15:25:15,8.50
2026-01-28 15:25:16,8.50
2026-01-28 15:25:17,8.50
2026-01-28 15:25:18,8.50
2026-01-28 15:25:19,8.92
2026-01-28 15:25:20,8.92
2026-01-28 15:25:21,8.92
2026-01-28 15:25:22,8.92
2026-01-28 15:25:23,8.92
2026-01-28 15:25:24,0
2026-01-28 15:25:25,0
2026-01-28 15:25:26,0
2026-01-28 15:25:27,0
2026-01-28 15:25:28,0
2026-01-28 15:25:29,0
2026-01-28 15:25:30,0
2026-01-28 15:25:31,0
2026-01-28 15:25:32,0
2026-01-28 15:25:33,0
2026-01-28 15:25:34,0
2026-01-28 15:25:35,0
2026-01-28 15:25:36,0
2026-01-28 15:25:37,0
2026-01-28 15:25:38,0
2026-01-28 15:25:39,0
2026-01-28 15:25:40,0
2026-01-28 15:25:41,0
2026-01-28 15:25:42,0
2026-01-28 15:25:43,0
2026-01-28 15:25:44,0
2026-01-28 15:25:45,0
2026-01-28 15:25:46,0
2026-01-28 15:25:47,0
2026-01-28 15:25:48,0
2026-01-28 15:25:49,0
2026-01-28 15:25:50,0
2026-01-28 15:25:51,0
2026-01-28 15:25:52,0
2026-01-28 15:25:53,0
2026-01-28 15:25:54,0
2026-01-28 15:25:55,0
2026-01-28 15:25:56,0
2026-01-28 15:25:57,0
2026-01-28 15:25:58,0
2026-01-28 15:25:59,0
2026-01-28 15:26:00,0
2026-01-28 15:26:01,0
2026-01-28 15:26:02,0
2026-01-28 15:26:03,0
2026-01-28 15:26:04,0
2026-01-28 15:26:05,0
2026-01-28 15:26:06,0
2026-01-28 15:26:07,0
2026-01-28 15:26:08,0
2026-01-28 15:26:09,0
2026-01-28 15:26:10,0
2026-01-28 15:26:11,0
2026-01-28 15:26:12,0
2026-01-28 15:26:13,0
2026-01-28 15:26:14,0
2026-01-28 15:26:15,0
2026-01-28 15:26:16,0
2026-01-28 15:26:17,0
2026-01-28 15:26:18,0
2026-01-28 15:26:19,0
2026-01-28 15:26:20,0
2026-01-28 15:26:21,0
2026-01-28 15:26:22,0
2026-01-28 15:26:23,0
2026-01-28 15:26:24,0
2026-01-28 15:26:25,0
2026-01-28 15:26:26,0
2026-01-28 15:26:27,0
2026-01-28 15:26:28,0
2026-01-28 15:26:29,0
2026-01-28 15:26:30,0
2026-01-28 15:26:31,0
2026-01-28 15:26:32,0
2026-01-28 15:26:33,0
2026-01-28 15:26:34,0
2026-01-28 15:26:35,0
2026-01-28 15:26:36,0
2026-01-28 15:26:37,0
2026-01-28 15:26:38,0
2026-01-28 15:26:39,0
2026-01-28 15:26:40,0
2026-01-28 15:26:41,0
2026-01-28 15:26:42,0
2026-01-28 15:26:43,0
2026-01-28 15:26:44,0
2026-01-28 15:26:45,0
2026-01-28 15:26:46,0
2026-01-28 15:26:47,0
2026-01-28 15:26:48,0
2026-01-28 15:26:49,0
2026-01-28 15:26:50,0
2026-01-28 15:26:51,0
2026-01-28 15:26:52,0
2026-01-28 15:26:53,0
2026-01-28 15:26:54,0
2026-01-28 15:26:55,0
2026-01-28 15:26:56,0
2026-01-28 15:26:57,0
2026-01-28 15:26:58,0
2026-01-28 15:31:54,1.13
2026-01-28 15:31:55,1.13
2026-01-28 15:31:56,1.13
2026-01-28 15:31:57,1.13
2026-01-28 15:31:58,1.13
2026-01-28 15:31:59,4.64
2026-01-28 15:32:00,4.64
2026-01-28 15:32:01,4.64
2026-01-28 15:32:02,4.64
2026-01-28 15:32:03,4.64
2026-01-28 15:32:04,7.08
2026-01-28 15:32:05,7.08
2026-01-28 15:32:06,7.08
2026-01-28 15:32:07,7.08
2026-01-28 15:32:08,7.08
2026-01-28 15:32:09,6.13
2026-01-28 15:32:10,6.13
2026-01-28 15:32:11,6.13
2026-01-28 15:32:12,6.13
2026-01-28 15:32:13,6.13
2026-01-28 15:32:14,5.55
2026-01-28 15:32:15,5.55
2026-01-28 15:32:16,5.55
2026-01-28 15:32:17,5.55
2026-01-28 15:32:18,5.55
2026-01-28 15:32:19,6.35
2026-01-28 15:32:20,6.35
2026-01-28 15:32:21,6.35
2026-01-28 15:32:22,6.35
2026-01-28 15:32:23,6.35
2026-01-28 15:32:24,6.93
2026-01-28 15:32:25,6.93
2026-01-28 15:32:26,6.93
2026-01-28 15:32:27,6.93
2026-01-28 15:32:28,6.93
2026-01-28 15:32:29,6.12
2026-01-28 15:32:30,6.12
2026-01-28 15:32:31,6.12
2026-01-28 15:32:32,6.12
2026-01-28 15:32:33,6.12
2026-01-28 15:32:34,6.90
2026-01-28 15:32:35,6.90
2026-01-28 15:32:36,6.90
2026-01-28 15:32:37,6.90
2026-01-28 15:32:38,6.90
2026-01-28 15:32:39,6.14
2026-01-28 15:32:40,6.14
2026-01-28 15:32:41,6.14
2026-01-28 15:32:42,6.14
2026-01-28 15:32:43,6.14
2026-01-28 15:32:44,6.79
2026-01-28 15:32:45,6.79
2026-01-28 15:32:46,6.79
2026-01-28 15:32:47,6.79
2026-01-28 15:32:48,6.79
2026-01-28 15:32:49,6.19
2026-01-28 15:32:50,6.19
2026-01-28 15:32:51,6.19
2026-01-28 15:32:52,6.19
2026-01-28 15:32:53,6.19
2026-01-28 15:32:54,7.00
2026-01-28 15:32:55,7.00
2026-01-28 15:32:56,7.00
2026-01-28 15:32:57,7.00
2026-01-28 15:32:58,7.00
2026-01-28 15:32:59,6.07
2026-01-28 15:33:00,6.07
2026-01-28 15:33:01,6.07
2026-01-28 15:33:02,6.07
2026-01-28 15:33:03,6.07
2026-01-28 15:33:04,6.71
2026-01-28 15:33:05,6.71
2026-01-28 15:33:06,6.71
2026-01-28 15:33:07,6.71
2026-01-28 15:33:08,6.71
2026-01-28 15:33:09,0
2026-01-28 15:33:10,0
2026-01-28 15:33:11,0
2026-01-28 15:33:12,0
2026-01-28 15:33:13,0
2026-01-28 15:33:14,0
2026-01-28 15:33:15,0
2026-01-28 15:33:16,0
2026-01-28 15:33:17,0
2026-01-28 15:33:18,0
2026-01-28 15:33:19,0
2026-01-28 15:33:20,0
2026-01-28 15:33:21,0
2026-01-28 15:33:22,0
2026-01-28 15:33:23,0
2026-01-28 15:33:24,0
2026-01-28 15:33:25,0
2026-01-28 15:33:26,0
2026-01-28 15:33:27,0
2026-01-28 15:33:28,0
2026-01-28 15:33:29,0
2026-01-28 15:33:30,0
2026-01-28 15:33:31,0
2026-01-28 15:33:32,0
2026-01-28 15:33:33,0
2026-01-28 15:33:34,0
2026-01-28 15:33:35,0
2026-01-28 15:33:36,0
2026-01-28 15:33:37,0
2026-01-28 15:33:38,0
2026-01-28 15:33:39,0
2026-01-28 15:33:40,0
2026-01-28 15:33:41,0
2026-01-28 15:33:42,0
2026-01-28 15:33:43,0
2026-01-28 15:33:44,0
2026-01-28 15:33:45,0
2026-01-28 15:33:46,0
2026-01-28 15:33:47,0
2026-01-28 15:33:48,0
2026-01-28 15:33:49,0
2026-01-28 15:33:50,0
2026-01-28 15:33:51,0
2026-01-28 15:33:52,0
2026-01-28 15:33:53,0
2026-01-28 15:33:54,0
2026-01-28 15:33:55,0
2026-01-28 15:33:56,0
2026-01-28 15:33:57,0
2026-01-28 15:33:58,0
2026-01-28 15:33:59,0
2026-01-28 15:34:00,0
2026-01-28 15:34:01,0
2026-01-28 15:34:02,0
2026-01-28 15:34:03,0
2026-01-28 15:34:04,0
2026-01-28 15:34:05,0
2026-01-28 15:34:06,0
2026-01-28 15:34:07,0
2026-01-28 15:34:08,0
2026-01-28 15:34:09,0
2026-01-28 15:34:10,0
2026-01-28 15:34:11,0
2026-01-28 15:34:12,0
2026-01-28 15:34:13,0
2026-01-28 15:34:14,0
2026-01-28 15:34:15,0
2026-01-28 15:34:16,0
2026-01-28 15:34:17,0
2026-01-28 15:34:18,0
2026-01-28 15:34:19,0
2026-01-28 15:34:20,0
2026-01-28 15:34:21,0
2026-01-28 15:34:22,0
2026-01-28 15:34:23,0
2026-01-28 15:34:24,0
2026-01-28 15:34:25,0
2026-01-28 15:34:26,0
2026-01-28 15:34:27,0
2026-01-28 15:34:28,0
2026-01-28 15:34:29,0
2026-01-28 15:34:30,0
2026-01-28 15:34:31,0
2026-01-28 15:34:32,0
2026-01-28 15:34:33,0
2026-01-28 15:34:34,0
2026-01-28 15:34:35,0
2026-01-28 15:34:36,0
2026-01-28 15:34:37,0
2026-01-28 15:34:38,0
2026-01-28 15:34:39,0
2026-01-28 15:34:40,0
2026-01-28 15:34:41,0
2026-01-28 15:34:42,0
2026-01-28 15:34:43,0
2026-01-28 15:39:54,6.89
2026-01-28 15:39:55,6.89
2026-01-28 15:39:56,6.89
2026-01-28 15:39:57,6.89
2026-01-28 15:39:58,6.89
2026-01-28 15:39:59,7.43
2026-01-28 15:40:00,7.43
2026-01-28 15:40:01,7.43
2026-01-28 15:40:02,7.43
2026-01-28 15:40:03,7.43
2026-01-28 15:40:04,8.02
2026-01-28 15:40:05,8.02
2026-01-28 15:40:06,8.02
2026-01-28 15:40:07,8.02
2026-01-28 15:40:08,8.02
2026-01-28 15:40:09,8.39
2026-01-28 15:40:10,8.39
2026-01-28 15:40:11,8.39
2026-01-28 15:40:12,8.39
2026-01-28 15:40:13,8.39
2026-01-28 15:40:14,7.86
2026-01-28 15:40:15,7.86
2026-01-28 15:40:16,7.86
2026-01-28 15:40:17,7.86
2026-01-28 15:40:18,7.86
2026-01-28 15:40:19,8.24
2026-01-28 15:40:20,8.24
2026-01-28 15:40:21,8.24
2026-01-28 15:40:22,8.24
2026-01-28 15:40:23,8.24
2026-01-28 15:40:24,8.83
2026-01-28 15:40:25,8.83
2026-01-28 15:40:26,8.83
2026-01-28 15:40:27,8.83
2026-01-28 15:40:28,8.83
2026-01-28 15:40:29,8.28
2026-01-28 15:40:30,8.28
2026-01-28 15:40:31,8.28
2026-01-28 15:40:32,8.28
2026-01-28 15:40:33,8.28
2026-01-28 15:40:34,8.88
2026-01-28 15:40:35,8.88
2026-01-28 15:40:36,8.88
2026-01-28 15:40:37,8.88
2026-01-28 15:40:38,8.88
2026-01-28 15:40:39,8.14
2026-01-28 15:40:40,8.14
2026-01-28 15:40:41,8.14
2026-01-28 15:40:42,8.14
2026-01-28 15:40:43,8.14
2026-01-28 15:40:44,8.74
2026-01-28 15:40:45,8.74
2026-01-28 15:40:46,8.74
2026-01-28 15:40:47,8.74
2026-01-28 15:40:48,8.74
2026-01-28 15:40:49,8.39
2026-01-28 15:40:50,8.39
2026-01-28 15:40:51,8.39
2026-01-28 15:40:52,8.39
2026-01-28 15:40:53,8.39
2026-01-28 15:40:54,9.21
2026-01-28 15:40:55,9.21
2026-01-28 15:40:56,9.21
2026-01-28 15:40:57,9.21
2026-01-28 15:40:58,9.21
2026-01-28 15:40:59,8.24
2026-01-28 15:41:00,8.24
2026-01-28 15:41:01,8.24
2026-01-28 15:41:02,8.24
2026-01-28 15:41:03,8.24
2026-01-28 15:41:04,0
2026-01-28 15:41:05,0
2026-01-28 15:41:06,0
2026-01-28 15:41:07,0
2026-01-28 15:41:08,0
2026-01-28 15:41:09,0
2026-01-28 15:41:10,0
2026-01-28 15:41:11,0
2026-01-28 15:41:12,0
2026-01-28 15:41:13,0
2026-01-28 15:41:14,0
2026-01-28 15:41:15,0
2026-01-28 15:41:16,0
2026-01-28 15:41:17,0
2026-01-28 15:41:18,0
2026-01-28 15:41:19,0
2026-01-28 15:41:20,0
2026-01-28 15:41:21,0
2026-01-28 15:41:22,0
2026-01-28 15:41:23,0
2026-01-28 15:41:24,0
2026-01-28 15:41:25,0
2026-01-28 15:41:26,0
2026-01-28 15:41:27,0
2026-01-28 15:41:28,0
2026-01-28 15:41:29,0
2026-01-28 15:41:30,0
2026-01-28 15:41:31,0
2026-01-28 15:41:32,0
2026-01-28 15:41:33,0
2026-01-28 15:41:34,0
2026-01-28 15:41:35,0
2026-01-28 15:41:36,0
2026-01-28 15:41:37,0
2026-01-28 15:41:38,0
2026-01-28 15:41:39,0
2026-01-28 15:41:40,0
2026-01-28 15:41:41,0
2026-01-28 15:41:42,0
2026-01-28 15:41:43,0
2026-01-28 15:41:44,0
2026-01-28 15:41:45,0
2026-01-28 15:41:46,0
2026-01-28 15:41:47,0
2026-01-28 15:41:48,0
2026-01-28 15:41:49,0
2026-01-28 15:41:50,0
2026-01-28 15:41:51,0
2026-01-28 15:41:52,0
2026-01-28 15:41:53,0
2026-01-28 15:41:54,0
2026-01-28 15:41:55,0
2026-01-28 15:41:56,0
2026-01-28 15:41:57,0
2026-01-28 15:41:58,0
2026-01-28 15:41:59,0
2026-01-28 15:42:00,0
2026-01-28 15:42:01,0
2026-01-28 15:42:02,0
2026-01-28 15:42:03,0
2026-01-28 15:42:04,0
2026-01-28 15:42:05,0
2026-01-28 15:42:06,0
2026-01-28 15:42:07,0
2026-01-28 15:42:08,0
2026-01-28 15:42:09,0
2026-01-28 15:42:10,0
2026-01-28 15:42:11,0
2026-01-28 15:42:12,0
2026-01-28 15:42:13,0
2026-01-28 15:42:14,0
2026-01-28 15:42:15,0
2026-01-28 15:42:16,0
2026-01-28 15:42:17,0
2026-01-28 15:42:18,0
2026-01-28 15:42:19,0
2026-01-28 15:42:20,0
2026-01-28 15:42:21,0
2026-01-28 15:42:22,0
2026-01-28 15:42:23,0
2026-01-28 15:42:24,0
2026-01-28 15:42:25,0
2026-01-28 15:42:26,0
2026-01-28 15:42:27,0
2026-01-28 15:42:28,0
2026-01-28 15:42:29,0
2026-01-28 15:42:30,0
2026-01-28 15:42:31,0
2026-01-28 15:42:32,0
2026-01-28 15:42:33,0
2026-01-28 15:42:34,0
2026-01-28 15:42:35,0
2026-01-28 15:42:36,0
2026-01-28 15:42:37,0
2026-01-28 15:42:38,0
2026-01-28 15:47:49,4.31
2026-01-28 15:47:50,4.31
2026-01-28 15:47:51,4.31
2026-01-28 15:47:52,4.31
2026-01-28 15:47:53,4.31
2026-01-28 15:47:54,6.99
2026-01-28 15:47:55,6.99
2026-01-28 15:47:56,6.99
2026-01-28 15:47:57,6.99
2026-01-28 15:47:58,6.99
2026-01-28 15:47:59,7.82
2026-01-28 15:48:00,7.82
2026-01-28 15:48:01,7.82
2026-01-28 15:48:02,7.82
2026-01-28 15:48:03,7.82
2026-01-28 15:48:04,8.46
2026-01-28 15:48:05,8.46
2026-01-28 15:48:06,8.46
2026-01-28 15:48:07,8.46
2026-01-28 15:48:08,8.46
2026-01-28 15:48:09,7.39
2026-01-28 15:48:10,7.39
2026-01-28 15:48:11,7.39
2026-01-28 15:48:12,7.39
2026-01-28 15:48:13,7.39
2026-01-28 15:48:14,6.82
2026-01-28 15:48:15,6.82
2026-01-28 15:48:16,6.82
2026-01-28 15:48:17,6.82
2026-01-28 15:48:18,6.82
2026-01-28 15:48:19,7.32
2026-01-28 15:48:20,7.32
2026-01-28 15:48:21,7.32
2026-01-28 15:48:22,7.32
2026-01-28 15:48:23,7.32
2026-01-28 15:48:24,8.09
2026-01-28 15:48:25,8.09
2026-01-28 15:48:26,8.09
2026-01-28 15:48:27,8.09
2026-01-28 15:48:28,8.09
2026-01-28 15:48:29,7.78
2026-01-28 15:48:30,7.78
2026-01-28 15:48:31,7.78
2026-01-28 15:48:32,7.78
2026-01-28 15:48:33,7.78
2026-01-28 15:48:34,8.47
2026-01-28 15:48:35,8.47
2026-01-28 15:48:36,8.47
2026-01-28 15:48:37,8.47
2026-01-28 15:48:38,8.47
2026-01-28 15:48:39,7.37
2026-01-28 15:48:40,7.37
2026-01-28 15:48:41,7.37
2026-01-28 15:48:42,7.37
2026-01-28 15:48:43,7.37
2026-01-28 15:48:44,8.14
2026-01-28 15:48:45,8.14
2026-01-28 15:48:46,8.14
2026-01-28 15:48:47,8.14
2026-01-28 15:48:48,8.14
2026-01-28 15:48:49,7.61
2026-01-28 15:48:50,7.61
2026-01-28 15:48:51,7.61
2026-01-28 15:48:52,7.61
2026-01-28 15:48:53,7.61
2026-01-28 15:48:54,8.54
2026-01-28 15:48:55,8.54
2026-01-28 15:48:56,8.54
2026-01-28 15:48:57,8.54
2026-01-28 15:48:58,8.54
2026-01-28 15:48:59,0
2026-01-28 15:49:00,0
2026-01-28 15:49:01,0
2026-01-28 15:49:02,0
2026-01-28 15:49:03,0
2026-01-28 15:49:04,0
2026-01-28 15:49:05,0
2026-01-28 15:49:06,0
2026-01-28 15:49:07,0
2026-01-28 15:49:08,0
2026-01-28 15:49:09,0
2026-01-28 15:49:10,0
2026-01-28 15:49:11,0
2026-01-28 15:49:12,0
2026-01-28 15:49:13,0
2026-01-28 15:49:14,0
2026-01-28 15:49:15,0
2026-01-28 15:49:16,0
2026-01-28 15:49:17,0
2026-01-28 15:49:18,0
2026-01-28 15:49:19,0
2026-01-28 15:49:20,0
2026-01-28 15:49:21,0
2026-01-28 15:49:22,0
2026-01-28 15:49:23,0
2026-01-28 15:49:24,0
2026-01-28 15:49:25,0
2026-01-28 15:49:26,0
2026-01-28 15:49:27,0
2026-01-28 15:49:28,0
2026-01-28 15:49:29,0
2026-01-28 15:49:30,0
2026-01-28 15:49:31,0
2026-01-28 15:49:32,0
2026-01-28 15:49:33,0
2026-01-28 15:49:34,0
2026-01-28 15:49:35,0
2026-01-28 15:49:36,0
2026-01-28 15:49:37,0
2026-01-28 15:49:38,0
2026-01-28 15:49:39,0
2026-01-28 15:49:40,0
2026-01-28 15:49:41,0
2026-01-28 15:49:42,0
2026-01-28 15:49:43,0
2026-01-28 15:49:44,0
2026-01-28 15:49:45,0
2026-01-28 15:49:46,0
2026-01-28 15:49:47,0
2026-01-28 15:49:48,0
2026-01-28 15:49:49,0
2026-01-28 15:49:50,0
2026-01-28 15:49:51,0
2026-01-28 15:49:52,0
2026-01-28 15:49:53,0
2026-01-28 15:49:54,0
2026-01-28 15:49:55,0
2026-01-28 15:49:56,0
2026-01-28 15:49:57,0
2026-01-28 15:49:58,0
2026-01-28 15:49:59,0
2026-01-28 15:50:00,0
2026-01-28 15:50:01,0
2026-01-28 15:50:02,0
2026-01-28 15:50:03,0
2026-01-28 15:50:04,0
2026-01-28 15:50:05,0
2026-01-28 15:50:06,0
2026-01-28 15:50:07,0
2026-01-28 15:50:08,0
2026-01-28 15:50:09,0
2026-01-28 15:50:10,0
2026-01-28 15:50:11,0
2026-01-28 15:50:12,0
2026-01-28 15:50:13,0
2026-01-28 15:50:14,0
2026-01-28 15:50:15,0
2026-01-28 15:50:16,0
2026-01-28 15:50:17,0
2026-01-28 15:50:18,0
2026-01-28 15:50:19,0
2026-01-28 15:50:20,0
2026-01-28 15:50:21,0
2026-01-28 15:50:22,0
2026-01-28 15:50:23,0
2026-01-28 15:50:24,0
2026-01-28 15:50:25,0
2026-01-28 15:50:26,0
2026-01-28 15:50:27,0
2026-01-28 15:50:28,0
2026-01-28 15:50:29,0
2026-01-28 15:50:30,0
2026-01-28 15:50:31,0
2026-01-28 15:50:32,0
2026-01-28 15:50:33,0
2026-01-28 15:55:39,1.14
2026-01-28 15:55:40,1.14
2026-01-28 15:55:41,1.14
2026-01-28 15:55:42,1.14
2026-01-28 15:55:43,1.14
2026-01-28 15:55:44,6.84
2026-01-28 15:55:45,6.84
2026-01-28 15:55:46,6.84
2026-01-28 15:55:47,6.84
2026-01-28 15:55:48,6.84
2026-01-28 15:55:49,7.74
2026-01-28 15:55:50,7.74
2026-01-28 15:55:51,7.74
2026-01-28 15:55:52,7.74
2026-01-28 15:55:53,7.74
2026-01-28 15:55:54,8.40
2026-01-28 15:55:55,8.40
2026-01-28 15:55:56,8.40
2026-01-28 15:55:57,8.40
2026-01-28 15:55:58,8.40
2026-01-28 15:55:59,7.32
2026-01-28 15:56:00,7.32
2026-01-28 15:56:01,7.32
2026-01-28 15:56:02,7.32
2026-01-28 15:56:03,7.32
2026-01-28 15:56:04,9.80
2026-01-28 15:56:05,9.80
2026-01-28 15:56:06,9.80
2026-01-28 15:56:07,9.80
2026-01-28 15:56:08,9.80
2026-01-28 15:56:09,7.53
2026-01-28 15:56:10,7.53
2026-01-28 15:56:11,7.53
2026-01-28 15:56:12,7.53
2026-01-28 15:56:13,7.53
2026-01-28 15:56:14,5.95
2026-01-28 15:56:15,5.95
2026-01-28 15:56:16,5.95
2026-01-28 15:56:17,5.95
2026-01-28 15:56:18,5.95
2026-01-28 15:56:19,6.44
2026-01-28 15:56:20,6.44
2026-01-28 15:56:21,6.44
2026-01-28 15:56:22,6.44
2026-01-28 15:56:23,6.44
2026-01-28 15:56:24,7.25
2026-01-28 15:56:25,7.25
2026-01-28 15:56:26,7.25
2026-01-28 15:56:27,7.25
2026-01-28 15:56:28,7.25
2026-01-28 15:56:29,6.66
2026-01-28 15:56:30,6.66
2026-01-28 15:56:31,6.66
2026-01-28 15:56:32,6.66
2026-01-28 15:56:33,6.66
2026-01-28 15:56:34,7.54
2026-01-28 15:56:35,7.54
2026-01-28 15:56:36,7.54
2026-01-28 15:56:37,7.54
2026-01-28 15:56:38,7.54
2026-01-28 15:56:39,6.47
2026-01-28 15:56:40,6.47
2026-01-28 15:56:41,6.47
2026-01-28 15:56:42,6.47
2026-01-28 15:56:43,6.47
2026-01-28 15:56:44,7.33
2026-01-28 15:56:45,7.33
2026-01-28 15:56:46,7.33
2026-01-28 15:56:47,7.33
2026-01-28 15:56:48,7.33
2026-01-28 15:56:49,6.67
2026-01-28 15:56:50,6.67
2026-01-28 15:56:51,6.67
2026-01-28 15:56:52,6.67
2026-01-28 15:56:53,6.67
2026-01-28 15:56:54,0
2026-01-28 15:56:55,0
2026-01-28 15:56:56,0
2026-01-28 15:56:57,0
2026-01-28 15:56:58,0
2026-01-28 15:56:59,0
2026-01-28 15:57:00,0
2026-01-28 15:57:01,0
2026-01-28 15:57:02,0
2026-01-28 15:57:03,0
2026-01-28 15:57:04,0
2026-01-28 15:57:05,0
2026-01-28 15:57:06,0
2026-01-28 15:57:07,0
2026-01-28 15:57:08,0
2026-01-28 15:57:09,0
2026-01-28 15:57:10,0
2026-01-28 15:57:11,0
2026-01-28 15:57:12,0
2026-01-28 15:57:13,0
2026-01-28 15:57:14,0
2026-01-28 15:57:15,0
2026-01-28 15:57:16,0
2026-01-28 15:57:17,0
2026-01-28 15:57:18,0
2026-01-28 15:57:19,0
2026-01-28 15:57:20,0
2026-01-28 15:57:21,0
2026-01-28 15:57:22,0
2026-01-28 15:57:23,0
2026-01-28 15:57:24,0
2026-01-28 15:57:25,0
2026-01-28 15:57:26,0
2026-01-28 15:57:27,0
2026-01-28 15:57:28,0
2026-01-28 15:57:29,0
2026-01-28 15:57:30,0
2026-01-28 15:57:31,0
2026-01-28 15:57:32,0
2026-01-28 15:57:33,0
2026-01-28 15:57:34,0
2026-01-28 15:57:35,0
2026-01-28 15:57:36,0
2026-01-28 15:57:37,0
2026-01-28 15:57:38,0
2026-01-28 15:57:39,0
2026-01-28 15:57:40,0
2026-01-28 15:57:41,0
2026-01-28 15:57:42,0
2026-01-28 15:57:43,0
2026-01-28 15:57:44,0
2026-01-28 15:57:45,0
2026-01-28 15:57:46,0
2026-01-28 15:57:47,0
2026-01-28 15:57:48,0
2026-01-28 15:57:49,0
2026-01-28 15:57:50,0
2026-01-28 15:57:51,0
2026-01-28 15:57:52,0
2026-01-28 15:57:53,0
2026-01-28 15:57:54,0
2026-01-28 15:57:55,0
2026-01-28 15:57:56,0
2026-01-28 15:57:57,0
2026-01-28 15:57:58,0
2026-01-28 15:57:59,0
2026-01-28 15:58:00,0
2026-01-28 15:58:01,0
2026-01-28 15:58:02,0
2026-01-28 15:58:03,0
2026-01-28 15:58:04,0
2026-01-28 15:58:05,0
2026-01-28 15:58:06,0
2026-01-28 15:58:07,0
2026-01-28 15:58:08,0
2026-01-28 15:58:09,0
2026-01-28 15:58:10,0
2026-01-28 15:58:11,0
2026-01-28 15:58:12,0
2026-01-28 15:58:13,0
2026-01-28 15:58:14,0
2026-01-28 15:58:15,0
2026-01-28 15:58:16,0
2026-01-28 15:58:17,0
2026-01-28 15:58:18,0
2026-01-28 15:58:19,0
2026-01-28 15:58:20,0
2026-01-28 15:58:21,0
2026-01-28 15:58:22,0
2026-01-28 15:58:23,0
2026-01-28 15:58:24,0
2026-01-28 15:58:25,0
2026-01-28 15:58:26,0
2026-01-28 15:58:27,0
2026-01-28 15:58:28,0
2026-01-28 16:03:24,1.31
2026-01-28 16:03:25,1.31
2026-01-28 16:03:26,1.31
2026-01-28 16:03:27,1.31
2026-01-28 16:03:28,1.31
2026-01-28 16:03:29,6.13
2026-01-28 16:03:30,6.13
2026-01-28 16:03:31,6.13
2026-01-28 16:03:32,6.13
2026-01-28 16:03:33,6.13
2026-01-28 16:03:34,8.46
2026-01-28 16:03:35,8.46
2026-01-28 16:03:36,8.46
2026-01-28 16:03:37,8.46
2026-01-28 16:03:38,8.46
2026-01-28 16:03:39,7.87
2026-01-28 16:03:40,7.87
2026-01-28 16:03:41,7.87
2026-01-28 16:03:42,7.87
2026-01-28 16:03:43,7.87
2026-01-28 16:03:44,8.19
2026-01-28 16:03:45,8.19
2026-01-28 16:03:46,8.19
2026-01-28 16:03:47,8.19
2026-01-28 16:03:48,8.19
2026-01-28 16:03:49,7.36
2026-01-28 16:03:50,7.36
2026-01-28 16:03:51,7.36
2026-01-28 16:03:52,7.36
2026-01-28 16:03:53,7.36
2026-01-28 16:03:54,8.50
2026-01-28 16:03:55,8.50
2026-01-28 16:03:56,8.50
2026-01-28 16:03:57,8.50
2026-01-28 16:03:58,8.50
2026-01-28 16:03:59,8.37
2026-01-28 16:04:00,8.37
2026-01-28 16:04:01,8.37
2026-01-28 16:04:02,8.37
2026-01-28 16:04:03,8.37
2026-01-28 16:04:04,9.23
2026-01-28 16:04:05,9.23
2026-01-28 16:04:06,9.23
2026-01-28 16:04:07,9.23
2026-01-28 16:04:08,9.23
2026-01-28 16:04:09,8.30
2026-01-28 16:04:10,8.30
2026-01-28 16:04:11,8.30
2026-01-28 16:04:12,8.30
2026-01-28 16:04:13,8.30
2026-01-28 16:04:14,7.67
2026-01-28 16:04:15,7.67
2026-01-28 16:04:16,7.67
2026-01-28 16:04:17,7.67
2026-01-28 16:04:18,7.67
2026-01-28 16:04:19,8.35
2026-01-28 16:04:20,8.35
2026-01-28 16:04:21,8.35
2026-01-28 16:04:22,8.35
2026-01-28 16:04:23,8.35
2026-01-28 16:04:24,9.57
2026-01-28 16:04:25,9.57
2026-01-28 16:04:26,9.57
2026-01-28 16:04:27,9.57
2026-01-28 16:04:28,9.57
2026-01-28 16:04:29,8.34
2026-01-28 16:04:30,8.34
2026-01-28 16:04:31,8.34
2026-01-28 16:04:32,8.34
2026-01-28 16:04:33,8.34
2026-01-28 16:04:34,8.89
2026-01-28 16:04:35,8.89
2026-01-28 16:04:36,8.89
2026-01-28 16:04:37,8.89
2026-01-28 16:04:38,8.89
2026-01-28 16:04:39,0
2026-01-28 16:04:40,0
2026-01-28 16:04:41,0
2026-01-28 16:04:42,0
2026-01-28 16:04:43,0
2026-01-28 16:04:44,0
2026-01-28 16:04:45,0
2026-01-28 16:04:46,0
2026-01-28 16:04:47,0
2026-01-28 16:04:48,0
2026-01-28 16:04:49,0
2026-01-28 16:04:50,0
2026-01-28 16:04:51,0
2026-01-28 16:04:52,0
2026-01-28 16:04:53,0
2026-01-28 16:04:54,0
2026-01-28 16:04:55,0
2026-01-28 16:04:56,0
2026-01-28 16:04:57,0
2026-01-28 16:04:58,0
2026-01-28 16:04:59,0
2026-01-28 16:05:00,0
2026-01-28 16:05:01,0
2026-01-28 16:05:02,0
2026-01-28 16:05:03,0
2026-01-28 16:05:04,0
2026-01-28 16:05:05,0
2026-01-28 16:05:06,0
2026-01-28 16:05:07,0
2026-01-28 16:05:08,0
2026-01-28 16:05:09,0
2026-01-28 16:05:10,0
2026-01-28 16:05:11,0
2026-01-28 16:05:12,0
2026-01-28 16:05:13,0
2026-01-28 16:05:14,0
2026-01-28 16:05:15,0
2026-01-28 16:05:16,0
2026-01-28 16:05:17,0
2026-01-28 16:05:18,0
2026-01-28 16:05:19,0
2026-01-28 16:05:20,0
2026-01-28 16:05:21,0
2026-01-28 16:05:22,0
2026-01-28 16:05:23,0
2026-01-28 16:05:24,0
2026-01-28 16:05:25,0
2026-01-28 16:05:26,0
2026-01-28 16:05:27,0
2026-01-28 16:05:28,0
2026-01-28 16:05:29,0
2026-01-28 16:05:30,0
2026-01-28 16:05:31,0
2026-01-28 16:05:32,0
2026-01-28 16:05:33,0
2026-01-28 16:05:34,0
2026-01-28 16:05:35,0
2026-01-28 16:05:36,0
2026-01-28 16:05:37,0
2026-01-28 16:05:38,0
2026-01-28 16:05:39,0
2026-01-28 16:05:40,0
2026-01-28 16:05:41,0
2026-01-28 16:05:42,0
2026-01-28 16:05:43,0
2026-01-28 16:05:44,0
2026-01-28 16:05:45,0
2026-01-28 16:05:46,0
2026-01-28 16:05:47,0
2026-01-28 16:05:48,0
2026-01-28 16:05:49,0
2026-01-28 16:05:50,0
2026-01-28 16:05:51,0
2026-01-28 16:05:52,0
2026-01-28 16:05:53,0
2026-01-28 16:05:54,0
2026-01-28 16:05:55,0
2026-01-28 16:05:56,0
2026-01-28 16:05:57,0
2026-01-28 16:05:58,0
2026-01-28 16:05:59,0
2026-01-28 16:06:00,0
2026-01-28 16:06:01,0
2026-01-28 16:06:02,0
2026-01-28 16:06:03,0
2026-01-28 16:06:04,0
2026-01-28 16:06:05,0
2026-01-28 16:06:06,0
2026-01-28 16:06:07,0
2026-01-28 16:06:08,0
2026-01-28 16:06:09,0
2026-01-28 16:06:10,0
2026-01-28 16:06:11,0
2026-01-28 16:06:12,0
2026-01-28 16:06:13,0
2026-01-28 16:11:19,1.37
2026-01-28 16:11:20,1.37
2026-01-28 16:11:21,1.37
2026-01-28 16:11:22,1.37
2026-01-28 16:11:23,1.37
2026-01-28 16:11:24,7.85
2026-01-28 16:11:25,7.85
2026-01-28 16:11:26,7.85
2026-01-28 16:11:27,7.85
2026-01-28 16:11:28,7.85
2026-01-28 16:11:29,8.51
2026-01-28 16:11:30,8.51
2026-01-28 16:11:31,8.51
2026-01-28 16:11:32,8.51
2026-01-28 16:11:33,8.51
2026-01-28 16:11:34,8.96
2026-01-28 16:11:35,8.96
2026-01-28 16:11:36,8.96
2026-01-28 16:11:37,8.96
2026-01-28 16:11:38,8.96
2026-01-28 16:11:39,8.11
2026-01-28 16:11:40,8.11
2026-01-28 16:11:41,8.11
2026-01-28 16:11:42,8.11
2026-01-28 16:11:43,8.11
2026-01-28 16:11:44,8.94
2026-01-28 16:11:45,8.94
2026-01-28 16:11:46,8.94
2026-01-28 16:11:47,8.94
2026-01-28 16:11:48,8.94
2026-01-28 16:11:49,8.35
2026-01-28 16:11:50,8.35
2026-01-28 16:11:51,8.35
2026-01-28 16:11:52,8.35
2026-01-28 16:11:53,8.35
2026-01-28 16:11:54,9.14
2026-01-28 16:11:55,9.14
2026-01-28 16:11:56,9.14
2026-01-28 16:11:57,9.14
2026-01-28 16:11:58,9.14
2026-01-28 16:11:59,8.08
2026-01-28 16:12:00,8.08
2026-01-28 16:12:01,8.08
2026-01-28 16:12:02,8.08
2026-01-28 16:12:03,8.08
2026-01-28 16:12:04,8.75
2026-01-28 16:12:05,8.75
2026-01-28 16:12:06,8.75
2026-01-28 16:12:07,8.75
2026-01-28 16:12:08,8.75
2026-01-28 16:12:09,8.34
2026-01-28 16:12:10,8.34
2026-01-28 16:12:11,8.34
2026-01-28 16:12:12,8.34
2026-01-28 16:12:13,8.34
2026-01-28 16:12:14,7.80
2026-01-28 16:12:15,7.80
2026-01-28 16:12:16,7.80
2026-01-28 16:12:17,7.80
2026-01-28 16:12:18,7.80
2026-01-28 16:12:19,8.41
2026-01-28 16:12:20,8.41
2026-01-28 16:12:21,8.41
2026-01-28 16:12:22,8.41
2026-01-28 16:12:23,8.41
2026-01-28 16:12:24,9.04
2026-01-28 16:12:25,9.04
2026-01-28 16:12:26,9.04
2026-01-28 16:12:27,9.04
2026-01-28 16:12:28,9.04
2026-01-28 16:12:29,8.27
2026-01-28 16:12:30,8.27
2026-01-28 16:12:31,8.27
2026-01-28 16:12:32,8.27
2026-01-28 16:12:33,8.27
2026-01-28 16:12:34,0
2026-01-28 16:12:35,0
2026-01-28 16:12:36,0
2026-01-28 16:12:37,0
2026-01-28 16:12:38,0
2026-01-28 16:12:39,0
2026-01-28 16:12:40,0
2026-01-28 16:12:41,0
2026-01-28 16:12:42,0
2026-01-28 16:12:43,0
2026-01-28 16:12:44,0
2026-01-28 16:12:45,0
2026-01-28 16:12:46,0
2026-01-28 16:12:47,0
2026-01-28 16:12:48,0
2026-01-28 16:12:49,0
2026-01-28 16:12:50,0
2026-01-28 16:12:51,0
2026-01-28 16:12:52,0
2026-01-28 16:12:53,0
2026-01-28 16:12:54,0
2026-01-28 16:12:55,0
2026-01-28 16:12:56,0
2026-01-28 16:12:57,0
2026-01-28 16:12:58,0
2026-01-28 16:12:59,0
2026-01-28 16:13:00,0
2026-01-28 16:13:01,0
2026-01-28 16:13:02,0
2026-01-28 16:13:03,0
2026-01-28 16:13:04,0
2026-01-28 16:13:05,0
2026-01-28 16:13:06,0
2026-01-28 16:13:07,0
2026-01-28 16:13:08,0
2026-01-28 16:13:09,0
2026-01-28 16:13:10,0
2026-01-28 16:13:11,0
2026-01-28 16:13:12,0
2026-01-28 16:13:13,0
2026-01-28 16:13:14,0
2026-01-28 16:13:15,0
2026-01-28 16:13:16,0
2026-01-28 16:13:17,0
2026-01-28 16:13:18,0
2026-01-28 16:13:19,0
2026-01-28 16:13:20,0
2026-01-28 16:13:21,0
2026-01-28 16:13:22,0
2026-01-28 16:13:23,0
2026-01-28 16:13:24,0
2026-01-28 16:13:25,0
2026-01-28 16:13:26,0
2026-01-28 16:13:27,0
2026-01-28 16:13:28,0
2026-01-28 16:13:29,0
2026-01-28 16:13:30,0
2026-01-28 16:13:31,0
2026-01-28 16:13:32,0
2026-01-28 16:13:33,0
2026-01-28 16:13:34,0
2026-01-28 16:13:35,0
2026-01-28 16:13:36,0
2026-01-28 16:13:37,0
2026-01-28 16:13:38,0
2026-01-28 16:13:39,0
2026-01-28 16:13:40,0
2026-01-28 16:13:41,0
2026-01-28 16:13:42,0
2026-01-28 16:13:43,0
2026-01-28 16:13:44,0
2026-01-28 16:13:45,0
2026-01-28 16:13:46,0
2026-01-28 16:13:47,0
2026-01-28 16:13:48,0
2026-01-28 16:13:49,0
2026-01-28 16:13:50,0
2026-01-28 16:13:51,0
2026-01-28 16:13:52,0
2026-01-28 16:13:53,0
2026-01-28 16:13:54,0
2026-01-28 16:13:55,0
2026-01-28 16:13:56,0
2026-01-28 16:13:57,0
2026-01-28 16:13:58,0
2026-01-28 16:13:59,0
2026-01-28 16:14:00,0
2026-01-28 16:14:01,0
2026-01-28 16:14:02,0
2026-01-28 16:14:03,0
2026-01-28 16:14:04,0
2026-01-28 16:14:05,0
2026-01-28 16:14:06,0
2026-01-28 16:14:07,0
2026-01-28 16:14:08,0
2026-01-28 16:19:14,3.17
2026-01-28 16:19:15,3.17
2026-01-28 16:19:16,3.17
2026-01-28 16:19:17,3.17
2026-01-28 16:19:18,3.17
2026-01-28 16:19:19,7.23
2026-01-28 16:19:20,7.23
2026-01-28 16:19:21,7.23
2026-01-28 16:19:22,7.23
2026-01-28 16:19:23,7.23
2026-01-28 16:19:24,9.11
2026-01-28 16:19:25,9.11
2026-01-28 16:19:26,9.11
2026-01-28 16:19:27,9.11
2026-01-28 16:19:28,9.11
2026-01-28 16:19:29,7.45
2026-01-28 16:19:30,7.45
2026-01-28 16:19:31,7.45
2026-01-28 16:19:32,7.45
2026-01-28 16:19:33,7.45
2026-01-28 16:19:34,8.01
2026-01-28 16:19:35,8.01
2026-01-28 16:19:36,8.01
2026-01-28 16:19:37,8.01
2026-01-28 16:19:38,8.01
2026-01-28 16:19:39,7.42
2026-01-28 16:19:40,7.42
2026-01-28 16:19:41,7.42
2026-01-28 16:19:42,7.42
2026-01-28 16:19:43,7.42
2026-01-28 16:19:44,8.08
2026-01-28 16:19:45,8.08
2026-01-28 16:19:46,8.08
2026-01-28 16:19:47,8.08
2026-01-28 16:19:48,8.08
2026-01-28 16:19:49,7.45
2026-01-28 16:19:50,7.45
2026-01-28 16:19:51,7.45
2026-01-28 16:19:52,7.45
2026-01-28 16:19:53,7.45
2026-01-28 16:19:54,8.34
2026-01-28 16:19:55,8.34
2026-01-28 16:19:56,8.34
2026-01-28 16:19:57,8.34
2026-01-28 16:19:58,8.34
2026-01-28 16:19:59,7.55
2026-01-28 16:20:00,7.55
2026-01-28 16:20:01,7.55
2026-01-28 16:20:02,7.55
2026-01-28 16:20:03,7.55
2026-01-28 16:20:04,8.14
2026-01-28 16:20:05,8.14
2026-01-28 16:20:06,8.14
2026-01-28 16:20:07,8.14
2026-01-28 16:20:08,8.14
2026-01-28 16:20:09,7.41
2026-01-28 16:20:10,7.41
2026-01-28 16:20:11,7.41
2026-01-28 16:20:12,7.41
2026-01-28 16:20:13,7.41
2026-01-28 16:20:14,6.59
2026-01-28 16:20:15,6.59
2026-01-28 16:20:16,6.59
2026-01-28 16:20:17,6.59
2026-01-28 16:20:18,6.59
2026-01-28 16:20:19,7.44
2026-01-28 16:20:20,7.44
2026-01-28 16:20:21,7.44
2026-01-28 16:20:22,7.44
2026-01-28 16:20:23,7.44
2026-01-28 16:20:24,6.96
2026-01-28 16:20:25,6.96
2026-01-28 16:20:26,6.96
2026-01-28 16:20:27,6.96
2026-01-28 16:20:28,6.96
2026-01-28 16:20:29,0
2026-01-28 16:20:30,0
2026-01-28 16:20:31,0
2026-01-28 16:20:32,0
2026-01-28 16:20:33,0
2026-01-28 16:20:34,0
2026-01-28 16:20:35,0
2026-01-28 16:20:36,0
2026-01-28 16:20:37,0
2026-01-28 16:20:38,0
2026-01-28 16:20:39,0
2026-01-28 16:20:40,0
2026-01-28 16:20:41,0
2026-01-28 16:20:42,0
2026-01-28 16:20:43,0
2026-01-28 16:20:44,0
2026-01-28 16:20:45,0
2026-01-28 16:20:46,0
2026-01-28 16:20:47,0
2026-01-28 16:20:48,0
2026-01-28 16:20:49,0
2026-01-28 16:20:50,0
2026-01-28 16:20:51,0
2026-01-28 16:20:52,0
2026-01-28 16:20:53,0
2026-01-28 16:20:54,0
2026-01-28 16:20:55,0
2026-01-28 16:20:56,0
2026-01-28 16:20:57,0
2026-01-28 16:20:58,0
2026-01-28 16:20:59,0
2026-01-28 16:21:00,0
2026-01-28 16:21:01,0
2026-01-28 16:21:02,0
2026-01-28 16:21:03,0
2026-01-28 16:21:04,0
2026-01-28 16:21:05,0
2026-01-28 16:21:06,0
2026-01-28 16:21:07,0
2026-01-28 16:21:08,0
2026-01-28 16:21:09,0
2026-01-28 16:21:10,0
2026-01-28 16:21:11,0
2026-01-28 16:21:12,0
2026-01-28 16:21:13,0
2026-01-28 16:21:14,0
2026-01-28 16:21:15,0
2026-01-28 16:21:16,0
2026-01-28 16:21:17,0
2026-01-28 16:21:18,0
2026-01-28 16:21:19,0
2026-01-28 16:21:20,0
2026-01-28 16:21:21,0
2026-01-28 16:21:22,0
2026-01-28 16:21:23,0
2026-01-28 16:21:24,0
2026-01-28 16:21:25,0
2026-01-28 16:21:26,0
2026-01-28 16:21:27,0
2026-01-28 16:21:28,0
2026-01-28 16:21:29,0
2026-01-28 16:21:30,0
2026-01-28 16:21:31,0
2026-01-28 16:21:32,0
2026-01-28 16:21:33,0
2026-01-28 16:21:34,0
2026-01-28 16:21:35,0
2026-01-28 16:21:36,0
2026-01-28 16:21:37,0
2026-01-28 16:21:38,0
2026-01-28 16:21:39,0
2026-01-28 16:21:40,0
2026-01-28 16:21:41,0
2026-01-28 16:21:42,0
2026-01-28 16:21:43,0
2026-01-28 16:21:44,0
2026-01-28 16:21:45,0
2026-01-28 16:21:46,0
2026-01-28 16:21:47,0
2026-01-28 16:21:48,0
2026-01-28 16:21:49,0
2026-01-28 16:21:50,0
2026-01-28 16:21:51,0
2026-01-28 16:21:52,0
2026-01-28 16:21:53,0
2026-01-28 16:21:54,0
2026-01-28 16:21:55,0
2026-01-28 16:21:56,0
2026-01-28 16:21:57,0
2026-01-28 16:21:58,0
2026-01-28 16:21:59,0
2026-01-28 16:22:00,0
2026-01-28 16:22:01,0
2026-01-28 16:22:02,0
2026-01-28 16:22:03,0
2026-01-28 16:26:59,3.28
2026-01-28 16:27:00,3.28
2026-01-28 16:27:01,3.28
2026-01-28 16:27:02,3.28
2026-01-28 16:27:03,3.28
2026-01-28 16:27:04,7.95
2026-01-28 16:27:05,7.95
2026-01-28 16:27:06,7.95
2026-01-28 16:27:07,7.95
2026-01-28 16:27:08,7.95
2026-01-28 16:27:09,8.37
2026-01-28 16:27:10,8.37
2026-01-28 16:27:11,8.37
2026-01-28 16:27:12,8.37
2026-01-28 16:27:13,8.37
2026-01-28 16:27:14,7.65
2026-01-28 16:27:15,7.65
2026-01-28 16:27:16,7.65
2026-01-28 16:27:17,7.65
2026-01-28 16:27:18,7.65
2026-01-28 16:27:19,8.14
2026-01-28 16:27:20,8.14
2026-01-28 16:27:21,8.14
2026-01-28 16:27:22,8.14
2026-01-28 16:27:23,8.14
2026-01-28 16:27:24,7.91
2026-01-28 16:27:25,7.91
2026-01-28 16:27:26,7.91
2026-01-28 16:27:27,7.91
2026-01-28 16:27:28,7.91
2026-01-28 16:27:29,8.46
2026-01-28 16:27:30,8.46
2026-01-28 16:27:31,8.46
2026-01-28 16:27:32,8.46
2026-01-28 16:27:33,8.46
2026-01-28 16:27:34,7.51
2026-01-28 16:27:35,7.51
2026-01-28 16:27:36,7.51
2026-01-28 16:27:37,7.51
2026-01-28 16:27:38,7.51
2026-01-28 16:27:39,8.29
2026-01-28 16:27:40,8.29
2026-01-28 16:27:41,8.29
2026-01-28 16:27:42,8.29
2026-01-28 16:27:43,8.29
2026-01-28 16:27:44,7.54
2026-01-28 16:27:45,7.54
2026-01-28 16:27:46,7.54
2026-01-28 16:27:47,7.54
2026-01-28 16:27:48,7.54
2026-01-28 16:27:49,8.30
2026-01-28 16:27:50,8.30
2026-01-28 16:27:51,8.30
2026-01-28 16:27:52,8.30
2026-01-28 16:27:53,8.30
2026-01-28 16:27:54,7.54
2026-01-28 16:27:55,7.54
2026-01-28 16:27:56,7.54
2026-01-28 16:27:57,7.54
2026-01-28 16:27:58,7.54
2026-01-28 16:27:59,8.20
2026-01-28 16:28:00,8.20
2026-01-28 16:28:01,8.20
2026-01-28 16:28:02,8.20
2026-01-28 16:28:03,8.20
2026-01-28 16:28:04,7.54
2026-01-28 16:28:05,7.54
2026-01-28 16:28:06,7.54
2026-01-28 16:28:07,7.54
2026-01-28 16:28:08,7.54
2026-01-28 16:28:09,8.59
2026-01-28 16:28:10,8.59
2026-01-28 16:28:11,8.59
2026-01-28 16:28:12,8.59
2026-01-28 16:28:13,8.59
2026-01-28 16:28:14,0
2026-01-28 16:28:15,0
2026-01-28 16:28:16,0
2026-01-28 16:28:17,0
2026-01-28 16:28:18,0
2026-01-28 16:28:19,0
2026-01-28 16:28:20,0
2026-01-28 16:28:21,0
2026-01-28 16:28:22,0
2026-01-28 16:28:23,0
2026-01-28 16:28:24,0
2026-01-28 16:28:25,0
2026-01-28 16:28:26,0
2026-01-28 16:28:27,0
2026-01-28 16:28:28,0
2026-01-28 16:28:29,0
2026-01-28 16:28:30,0
2026-01-28 16:28:31,0
2026-01-28 16:28:32,0
2026-01-28 16:28:33,0
2026-01-28 16:28:34,0
2026-01-28 16:28:35,0
2026-01-28 16:28:36,0
2026-01-28 16:28:37,0
2026-01-28 16:28:38,0
2026-01-28 16:28:39,0
2026-01-28 16:28:40,0
2026-01-28 16:28:41,0
2026-01-28 16:28:42,0
2026-01-28 16:28:43,0
2026-01-28 16:28:44,0
2026-01-28 16:28:45,0
2026-01-28 16:28:46,0
2026-01-28 16:28:47,0
2026-01-28 16:28:48,0
2026-01-28 16:28:49,0
2026-01-28 16:28:50,0
2026-01-28 16:28:51,0
2026-01-28 16:28:52,0
2026-01-28 16:28:53,0
2026-01-28 16:28:54,0
2026-01-28 16:28:55,0
2026-01-28 16:28:56,0
2026-01-28 16:28:57,0
2026-01-28 16:28:58,0
2026-01-28 16:28:59,0
2026-01-28 16:29:00,0
2026-01-28 16:29:01,0
2026-01-28 16:29:02,0
2026-01-28 16:29:03,0
2026-01-28 16:29:04,0
2026-01-28 16:29:05,0
2026-01-28 16:29:06,0
2026-01-28 16:29:07,0
2026-01-28 16:29:08,0
2026-01-28 16:29:09,0
2026-01-28 16:29:10,0
2026-01-28 16:29:11,0
2026-01-28 16:29:12,0
2026-01-28 16:29:13,0
2026-01-28 16:29:14,0
2026-01-28 16:29:15,0
2026-01-28 16:29:16,0
2026-01-28 16:29:17,0
2026-01-28 16:29:18,0
2026-01-28 16:29:19,0
2026-01-28 16:29:20,0
2026-01-28 16:29:21,0
2026-01-28 16:29:22,0
2026-01-28 16:29:23,0
2026-01-28 16:29:24,0
2026-01-28 16:29:25,0
2026-01-28 16:29:26,0
2026-01-28 16:29:27,0
2026-01-28 16:29:28,0
2026-01-28 16:29:29,0
2026-01-28 16:29:30,0
2026-01-28 16:29:31,0
2026-01-28 16:29:32,0
2026-01-28 16:29:33,0
2026-01-28 16:29:34,0
2026-01-28 16:29:35,0
2026-01-28 16:29:36,0
2026-01-28 16:29:37,0
2026-01-28 16:29:38,0
2026-01-28 16:29:39,0
2026-01-28 16:29:40,0
2026-01-28 16:29:41,0
2026-01-28 16:29:42,0
2026-01-28 16:29:43,0
2026-01-28 16:29:44,0
2026-01-28 16:29:45,0
2026-01-28 16:29:46,0
2026-01-28 16:29:47,0
2026-01-28 16:29:48,0
2026-01-28 16:34:54,1.71
2026-01-28 16:34:55,1.71
2026-01-28 16:34:56,1.71
2026-01-28 16:34:57,1.71
2026-01-28 16:34:58,1.71
2026-01-28 16:34:59,9.55
2026-01-28 16:35:00,9.55
2026-01-28 16:35:01,9.55
2026-01-28 16:35:02,9.55
2026-01-28 16:35:03,9.55
2026-01-28 16:35:04,8.22
2026-01-28 16:35:05,8.22
2026-01-28 16:35:06,8.22
2026-01-28 16:35:07,8.22
2026-01-28 16:35:08,8.22
2026-01-28 16:35:09,9.94
2026-01-28 16:35:10,9.94
2026-01-28 16:35:11,9.94
2026-01-28 16:35:12,9.94
2026-01-28 16:35:13,9.94
2026-01-28 16:35:14,7.57
2026-01-28 16:35:15,7.57
2026-01-28 16:35:16,7.57
2026-01-28 16:35:17,7.57
2026-01-28 16:35:18,7.57
2026-01-28 16:35:19,9.55
2026-01-28 16:35:20,9.55
2026-01-28 16:35:21,9.55
2026-01-28 16:35:22,9.55
2026-01-28 16:35:23,9.55
2026-01-28 16:35:24,7.81
2026-01-28 16:35:25,7.81
2026-01-28 16:35:26,7.81
2026-01-28 16:35:27,7.81
2026-01-28 16:35:28,7.81
2026-01-28 16:35:29,9.51
2026-01-28 16:35:30,9.51
2026-01-28 16:35:31,9.51
2026-01-28 16:35:32,9.51
2026-01-28 16:35:33,9.51
2026-01-28 16:35:34,7.62
2026-01-28 16:35:35,7.62
2026-01-28 16:35:36,7.62
2026-01-28 16:35:37,7.62
2026-01-28 16:35:38,7.62
2026-01-28 16:35:39,9.38
2026-01-28 16:35:40,9.38
2026-01-28 16:35:41,9.38
2026-01-28 16:35:42,9.38
2026-01-28 16:35:43,9.38
2026-01-28 16:35:44,7.72
2026-01-28 16:35:45,7.72
2026-01-28 16:35:46,7.72
2026-01-28 16:35:47,7.72
2026-01-28 16:35:48,7.72
2026-01-28 16:35:49,9.33
2026-01-28 16:35:50,9.33
2026-01-28 16:35:51,9.33
2026-01-28 16:35:52,9.33
2026-01-28 16:35:53,9.33
2026-01-28 16:35:54,8.57
2026-01-28 16:35:55,8.57
2026-01-28 16:35:56,8.57
2026-01-28 16:35:57,8.57
2026-01-28 16:35:58,8.57
2026-01-28 16:35:59,9.57
2026-01-28 16:36:00,9.57
2026-01-28 16:36:01,9.57
2026-01-28 16:36:02,9.57
2026-01-28 16:36:03,9.57
2026-01-28 16:36:04,7.74
2026-01-28 16:36:05,7.74
2026-01-28 16:36:06,7.74
2026-01-28 16:36:07,7.74
2026-01-28 16:36:08,7.74
2026-01-28 16:36:09,0
2026-01-28 16:36:10,0
2026-01-28 16:36:11,0
2026-01-28 16:36:12,0
2026-01-28 16:36:13,0
2026-01-28 16:36:14,0
2026-01-28 16:36:15,0
2026-01-28 16:36:16,0
2026-01-28 16:36:17,0
2026-01-28 16:36:18,0
2026-01-28 16:36:19,0
2026-01-28 16:36:20,0
2026-01-28 16:36:21,0
2026-01-28 16:36:22,0
2026-01-28 16:36:23,0
2026-01-28 16:36:24,0
2026-01-28 16:36:25,0
2026-01-28 16:36:26,0
2026-01-28 16:36:27,0
2026-01-28 16:36:28,0
2026-01-28 16:36:29,0
2026-01-28 16:36:30,0
2026-01-28 16:36:31,0
2026-01-28 16:36:32,0
2026-01-28 16:36:33,0
2026-01-28 16:36:34,0
2026-01-28 16:36:35,0
2026-01-28 16:36:36,0
2026-01-28 16:36:37,0
2026-01-28 16:36:38,0
2026-01-28 16:36:39,0
2026-01-28 16:36:40,0
2026-01-28 16:36:41,0
2026-01-28 16:36:42,0
2026-01-28 16:36:43,0
2026-01-28 16:36:44,0
2026-01-28 16:36:45,0
2026-01-28 16:36:46,0
2026-01-28 16:36:47,0
2026-01-28 16:36:48,0
2026-01-28 16:36:49,0
2026-01-28 16:36:50,0
2026-01-28 16:36:51,0
2026-01-28 16:36:52,0
2026-01-28 16:36:53,0
2026-01-28 16:36:54,0
2026-01-28 16:36:55,0
2026-01-28 16:36:56,0
2026-01-28 16:36:57,0
2026-01-28 16:36:58,0
2026-01-28 16:36:59,0
2026-01-28 16:37:00,0
2026-01-28 16:37:01,0
2026-01-28 16:37:02,0
2026-01-28 16:37:03,0
2026-01-28 16:37:04,0
2026-01-28 16:37:05,0
2026-01-28 16:37:06,0
2026-01-28 16:37:07,0
2026-01-28 16:37:08,0
2026-01-28 16:37:09,0
2026-01-28 16:37:10,0
2026-01-28 16:37:11,0
2026-01-28 16:37:12,0
2026-01-28 16:37:13,0
2026-01-28 16:37:14,0
2026-01-28 16:37:15,0
2026-01-28 16:37:16,0
2026-01-28 16:37:17,0
2026-01-28 16:37:18,0
2026-01-28 16:37:19,0
2026-01-28 16:37:20,0
2026-01-28 16:37:21,0
2026-01-28 16:37:22,0
2026-01-28 16:37:23,0
2026-01-28 16:37:24,0
2026-01-28 16:37:25,0
2026-01-28 16:37:26,0
2026-01-28 16:37:27,0
2026-01-28 16:37:28,0
2026-01-28 16:37:29,0
2026-01-28 16:37:30,0
2026-01-28 16:37:31,0
2026-01-28 16:37:32,0
2026-01-28 16:37:33,0
2026-01-28 16:37:34,0
2026-01-28 16:37:35,0
2026-01-28 16:37:36,0
2026-01-28 16:37:37,0
2026-01-28 16:37:38,0
2026-01-28 16:37:39,0
2026-01-28 16:37:40,0
2026-01-28 16:37:41,0
2026-01-28 16:37:42,0
2026-01-28 16:37:43,0
2026-01-28 16:42:49,2.41
2026-01-28 16:42:50,2.41
2026-01-28 16:42:51,2.41
2026-01-28 16:42:52,2.41
2026-01-28 16:42:53,2.41
2026-01-28 16:42:54,7.78
2026-01-28 16:42:55,7.78
2026-01-28 16:42:56,7.78
2026-01-28 16:42:57,7.78
2026-01-28 16:42:58,7.78
2026-01-28 16:42:59,8.10
2026-01-28 16:43:00,8.10
2026-01-28 16:43:01,8.10
2026-01-28 16:43:02,8.10
2026-01-28 16:43:03,8.10
2026-01-28 16:43:04,6.57
2026-01-28 16:43:05,6.57
2026-01-28 16:43:06,6.57
2026-01-28 16:43:07,6.57
2026-01-28 16:43:08,6.57
2026-01-28 16:43:09,8.29
2026-01-28 16:43:10,8.29
2026-01-28 16:43:11,8.29
2026-01-28 16:43:12,8.29
2026-01-28 16:43:13,8.29
2026-01-28 16:43:14,5.71
2026-01-28 16:43:15,5.71
2026-01-28 16:43:16,5.71
2026-01-28 16:43:17,5.71
2026-01-28 16:43:18,5.71
2026-01-28 16:43:19,8.13
2026-01-28 16:43:20,8.13
2026-01-28 16:43:21,8.13
2026-01-28 16:43:22,8.13
2026-01-28 16:43:23,8.13
2026-01-28 16:43:24,5.96
2026-01-28 16:43:25,5.96
2026-01-28 16:43:26,5.96
2026-01-28 16:43:27,5.96
2026-01-28 16:43:28,5.96
2026-01-28 16:43:29,8.04
2026-01-28 16:43:30,8.04
2026-01-28 16:43:31,8.04
2026-01-28 16:43:32,8.04
2026-01-28 16:43:33,8.04
2026-01-28 16:43:34,5.84
2026-01-28 16:43:35,5.84
2026-01-28 16:43:36,5.84
2026-01-28 16:43:37,5.84
2026-01-28 16:43:38,5.84
2026-01-28 16:43:39,8.07
2026-01-28 16:43:40,8.07
2026-01-28 16:43:41,8.07
2026-01-28 16:43:42,8.07
2026-01-28 16:43:43,8.07
2026-01-28 16:43:44,5.82
2026-01-28 16:43:45,5.82
2026-01-28 16:43:46,5.82
2026-01-28 16:43:47,5.82
2026-01-28 16:43:48,5.82
2026-01-28 16:43:49,8.22
2026-01-28 16:43:50,8.22
2026-01-28 16:43:51,8.22
2026-01-28 16:43:52,8.22
2026-01-28 16:43:53,8.22
2026-01-28 16:43:54,6.39
2026-01-28 16:43:55,6.39
2026-01-28 16:43:56,6.39
2026-01-28 16:43:57,6.39
2026-01-28 16:43:58,6.39
2026-01-28 16:43:59,8.50
2026-01-28 16:44:00,8.50
2026-01-28 16:44:01,8.50
2026-01-28 16:44:02,8.50
2026-01-28 16:44:03,8.50
2026-01-28 16:44:04,0
2026-01-28 16:44:05,0
2026-01-28 16:44:06,0
2026-01-28 16:44:07,0
2026-01-28 16:44:08,0
2026-01-28 16:44:09,0
2026-01-28 16:44:10,0
2026-01-28 16:44:11,0
2026-01-28 16:44:12,0
2026-01-28 16:44:13,0
2026-01-28 16:44:14,0
2026-01-28 16:44:15,0
2026-01-28 16:44:16,0
2026-01-28 16:44:17,0
2026-01-28 16:44:18,0
2026-01-28 16:44:19,0
2026-01-28 16:44:20,0
2026-01-28 16:44:21,0
2026-01-28 16:44:22,0
2026-01-28 16:44:23,0
2026-01-28 16:44:24,0
2026-01-28 16:44:25,0
2026-01-28 16:44:26,0
2026-01-28 16:44:27,0
2026-01-28 16:44:28,0
2026-01-28 16:44:29,0
2026-01-28 16:44:30,0
2026-01-28 16:44:31,0
2026-01-28 16:44:32,0
2026-01-28 16:44:33,0
2026-01-28 16:44:34,0
2026-01-28 16:44:35,0
2026-01-28 16:44:36,0
2026-01-28 16:44:37,0
2026-01-28 16:44:38,0
2026-01-28 16:44:39,0
2026-01-28 16:44:40,0
2026-01-28 16:44:41,0
2026-01-28 16:44:42,0
2026-01-28 16:44:43,0
2026-01-28 16:44:44,0
2026-01-28 16:44:45,0
2026-01-28 16:44:46,0
2026-01-28 16:44:47,0
2026-01-28 16:44:48,0
2026-01-28 16:44:49,0
2026-01-28 16:44:50,0
2026-01-28 16:44:51,0
2026-01-28 16:44:52,0
2026-01-28 16:44:53,0
2026-01-28 16:44:54,0
2026-01-28 16:44:55,0
2026-01-28 16:44:56,0
2026-01-28 16:44:57,0
2026-01-28 16:44:58,0
2026-01-28 16:44:59,0
2026-01-28 16:45:00,0
2026-01-28 16:45:01,0
2026-01-28 16:45:02,0
2026-01-28 16:45:03,0
2026-01-28 16:45:04,0
2026-01-28 16:45:05,0
2026-01-28 16:45:06,0
2026-01-28 16:45:07,0
2026-01-28 16:45:08,0
2026-01-28 16:45:09,0
2026-01-28 16:45:10,0
2026-01-28 16:45:11,0
2026-01-28 16:45:12,0
2026-01-28 16:45:13,0
2026-01-28 16:45:14,0
2026-01-28 16:45:15,0
2026-01-28 16:45:16,0
2026-01-28 16:45:17,0
2026-01-28 16:45:18,0
2026-01-28 16:45:19,0
2026-01-28 16:45:20,0
2026-01-28 16:45:21,0
2026-01-28 16:45:22,0
2026-01-28 16:45:23,0
2026-01-28 16:45:24,0
2026-01-28 16:45:25,0
2026-01-28 16:45:26,0
2026-01-28 16:45:27,0
2026-01-28 16:45:28,0
2026-01-28 16:45:29,0
2026-01-28 16:45:30,0
2026-01-28 16:45:31,0
2026-01-28 16:45:32,0
2026-01-28 16:45:33,0
2026-01-28 16:45:34,0
2026-01-28 16:45:35,0
2026-01-28 16:45:36,0
2026-01-28 16:45:37,0
2026-01-28 16:45:38,0
2026-01-28 16:50:39,9.95
2026-01-28 16:50:40,9.95
2026-01-28 16:50:41,9.95
2026-01-28 16:50:42,9.95
2026-01-28 16:50:43,9.95
2026-01-28 16:50:44,9.05
2026-01-28 16:50:45,9.05
2026-01-28 16:50:46,9.05
2026-01-28 16:50:47,9.05
2026-01-28 16:50:48,9.05
2026-01-28 16:50:49,10.2
2026-01-28 16:50:50,10.2
2026-01-28 16:50:51,10.2
2026-01-28 16:50:52,10.2
2026-01-28 16:50:53,10.2
2026-01-28 16:50:54,7.94
2026-01-28 16:50:55,7.94
2026-01-28 16:50:56,7.94
2026-01-28 16:50:57,7.94
2026-01-28 16:50:58,7.94
2026-01-28 16:50:59,9.27
2026-01-28 16:51:00,9.27
2026-01-28 16:51:01,9.27
2026-01-28 16:51:02,9.27
2026-01-28 16:51:03,9.27
2026-01-28 16:51:04,8.30
2026-01-28 16:51:05,8.30
2026-01-28 16:51:06,8.30
2026-01-28 16:51:07,8.30
2026-01-28 16:51:08,8.30
2026-01-28 16:51:09,10.8
2026-01-28 16:51:10,10.8
2026-01-28 16:51:11,10.8
2026-01-28 16:51:12,10.8
2026-01-28 16:51:13,10.8
2026-01-28 16:51:14,8.60
2026-01-28 16:51:15,8.60
2026-01-28 16:51:16,8.60
2026-01-28 16:51:17,8.60
2026-01-28 16:51:18,8.60
2026-01-28 16:51:19,10.2
2026-01-28 16:51:20,10.2
2026-01-28 16:51:21,10.2
2026-01-28 16:51:22,10.2
2026-01-28 16:51:23,10.2
2026-01-28 16:51:24,10.7
2026-01-28 16:51:25,10.7
2026-01-28 16:51:26,10.7
2026-01-28 16:51:27,10.7
2026-01-28 16:51:28,10.7
2026-01-28 16:51:29,9.41
2026-01-28 16:51:30,9.41
2026-01-28 16:51:31,9.41
2026-01-28 16:51:32,9.41
2026-01-28 16:51:33,9.41
2026-01-28 16:51:34,6.87
2026-01-28 16:51:35,6.87
2026-01-28 16:51:36,6.87
2026-01-28 16:51:37,6.87
2026-01-28 16:51:38,6.87
2026-01-28 16:51:39,8.84
2026-01-28 16:51:40,8.84
2026-01-28 16:51:41,8.84
2026-01-28 16:51:42,8.84
2026-01-28 16:51:43,8.84
2026-01-28 16:51:44,6.67
2026-01-28 16:51:45,6.67
2026-01-28 16:51:46,6.67
2026-01-28 16:51:47,6.67
2026-01-28 16:51:48,6.67
2026-01-28 16:51:49,8.90
2026-01-28 16:51:50,8.90
2026-01-28 16:51:51,8.90
2026-01-28 16:51:52,8.90
2026-01-28 16:51:53,8.90
2026-01-28 16:51:54,0
2026-01-28 16:51:55,0
2026-01-28 16:51:56,0
2026-01-28 16:51:57,0
2026-01-28 16:51:58,0
2026-01-28 16:51:59,0
2026-01-28 16:52:00,0
2026-01-28 16:52:01,0
2026-01-28 16:52:02,0
2026-01-28 16:52:03,0
2026-01-28 16:52:04,0
2026-01-28 16:52:05,0
2026-01-28 16:52:06,0
2026-01-28 16:52:07,0
2026-01-28 16:52:08,0
2026-01-28 16:52:09,0
2026-01-28 16:52:10,0
2026-01-28 16:52:11,0
2026-01-28 16:52:12,0
2026-01-28 16:52:13,0
2026-01-28 16:52:14,0
2026-01-28 16:52:15,0
2026-01-28 16:52:16,0
2026-01-28 16:52:17,0
2026-01-28 16:52:18,0
2026-01-28 16:52:19,0
2026-01-28 16:52:20,0
2026-01-28 16:52:21,0
2026-01-28 16:52:22,0
2026-01-28 16:52:23,0
2026-01-28 16:52:24,0
2026-01-28 16:52:25,0
2026-01-28 16:52:26,0
2026-01-28 16:52:27,0
2026-01-28 16:52:28,0
2026-01-28 16:52:29,0
2026-01-28 16:52:30,0
2026-01-28 16:52:31,0
2026-01-28 16:52:32,0
2026-01-28 16:52:33,0
2026-01-28 16:52:34,0
2026-01-28 16:52:35,0
2026-01-28 16:52:36,0
2026-01-28 16:52:37,0
2026-01-28 16:52:38,0
2026-01-28 16:52:39,0
2026-01-28 16:52:40,0
2026-01-28 16:52:41,0
2026-01-28 16:52:42,0
2026-01-28 16:52:43,0
2026-01-28 16:52:44,0
2026-01-28 16:52:45,0
2026-01-28 16:52:46,0
2026-01-28 16:52:47,0
2026-01-28 16:52:48,0
2026-01-28 16:52:49,0
2026-01-28 16:52:50,0
2026-01-28 16:52:51,0
2026-01-28 16:52:52,0
2026-01-28 16:52:53,0
2026-01-28 16:52:54,0
2026-01-28 16:52:55,0
2026-01-28 16:52:56,0
2026-01-28 16:52:57,0
2026-01-28 16:52:58,0
2026-01-28 16:52:59,0
2026-01-28 16:53:00,0
2026-01-28 16:53:01,0
2026-01-28 16:53:02,0
2026-01-28 16:53:03,0
2026-01-28 16:53:04,0
2026-01-28 16:53:05,0
2026-01-28 16:53:06,0
2026-01-28 16:53:07,0
2026-01-28 16:53:08,0
2026-01-28 16:53:09,0
2026-01-28 16:53:10,0
2026-01-28 16:53:11,0
2026-01-28 16:53:12,0
2026-01-28 16:53:13,0
2026-01-28 16:53:14,0
2026-01-28 16:53:15,0
2026-01-28 16:53:16,0
2026-01-28 16:53:17,0
2026-01-28 16:53:18,0
2026-01-28 16:53:19,0
2026-01-28 16:53:20,0
2026-01-28 16:53:21,0
2026-01-28 16:53:22,0
2026-01-28 16:53:23,0
2026-01-28 16:53:24,0
2026-01-28 16:53:25,0
2026-01-28 16:53:26,0
2026-01-28 16:53:27,0
2026-01-28 16:53:28,0
2026-01-28 16:58:34,8.84
2026-01-28 16:58:35,8.84
2026-01-28 16:58:36,8.84
2026-01-28 16:58:37,8.84
2026-01-28 16:58:38,8.84
2026-01-28 16:58:39,10.6
2026-01-28 16:58:40,10.6
2026-01-28 16:58:41,10.6
2026-01-28 16:58:42,10.6
2026-01-28 16:58:43,10.6
2026-01-28 16:58:44,8.70
2026-01-28 16:58:45,8.70
2026-01-28 16:58:46,8.70
2026-01-28 16:58:47,8.70
2026-01-28 16:58:48,8.70
2026-01-28 16:58:49,10.6
2026-01-28 16:58:50,10.6
2026-01-28 16:58:51,10.6
2026-01-28 16:58:52,10.6
2026-01-28 16:58:53,10.6
2026-01-28 16:58:54,10.00
2026-01-28 16:58:55,10.00
2026-01-28 16:58:56,10.00
2026-01-28 16:58:57,10.00
2026-01-28 16:58:58,10.00
2026-01-28 16:58:59,10.7
2026-01-28 16:59:00,10.7
2026-01-28 16:59:01,10.7
2026-01-28 16:59:02,10.7
2026-01-28 16:59:03,10.7
2026-01-28 16:59:04,8.28
2026-01-28 16:59:05,8.28
2026-01-28 16:59:06,8.28
2026-01-28 16:59:07,8.28
2026-01-28 16:59:08,8.28
2026-01-28 16:59:09,10.4
2026-01-28 16:59:10,10.4
2026-01-28 16:59:11,10.4
2026-01-28 16:59:12,10.4
2026-01-28 16:59:13,10.4
2026-01-28 16:59:14,8.40
2026-01-28 16:59:15,8.40
2026-01-28 16:59:16,8.40
2026-01-28 16:59:17,8.40
2026-01-28 16:59:18,8.40
2026-01-28 16:59:19,10.4
2026-01-28 16:59:20,10.4
2026-01-28 16:59:21,10.4
2026-01-28 16:59:22,10.4
2026-01-28 16:59:23,10.4
2026-01-28 16:59:24,8.35
2026-01-28 16:59:25,8.35
2026-01-28 16:59:26,8.35
2026-01-28 16:59:27,8.35
2026-01-28 16:59:28,8.35
2026-01-28 16:59:29,10.4
2026-01-28 16:59:30,10.4
2026-01-28 16:59:31,10.4
2026-01-28 16:59:32,10.4
2026-01-28 16:59:33,10.4
2026-01-28 16:59:34,8.60
2026-01-28 16:59:35,8.60
2026-01-28 16:59:36,8.60
2026-01-28 16:59:37,8.60
2026-01-28 16:59:38,8.60
2026-01-28 16:59:39,10.4
2026-01-28 16:59:40,10.4
2026-01-28 16:59:41,10.4
2026-01-28 16:59:42,10.4
2026-01-28 16:59:43,10.4
2026-01-28 16:59:44,8.34
2026-01-28 16:59:45,8.34
2026-01-28 16:59:46,8.34
2026-01-28 16:59:47,8.34
2026-01-28 16:59:48,8.34
2026-01-28 16:59:49,9.44
2026-01-28 16:59:50,9.44
2026-01-28 16:59:51,9.44
2026-01-28 16:59:52,9.44
2026-01-28 16:59:53,9.44
2026-01-28 16:59:54,0
2026-01-28 16:59:55,0
2026-01-28 16:59:56,0
2026-01-28 16:59:57,0
2026-01-28 16:59:58,0
2026-01-28 16:59:59,0
2026-01-28 17:00:00,0
2026-01-28 17:00:01,0
2026-01-28 17:00:02,0
2026-01-28 17:00:03,0
2026-01-28 17:00:04,0
2026-01-28 17:00:05,0
2026-01-28 17:00:06,0
2026-01-28 17:00:07,0
2026-01-28 17:00:08,0
2026-01-28 17:00:09,0
2026-01-28 17:00:10,0
2026-01-28 17:00:11,0
2026-01-28 17:00:12,0
2026-01-28 17:00:13,0
2026-01-28 17:00:14,0
2026-01-28 17:00:15,0
2026-01-28 17:00:16,0
2026-01-28 17:00:17,0
2026-01-28 17:00:18,0
2026-01-28 17:00:19,0
2026-01-28 17:00:20,0
2026-01-28 17:00:21,0
2026-01-28 17:00:22,0
2026-01-28 17:00:23,0
2026-01-28 17:00:24,0
2026-01-28 17:00:25,0
2026-01-28 17:00:26,0
2026-01-28 17:00:27,0
2026-01-28 17:00:28,0
2026-01-28 17:00:29,0
2026-01-28 17:00:30,0
2026-01-28 17:00:31,0
2026-01-28 17:00:32,0
2026-01-28 17:00:33,0
2026-01-28 17:00:34,0
2026-01-28 17:00:35,0
2026-01-28 17:00:36,0
2026-01-28 17:00:37,0
2026-01-28 17:00:38,0
2026-01-28 17:00:39,0
2026-01-28 17:00:40,0
2026-01-28 17:00:41,0
2026-01-28 17:00:42,0
2026-01-28 17:00:43,0
2026-01-28 17:00:44,0
2026-01-28 17:00:45,0
2026-01-28 17:00:46,0
2026-01-28 17:00:47,0
2026-01-28 17:00:48,0
2026-01-28 17:00:49,0
2026-01-28 17:00:50,0
2026-01-28 17:00:51,0
2026-01-28 17:00:52,0
2026-01-28 17:00:53,0
2026-01-28 17:00:54,0
2026-01-28 17:00:55,0
2026-01-28 17:00:56,0
2026-01-28 17:00:57,0
2026-01-28 17:00:58,0
2026-01-28 17:00:59,0
2026-01-28 17:01:00,0
2026-01-28 17:01:01,0
2026-01-28 17:01:02,0
2026-01-28 17:01:03,0
2026-01-28 17:01:04,0
2026-01-28 17:01:05,0
2026-01-28 17:01:06,0
2026-01-28 17:01:07,0
2026-01-28 17:01:08,0
2026-01-28 17:01:09,0
2026-01-28 17:01:10,0
2026-01-28 17:01:11,0
2026-01-28 17:01:12,0
2026-01-28 17:01:13,0
2026-01-28 17:01:14,0
2026-01-28 17:01:15,0
2026-01-28 17:01:16,0
2026-01-28 17:01:17,0
2026-01-28 17:01:18,0
2026-01-28 17:01:19,0
2026-01-28 17:01:20,0
2026-01-28 17:01:21,0
2026-01-28 17:01:22,0
2026-01-28 17:01:23,0
2026-01-28 17:01:24,0
2026-01-28 17:01:25,0
2026-01-28 17:01:26,0
2026-01-28 17:01:27,0
2026-01-28 17:01:28,0
2026-01-28 17:06:29,10.5
2026-01-28 17:06:30,10.5
2026-01-28 17:06:31,10.5
2026-01-28 17:06:32,10.5
2026-01-28 17:06:33,10.5
2026-01-28 17:06:34,8.97
2026-01-28 17:06:35,8.97
2026-01-28 17:06:36,8.97
2026-01-28 17:06:37,8.97
2026-01-28 17:06:38,8.97
2026-01-28 17:06:39,10.4
2026-01-28 17:06:40,10.4
2026-01-28 17:06:41,10.4
2026-01-28 17:06:42,10.4
2026-01-28 17:06:43,10.4
2026-01-28 17:06:44,8.29
2026-01-28 17:06:45,8.29
2026-01-28 17:06:46,8.29
2026-01-28 17:06:47,8.29
2026-01-28 17:06:48,8.29
2026-01-28 17:06:49,10.4
2026-01-28 17:06:50,10.4
2026-01-28 17:06:51,10.4
2026-01-28 17:06:52,10.4
2026-01-28 17:06:53,10.4
2026-01-28 17:06:54,8.26
2026-01-28 17:06:55,8.26
2026-01-28 17:06:56,8.26
2026-01-28 17:06:57,8.26
2026-01-28 17:06:58,8.26
2026-01-28 17:06:59,10.2
2026-01-28 17:07:00,10.2
2026-01-28 17:07:01,10.2
2026-01-28 17:07:02,10.2
2026-01-28 17:07:03,10.2
2026-01-28 17:07:04,8.15
2026-01-28 17:07:05,8.15
2026-01-28 17:07:06,8.15
2026-01-28 17:07:07,8.15
2026-01-28 17:07:08,8.15
2026-01-28 17:07:09,9.04
2026-01-28 17:07:10,9.04
2026-01-28 17:07:11,9.04
2026-01-28 17:07:12,9.04
2026-01-28 17:07:13,9.04
2026-01-28 17:07:14,7.47
2026-01-28 17:07:15,7.47
2026-01-28 17:07:16,7.47
2026-01-28 17:07:17,7.47
2026-01-28 17:07:18,7.47
2026-01-28 17:07:19,9.02
2026-01-28 17:07:20,9.02
2026-01-28 17:07:21,9.02
2026-01-28 17:07:22,9.02
2026-01-28 17:07:23,9.02
2026-01-28 17:07:24,7.64
2026-01-28 17:07:25,7.64
2026-01-28 17:07:26,7.64
2026-01-28 17:07:27,7.64
2026-01-28 17:07:28,7.64
2026-01-28 17:07:29,9.13
2026-01-28 17:07:30,9.13
2026-01-28 17:07:31,9.13
2026-01-28 17:07:32,9.13
2026-01-28 17:07:33,9.13
2026-01-28 17:07:34,7.47
2026-01-28 17:07:35,7.47
2026-01-28 17:07:36,7.47
2026-01-28 17:07:37,7.47
2026-01-28 17:07:38,7.47
2026-01-28 17:07:39,9.29
2026-01-28 17:07:40,9.29
2026-01-28 17:07:41,9.29
2026-01-28 17:07:42,9.29
2026-01-28 17:07:43,9.29
2026-01-28 17:07:44,0
2026-01-28 17:07:45,0
2026-01-28 17:07:46,0
2026-01-28 17:07:47,0
2026-01-28 17:07:48,0
2026-01-28 17:07:49,0
2026-01-28 17:07:50,0
2026-01-28 17:07:51,0
2026-01-28 17:07:52,0
2026-01-28 17:07:53,0
2026-01-28 17:07:54,0
2026-01-28 17:07:55,0
2026-01-28 17:07:56,0
2026-01-28 17:07:57,0
2026-01-28 17:07:58,0
2026-01-28 17:07:59,0
2026-01-28 17:08:00,0
2026-01-28 17:08:01,0
2026-01-28 17:08:02,0
2026-01-28 17:08:03,0
2026-01-28 17:08:04,0
2026-01-28 17:08:05,0
2026-01-28 17:08:06,0
2026-01-28 17:08:07,0
2026-01-28 17:08:08,0
2026-01-28 17:08:09,0
2026-01-28 17:08:10,0
2026-01-28 17:08:11,0
2026-01-28 17:08:12,0
2026-01-28 17:08:13,0
2026-01-28 17:08:14,0
2026-01-28 17:08:15,0
2026-01-28 17:08:16,0
2026-01-28 17:08:17,0
2026-01-28 17:08:18,0
2026-01-28 17:08:19,0
2026-01-28 17:08:20,0
2026-01-28 17:08:21,0
2026-01-28 17:08:22,0
2026-01-28 17:08:23,0
2026-01-28 17:08:24,0
2026-01-28 17:08:25,0
2026-01-28 17:08:26,0
2026-01-28 17:08:27,0
2026-01-28 17:08:28,0
2026-01-28 17:08:29,0
2026-01-28 17:08:30,0
2026-01-28 17:08:31,0
2026-01-28 17:08:32,0
2026-01-28 17:08:33,0
2026-01-28 17:08:34,0
2026-01-28 17:08:35,0
2026-01-28 17:08:36,0
2026-01-28 17:08:37,0
2026-01-28 17:08:38,0
2026-01-28 17:08:39,0
2026-01-28 17:08:40,0
2026-01-28 17:08:41,0
2026-01-28 17:08:42,0
2026-01-28 17:08:43,0
2026-01-28 17:08:44,0
2026-01-28 17:08:45,0
2026-01-28 17:08:46,0
2026-01-28 17:08:47,0
2026-01-28 17:08:48,0
2026-01-28 17:08:49,0
2026-01-28 17:08:50,0
2026-01-28 17:08:51,0
2026-01-28 17:08:52,0
2026-01-28 17:08:53,0
2026-01-28 17:08:54,0
2026-01-28 17:08:55,0
2026-01-28 17:08:56,0
2026-01-28 17:08:57,0
2026-01-28 17:08:58,0
2026-01-28 17:08:59,0
2026-01-28 17:09:00,0
2026-01-28 17:09:01,0
2026-01-28 17:09:02,0
2026-01-28 17:09:03,0
2026-01-28 17:09:04,0
2026-01-28 17:09:05,0
2026-01-28 17:09:06,0
2026-01-28 17:09:07,0
2026-01-28 17:09:08,0
2026-01-28 17:09:09,0
2026-01-28 17:09:10,0
2026-01-28 17:09:11,0
2026-01-28 17:09:12,0
2026-01-28 17:09:13,0
2026-01-28 17:14:19,9.40
2026-01-28 17:14:20,9.40
2026-01-28 17:14:21,9.40
2026-01-28 17:14:22,9.40
2026-01-28 17:14:23,9.40
2026-01-28 17:14:24,8.67
2026-01-28 17:14:25,8.67
2026-01-28 17:14:26,8.67
2026-01-28 17:14:27,8.67
2026-01-28 17:14:28,8.67
2026-01-28 17:14:29,10.3
2026-01-28 17:14:30,10.3
2026-01-28 17:14:31,10.3
2026-01-28 17:14:32,10.3
2026-01-28 17:14:33,10.3
2026-01-28 17:14:34,8.08
2026-01-28 17:14:35,8.08
2026-01-28 17:14:36,8.08
2026-01-28 17:14:37,8.08
2026-01-28 17:14:38,8.08
2026-01-28 17:14:39,10.4
2026-01-28 17:14:40,10.4
2026-01-28 17:14:41,10.4
2026-01-28 17:14:42,10.4
2026-01-28 17:14:43,10.4
2026-01-28 17:14:44,8.73
2026-01-28 17:14:45,8.73
2026-01-28 17:14:46,8.73
2026-01-28 17:14:47,8.73
2026-01-28 17:14:48,8.73
2026-01-28 17:14:49,10.1
2026-01-28 17:14:50,10.1
2026-01-28 17:14:51,10.1
2026-01-28 17:14:52,10.1
2026-01-28 17:14:53,10.1
2026-01-28 17:14:54,7.42
2026-01-28 17:14:55,7.42
2026-01-28 17:14:56,7.42
2026-01-28 17:14:57,7.42
2026-01-28 17:14:58,7.42
2026-01-28 17:14:59,9.99
2026-01-28 17:15:00,9.99
2026-01-28 17:15:01,9.99
2026-01-28 17:15:02,9.99
2026-01-28 17:15:03,9.99
2026-01-28 17:15:04,8.57
2026-01-28 17:15:05,8.57
2026-01-28 17:15:06,8.57
2026-01-28 17:15:07,8.57
2026-01-28 17:15:08,8.57
2026-01-28 17:15:09,9.68
2026-01-28 17:15:10,9.68
2026-01-28 17:15:11,9.68
2026-01-28 17:15:12,9.68
2026-01-28 17:15:13,9.68
2026-01-28 17:15:14,7.57
2026-01-28 17:15:15,7.57
2026-01-28 17:15:16,7.57
2026-01-28 17:15:17,7.57
2026-01-28 17:15:18,7.57
2026-01-28 17:15:19,8.53
2026-01-28 17:15:20,8.53
2026-01-28 17:15:21,8.53
2026-01-28 17:15:22,8.53
2026-01-28 17:15:23,8.53
2026-01-28 17:15:24,7.19
2026-01-28 17:15:25,7.19
2026-01-28 17:15:26,7.19
2026-01-28 17:15:27,7.19
2026-01-28 17:15:28,7.19
2026-01-28 17:15:29,8.43
2026-01-28 17:15:30,8.43
2026-01-28 17:15:31,8.43
2026-01-28 17:15:32,8.43
2026-01-28 17:15:33,8.43
2026-01-28 17:15:34,0
2026-01-28 17:15:35,0
2026-01-28 17:15:36,0
2026-01-28 17:15:37,0
2026-01-28 17:15:38,0
2026-01-28 17:15:39,0
2026-01-28 17:15:40,0
2026-01-28 17:15:41,0
2026-01-28 17:15:42,0
2026-01-28 17:15:43,0
2026-01-28 17:15:44,0
2026-01-28 17:15:45,0
2026-01-28 17:15:46,0
2026-01-28 17:15:47,0
2026-01-28 17:15:48,0
2026-01-28 17:15:49,0
2026-01-28 17:15:50,0
2026-01-28 17:15:51,0
2026-01-28 17:15:52,0
2026-01-28 17:15:53,0
2026-01-28 17:15:54,0
2026-01-28 17:15:55,0
2026-01-28 17:15:56,0
2026-01-28 17:15:57,0
2026-01-28 17:15:58,0
2026-01-28 17:15:59,0
2026-01-28 17:16:00,0
2026-01-28 17:16:01,0
2026-01-28 17:16:02,0
2026-01-28 17:16:03,0
2026-01-28 17:16:04,0
2026-01-28 17:16:05,0
2026-01-28 17:16:06,0
2026-01-28 17:16:07,0
2026-01-28 17:16:08,0
2026-01-28 17:16:09,0
2026-01-28 17:16:10,0
2026-01-28 17:16:11,0
2026-01-28 17:16:12,0
2026-01-28 17:16:13,0
2026-01-28 17:16:14,0
2026-01-28 17:16:15,0
2026-01-28 17:16:16,0
2026-01-28 17:16:17,0
2026-01-28 17:16:18,0
2026-01-28 17:16:19,0
2026-01-28 17:16:20,0
2026-01-28 17:16:21,0
2026-01-28 17:16:22,0
2026-01-28 17:16:23,0
2026-01-28 17:16:24,0
2026-01-28 17:16:25,0
2026-01-28 17:16:26,0
2026-01-28 17:16:27,0
2026-01-28 17:16:28,0
2026-01-28 17:16:29,0
2026-01-28 17:16:30,0
2026-01-28 17:16:31,0
2026-01-28 17:16:32,0
2026-01-28 17:16:33,0
2026-01-28 17:16:34,0
2026-01-28 17:16:35,0
2026-01-28 17:16:36,0
2026-01-28 17:16:37,0
2026-01-28 17:16:38,0
2026-01-28 17:16:39,0
2026-01-28 17:16:40,0
2026-01-28 17:16:41,0
2026-01-28 17:16:42,0
2026-01-28 17:16:43,0
2026-01-28 17:16:44,0
2026-01-28 17:16:45,0
2026-01-28 17:16:46,0
2026-01-28 17:16:47,0
2026-01-28 17:16:48,0
2026-01-28 17:16:49,0
2026-01-28 17:16:50,0
2026-01-28 17:16:51,0
2026-01-28 17:16:52,0
2026-01-28 17:16:53,0
2026-01-28 17:16:54,0
2026-01-28 17:16:55,0
2026-01-28 17:16:56,0
2026-01-28 17:16:57,0
2026-01-28 17:16:58,0
2026-01-28 17:16:59,0
2026-01-28 17:17:00,0
2026-01-28 17:17:01,0
2026-01-28 17:17:02,0
2026-01-28 17:17:03,0
2026-01-28 17:17:04,0
2026-01-28 17:17:05,0
2026-01-28 17:17:06,0
2026-01-28 17:17:07,0
2026-01-28 17:17:08,0
2026-01-28 17:22:14,8.61
2026-01-28 17:22:15,8.61
2026-01-28 17:22:16,8.61
2026-01-28 17:22:17,8.61
2026-01-28 17:22:18,8.61
2026-01-28 17:22:19,8.95
2026-01-28 17:22:20,8.95
2026-01-28 17:22:21,8.95
2026-01-28 17:22:22,8.95
2026-01-28 17:22:23,8.95
2026-01-28 17:22:24,10.1
2026-01-28 17:22:25,10.1
2026-01-28 17:22:26,10.1
2026-01-28 17:22:27,10.1
2026-01-28 17:22:28,10.1
2026-01-28 17:22:29,9.08
2026-01-28 17:22:30,9.08
2026-01-28 17:22:31,9.08
2026-01-28 17:22:32,9.08
2026-01-28 17:22:33,9.08
2026-01-28 17:22:34,9.82
2026-01-28 17:22:35,9.82
2026-01-28 17:22:36,9.82
2026-01-28 17:22:37,9.82
2026-01-28 17:22:38,9.82
2026-01-28 17:22:39,8.87
2026-01-28 17:22:40,8.87
2026-01-28 17:22:41,8.87
2026-01-28 17:22:42,8.87
2026-01-28 17:22:43,8.87
2026-01-28 17:22:44,9.84
2026-01-28 17:22:45,9.84
2026-01-28 17:22:46,9.84
2026-01-28 17:22:47,9.84
2026-01-28 17:22:48,9.84
2026-01-28 17:22:49,8.87
2026-01-28 17:22:50,8.87
2026-01-28 17:22:51,8.87
2026-01-28 17:22:52,8.87
2026-01-28 17:22:53,8.87
2026-01-28 17:22:54,9.86
2026-01-28 17:22:55,9.86
2026-01-28 17:22:56,9.86
2026-01-28 17:22:57,9.86
2026-01-28 17:22:58,9.86
2026-01-28 17:22:59,8.97
2026-01-28 17:23:00,8.97
2026-01-28 17:23:01,8.97
2026-01-28 17:23:02,8.97
2026-01-28 17:23:03,8.97
2026-01-28 17:23:04,10.1
2026-01-28 17:23:05,10.1
2026-01-28 17:23:06,10.1
2026-01-28 17:23:07,10.1
2026-01-28 17:23:08,10.1
2026-01-28 17:23:09,8.88
2026-01-28 17:23:10,8.88
2026-01-28 17:23:11,8.88
2026-01-28 17:23:12,8.88
2026-01-28 17:23:13,8.88
2026-01-28 17:23:14,8.50
2026-01-28 17:23:15,8.50
2026-01-28 17:23:16,8.50
2026-01-28 17:23:17,8.50
2026-01-28 17:23:18,8.50
2026-01-28 17:23:19,7.56
2026-01-28 17:23:20,7.56
2026-01-28 17:23:21,7.56
2026-01-28 17:23:22,7.56
2026-01-28 17:23:23,7.56
2026-01-28 17:23:24,9.78
2026-01-28 17:23:25,9.78
2026-01-28 17:23:26,9.78
2026-01-28 17:23:27,9.78
2026-01-28 17:23:28,9.78
2026-01-28 17:23:29,0
2026-01-28 17:23:30,0
2026-01-28 17:23:31,0
2026-01-28 17:23:32,0
2026-01-28 17:23:33,0
2026-01-28 17:23:34,0
2026-01-28 17:23:35,0
2026-01-28 17:23:36,0
2026-01-28 17:23:37,0
2026-01-28 17:23:38,0
2026-01-28 17:23:39,0
2026-01-28 17:23:40,0
2026-01-28 17:23:41,0
2026-01-28 17:23:42,0
2026-01-28 17:23:43,0
2026-01-28 17:23:44,0
2026-01-28 17:23:45,0
2026-01-28 17:23:46,0
2026-01-28 17:23:47,0
2026-01-28 17:23:48,0
2026-01-28 17:23:49,0
2026-01-28 17:23:50,0
2026-01-28 17:23:51,0
2026-01-28 17:23:52,0
2026-01-28 17:23:53,0
2026-01-28 17:23:54,0
2026-01-28 17:23:55,0
2026-01-28 17:23:56,0
2026-01-28 17:23:57,0
2026-01-28 17:23:58,0
2026-01-28 17:23:59,0
2026-01-28 17:24:00,0
2026-01-28 17:24:01,0
2026-01-28 17:24:02,0
2026-01-28 17:24:03,0
2026-01-28 17:24:04,0
2026-01-28 17:24:05,0
2026-01-28 17:24:06,0
2026-01-28 17:24:07,0
2026-01-28 17:24:08,0
2026-01-28 17:24:09,0
2026-01-28 17:24:10,0
2026-01-28 17:24:11,0
2026-01-28 17:24:12,0
2026-01-28 17:24:13,0
2026-01-28 17:24:14,0
2026-01-28 17:24:15,0
2026-01-28 17:24:16,0
2026-01-28 17:24:17,0
2026-01-28 17:24:18,0
2026-01-28 17:24:19,0
2026-01-28 17:24:20,0
2026-01-28 17:24:21,0
2026-01-28 17:24:22,0
2026-01-28 17:24:23,0
2026-01-28 17:24:24,0
2026-01-28 17:24:25,0
2026-01-28 17:24:26,0
2026-01-28 17:24:27,0
2026-01-28 17:24:28,0
2026-01-28 17:24:29,0
2026-01-28 17:24:30,0
2026-01-28 17:24:31,0
2026-01-28 17:24:32,0
2026-01-28 17:24:33,0
2026-01-28 17:24:34,0
2026-01-28 17:24:35,0
2026-01-28 17:24:36,0
2026-01-28 17:24:37,0
2026-01-28 17:24:38,0
2026-01-28 17:24:39,0
2026-01-28 17:24:40,0
2026-01-28 17:24:41,0
2026-01-28 17:24:42,0
2026-01-28 17:24:43,0
2026-01-28 17:24:44,0
2026-01-28 17:24:45,0
2026-01-28 17:24:46,0
2026-01-28 17:24:47,0
2026-01-28 17:24:48,0
2026-01-28 17:24:49,0
2026-01-28 17:24:50,0
2026-01-28 17:24:51,0
2026-01-28 17:24:52,0
2026-01-28 17:24:53,0
2026-01-28 17:24:54,0
2026-01-28 17:24:55,0
2026-01-28 17:24:56,0
2026-01-28 17:24:57,0
2026-01-28 17:24:58,0
2026-01-28 17:24:59,0
2026-01-28 17:25:00,0
2026-01-28 17:25:01,0
2026-01-28 17:25:02,0
2026-01-28 17:25:03,0