"Time","ue-ch-mmse"
2026-01-28 10:17:23,0
2026-01-28 10:17:24,0
2026-01-28 10:17:25,0
2026-01-28 10:17:26,0
2026-01-28 10:17:27,0
2026-01-28 10:17:28,0
2026-01-28 10:17:29,0
2026-01-28 10:17:30,0
2026-01-28 10:17:31,0
2026-01-28 10:17:32,0
2026-01-28 10:17:33,0
2026-01-28 10:17:34,0
2026-01-28 10:17:35,0
2026-01-28 10:17:36,0
2026-01-28 10:17:37,0
2026-01-28 10:17:38,0
2026-01-28 10:17:39,0
2026-01-28 10:17:40,0
2026-01-28 10:17:41,0
2026-01-28 10:17:42,0
2026-01-28 10:17:43,0
2026-01-28 10:17:44,0
2026-01-28 10:17:45,0
2026-01-28 10:17:46,0
2026-01-28 10:17:47,0
2026-01-28 10:17:48,0
2026-01-28 10:17:49,0
2026-01-28 10:17:50,0
2026-01-28 10:17:51,0
2026-01-28 10:17:52,0
2026-01-28 10:17:53,0
2026-01-28 10:17:54,0
2026-01-28 10:17:55,0
2026-01-28 10:17:56,0
2026-01-28 10:17:57,0
2026-01-28 10:17:58,0
2026-01-28 10:17:59,0
2026-01-28 10:18:00,0
2026-01-28 10:18:01,0
2026-01-28 10:18:02,0
2026-01-28 10:18:03,0
2026-01-28 10:18:04,0
2026-01-28 10:18:05,0
2026-01-28 10:18:06,0
2026-01-28 10:18:07,0
2026-01-28 10:18:08,0
2026-01-28 10:23:09,5.05
2026-01-28 10:23:10,5.05
2026-01-28 10:23:11,5.05
2026-01-28 10:23:12,5.05
2026-01-28 10:23:13,5.05
2026-01-28 10:23:14,7.37
2026-01-28 10:23:15,7.37
2026-01-28 10:23:16,7.37
2026-01-28 10:23:17,7.37
2026-01-28 10:23:18,7.37
2026-01-28 10:23:19,7.86
2026-01-28 10:23:20,7.86
2026-01-28 10:23:21,7.86
2026-01-28 10:23:22,7.86
2026-01-28 10:23:23,7.86
2026-01-28 10:23:24,7.48
2026-01-28 10:23:25,7.48
2026-01-28 10:23:26,7.48
2026-01-28 10:23:27,7.48
2026-01-28 10:23:28,7.48
2026-01-28 10:23:29,7.45
2026-01-28 10:23:30,7.45
2026-01-28 10:23:31,7.45
2026-01-28 10:23:32,7.45
2026-01-28 10:23:33,7.45
2026-01-28 10:23:34,7.52
2026-01-28 10:23:35,7.52
2026-01-28 10:23:36,7.52
2026-01-28 10:23:37,7.52
2026-01-28 10:23:38,7.52
2026-01-28 10:23:39,7.12
2026-01-28 10:23:40,7.12
2026-01-28 10:23:41,7.12
2026-01-28 10:23:42,7.12
2026-01-28 10:23:43,7.12
2026-01-28 10:23:44,7.58
2026-01-28 10:23:45,7.58
2026-01-28 10:23:46,7.58
2026-01-28 10:23:47,7.58
2026-01-28 10:23:48,7.58
2026-01-28 10:23:49,7.39
2026-01-28 10:23:50,7.39
2026-01-28 10:23:51,7.39
2026-01-28 10:23:52,7.39
2026-01-28 10:23:53,7.39
2026-01-28 10:23:54,7.91
2026-01-28 10:23:55,7.91
2026-01-28 10:23:56,7.91
2026-01-28 10:23:57,7.91
2026-01-28 10:23:58,7.91
2026-01-28 10:23:59,7.32
2026-01-28 10:24:00,7.32
2026-01-28 10:24:01,7.32
2026-01-28 10:24:02,7.32
2026-01-28 10:24:03,7.32
2026-01-28 10:24:04,7.43
2026-01-28 10:24:05,7.43
2026-01-28 10:24:06,7.43
2026-01-28 10:24:07,7.43
2026-01-28 10:24:08,7.43
2026-01-28 10:24:09,6.42
2026-01-28 10:24:10,6.42
2026-01-28 10:24:11,6.42
2026-01-28 10:24:12,6.42
2026-01-28 10:24:13,6.42
2026-01-28 10:24:14,6.60
2026-01-28 10:24:15,6.60
2026-01-28 10:24:16,6.60
2026-01-28 10:24:17,6.60
2026-01-28 10:24:18,6.60
2026-01-28 10:24:19,6.39
2026-01-28 10:24:20,6.39
2026-01-28 10:24:21,6.39
2026-01-28 10:24:22,6.39
2026-01-28 10:24:23,6.39
2026-01-28 10:24:24,6.31
2026-01-28 10:24:25,6.31
2026-01-28 10:24:26,6.31
2026-01-28 10:24:27,6.31
2026-01-28 10:24:28,6.31
2026-01-28 10:24:29,6.32
2026-01-28 10:24:30,6.32
2026-01-28 10:24:31,6.32
2026-01-28 10:24:32,6.32
2026-01-28 10:24:33,6.32
2026-01-28 10:24:34,0
2026-01-28 10:24:35,0
2026-01-28 10:24:36,0
2026-01-28 10:24:37,0
2026-01-28 10:24:38,0
2026-01-28 10:24:39,0
2026-01-28 10:24:40,0
2026-01-28 10:24:41,0
2026-01-28 10:24:42,0
2026-01-28 10:24:43,0
2026-01-28 10:24:44,0
2026-01-28 10:24:45,0
2026-01-28 10:24:46,0
2026-01-28 10:24:47,0
2026-01-28 10:24:48,0
2026-01-28 10:24:49,0
2026-01-28 10:24:50,0
2026-01-28 10:24:51,0
2026-01-28 10:24:52,0
2026-01-28 10:24:53,0
2026-01-28 10:24:54,0
2026-01-28 10:24:55,0
2026-01-28 10:24:56,0
2026-01-28 10:24:57,0
2026-01-28 10:24:58,0
2026-01-28 10:24:59,0
2026-01-28 10:25:00,0
2026-01-28 10:25:01,0
2026-01-28 10:25:02,0
2026-01-28 10:25:03,0
2026-01-28 10:25:04,0
2026-01-28 10:25:05,0
2026-01-28 10:25:06,0
2026-01-28 10:25:07,0
2026-01-28 10:25:08,0
2026-01-28 10:25:09,0
2026-01-28 10:25:10,0
2026-01-28 10:25:11,0
2026-01-28 10:25:12,0
2026-01-28 10:25:13,0
2026-01-28 10:25:14,0
2026-01-28 10:25:15,0
2026-01-28 10:25:16,0
2026-01-28 10:25:17,0
2026-01-28 10:25:18,0
2026-01-28 10:25:19,0
2026-01-28 10:25:20,0
2026-01-28 10:25:21,0
2026-01-28 10:25:22,0
2026-01-28 10:25:23,0
2026-01-28 10:25:24,0
2026-01-28 10:25:25,0
2026-01-28 10:25:26,0
2026-01-28 10:25:27,0
2026-01-28 10:25:28,0
2026-01-28 10:25:29,0
2026-01-28 10:25:30,0
2026-01-28 10:25:31,0
2026-01-28 10:25:32,0
2026-01-28 10:25:33,0
2026-01-28 10:25:34,0
2026-01-28 10:25:35,0
2026-01-28 10:25:36,0
2026-01-28 10:25:37,0
2026-01-28 10:25:38,0
2026-01-28 10:25:39,0
2026-01-28 10:25:40,0
2026-01-28 10:25:41,0
2026-01-28 10:25:42,0
2026-01-28 10:25:43,0
2026-01-28 10:25:44,0
2026-01-28 10:25:45,0
2026-01-28 10:25:46,0
2026-01-28 10:25:47,0
2026-01-28 10:25:48,0
2026-01-28 10:25:49,0
2026-01-28 10:25:50,0
2026-01-28 10:25:51,0
2026-01-28 10:25:52,0
2026-01-28 10:25:53,0
2026-01-28 10:25:54,0
2026-01-28 10:25:55,0
2026-01-28 10:25:56,0
2026-01-28 10:25:57,0
2026-01-28 10:25:58,0
2026-01-28 10:25:59,0
2026-01-28 10:26:00,0
2026-01-28 10:26:01,0
2026-01-28 10:26:02,0
2026-01-28 10:26:03,0
2026-01-28 10:26:04,0
2026-01-28 10:26:05,0
2026-01-28 10:26:06,0
2026-01-28 10:26:07,0
2026-01-28 10:26:08,0
2026-01-28 10:31:14,4.95
2026-01-28 10:31:15,4.95
2026-01-28 10:31:16,4.95
2026-01-28 10:31:17,4.95
2026-01-28 10:31:18,4.95
2026-01-28 10:31:19,5.08
2026-01-28 10:31:20,5.08
2026-01-28 10:31:21,5.08
2026-01-28 10:31:22,5.08
2026-01-28 10:31:23,5.08
2026-01-28 10:31:24,5.23
2026-01-28 10:31:25,5.23
2026-01-28 10:31:26,5.23
2026-01-28 10:31:27,5.23
2026-01-28 10:31:28,5.23
2026-01-28 10:31:29,5.11
2026-01-28 10:31:30,5.11
2026-01-28 10:31:31,5.11
2026-01-28 10:31:32,5.11
2026-01-28 10:31:33,5.11
2026-01-28 10:31:34,5.00
2026-01-28 10:31:35,5.00
2026-01-28 10:31:36,5.00
2026-01-28 10:31:37,5.00
2026-01-28 10:31:38,5.00
2026-01-28 10:31:39,4.89
2026-01-28 10:31:40,4.89
2026-01-28 10:31:41,4.89
2026-01-28 10:31:42,4.89
2026-01-28 10:31:43,4.89
2026-01-28 10:31:44,4.72
2026-01-28 10:31:45,4.72
2026-01-28 10:31:46,4.72
2026-01-28 10:31:47,4.72
2026-01-28 10:31:48,4.72
2026-01-28 10:31:49,6.21
2026-01-28 10:31:50,6.21
2026-01-28 10:31:51,6.21
2026-01-28 10:31:52,6.21
2026-01-28 10:31:53,6.21
2026-01-28 10:31:54,6.39
2026-01-28 10:31:55,6.39
2026-01-28 10:31:56,6.39
2026-01-28 10:31:57,6.39
2026-01-28 10:31:58,6.39
2026-01-28 10:31:59,6.62
2026-01-28 10:32:00,6.62
2026-01-28 10:32:01,6.62
2026-01-28 10:32:02,6.62
2026-01-28 10:32:03,6.62
2026-01-28 10:32:04,6.55
2026-01-28 10:32:05,6.55
2026-01-28 10:32:06,6.55
2026-01-28 10:32:07,6.55
2026-01-28 10:32:08,6.55
2026-01-28 10:32:09,6.25
2026-01-28 10:32:10,6.25
2026-01-28 10:32:11,6.25
2026-01-28 10:32:12,6.25
2026-01-28 10:32:13,6.25
2026-01-28 10:32:14,6.26
2026-01-28 10:32:15,6.26
2026-01-28 10:32:16,6.26
2026-01-28 10:32:17,6.26
2026-01-28 10:32:18,6.26
2026-01-28 10:32:19,6.21
2026-01-28 10:32:20,6.21
2026-01-28 10:32:21,6.21
2026-01-28 10:32:22,6.21
2026-01-28 10:32:23,6.21
2026-01-28 10:32:24,6.19
2026-01-28 10:32:25,6.19
2026-01-28 10:32:26,6.19
2026-01-28 10:32:27,6.19
2026-01-28 10:32:28,6.19
2026-01-28 10:32:29,6.22
2026-01-28 10:32:30,6.22
2026-01-28 10:32:31,6.22
2026-01-28 10:32:32,6.22
2026-01-28 10:32:33,6.22
2026-01-28 10:32:34,6.20
2026-01-28 10:32:35,6.20
2026-01-28 10:32:36,6.20
2026-01-28 10:32:37,6.20
2026-01-28 10:32:38,6.20
2026-01-28 10:32:39,0
2026-01-28 10:32:40,0
2026-01-28 10:32:41,0
2026-01-28 10:32:42,0
2026-01-28 10:32:43,0
2026-01-28 10:32:44,0
2026-01-28 10:32:45,0
2026-01-28 10:32:46,0
2026-01-28 10:32:47,0
2026-01-28 10:32:48,0
2026-01-28 10:32:49,0
2026-01-28 10:32:50,0
2026-01-28 10:32:51,0
2026-01-28 10:32:52,0
2026-01-28 10:32:53,0
2026-01-28 10:32:54,0
2026-01-28 10:32:55,0
2026-01-28 10:32:56,0
2026-01-28 10:32:57,0
2026-01-28 10:32:58,0
2026-01-28 10:32:59,0
2026-01-28 10:33:00,0
2026-01-28 10:33:01,0
2026-01-28 10:33:02,0
2026-01-28 10:33:03,0
2026-01-28 10:33:04,0
2026-01-28 10:33:05,0
2026-01-28 10:33:06,0
2026-01-28 10:33:07,0
2026-01-28 10:33:08,0
2026-01-28 10:33:09,0
2026-01-28 10:33:10,0
2026-01-28 10:33:11,0
2026-01-28 10:33:12,0
2026-01-28 10:33:13,0
2026-01-28 10:33:14,0
2026-01-28 10:33:15,0
2026-01-28 10:33:16,0
2026-01-28 10:33:17,0
2026-01-28 10:33:18,0
2026-01-28 10:33:19,0
2026-01-28 10:33:20,0
2026-01-28 10:33:21,0
2026-01-28 10:33:22,0
2026-01-28 10:33:23,0
2026-01-28 10:33:24,0
2026-01-28 10:33:25,0
2026-01-28 10:33:26,0
2026-01-28 10:33:27,0
2026-01-28 10:33:28,0
2026-01-28 10:33:29,0
2026-01-28 10:33:30,0
2026-01-28 10:33:31,0
2026-01-28 10:33:32,0
2026-01-28 10:33:33,0
2026-01-28 10:33:34,0
2026-01-28 10:33:35,0
2026-01-28 10:33:36,0
2026-01-28 10:33:37,0
2026-01-28 10:33:38,0
2026-01-28 10:33:39,0
2026-01-28 10:33:40,0
2026-01-28 10:33:41,0
2026-01-28 10:33:42,0
2026-01-28 10:33:43,0
2026-01-28 10:33:44,0
2026-01-28 10:33:45,0
2026-01-28 10:33:46,0
2026-01-28 10:33:47,0
2026-01-28 10:33:48,0
2026-01-28 10:33:49,0
2026-01-28 10:33:50,0
2026-01-28 10:33:51,0
2026-01-28 10:33:52,0
2026-01-28 10:33:53,0
2026-01-28 10:33:54,0
2026-01-28 10:33:55,0
2026-01-28 10:33:56,0
2026-01-28 10:33:57,0
2026-01-28 10:33:58,0
2026-01-28 10:33:59,0
2026-01-28 10:34:00,0
2026-01-28 10:34:01,0
2026-01-28 10:34:02,0
2026-01-28 10:34:03,0
2026-01-28 10:34:04,0
2026-01-28 10:34:05,0
2026-01-28 10:34:06,0
2026-01-28 10:34:07,0
2026-01-28 10:34:08,0
2026-01-28 10:34:09,0
2026-01-28 10:34:10,0
2026-01-28 10:34:11,0
2026-01-28 10:34:12,0
2026-01-28 10:34:13,0
2026-01-28 10:39:14,3.79
2026-01-28 10:39:15,3.79
2026-01-28 10:39:16,3.79
2026-01-28 10:39:17,3.79
2026-01-28 10:39:18,3.79
2026-01-28 10:39:19,5.11
2026-01-28 10:39:20,5.11
2026-01-28 10:39:21,5.11
2026-01-28 10:39:22,5.11
2026-01-28 10:39:23,5.11
2026-01-28 10:39:24,5.32
2026-01-28 10:39:25,5.32
2026-01-28 10:39:26,5.32
2026-01-28 10:39:27,5.32
2026-01-28 10:39:28,5.32
2026-01-28 10:39:29,4.90
2026-01-28 10:39:30,4.90
2026-01-28 10:39:31,4.90
2026-01-28 10:39:32,4.90
2026-01-28 10:39:33,4.90
2026-01-28 10:39:34,4.98
2026-01-28 10:39:35,4.98
2026-01-28 10:39:36,4.98
2026-01-28 10:39:37,4.98
2026-01-28 10:39:38,4.98
2026-01-28 10:39:39,4.93
2026-01-28 10:39:40,4.93
2026-01-28 10:39:41,4.93
2026-01-28 10:39:42,4.93
2026-01-28 10:39:43,4.93
2026-01-28 10:39:44,4.94
2026-01-28 10:39:45,4.94
2026-01-28 10:39:46,4.94
2026-01-28 10:39:47,4.94
2026-01-28 10:39:48,4.94
2026-01-28 10:39:49,4.96
2026-01-28 10:39:50,4.96
2026-01-28 10:39:51,4.96
2026-01-28 10:39:52,4.96
2026-01-28 10:39:53,4.96
2026-01-28 10:39:54,4.91
2026-01-28 10:39:55,4.91
2026-01-28 10:39:56,4.91
2026-01-28 10:39:57,4.91
2026-01-28 10:39:58,4.91
2026-01-28 10:39:59,4.96
2026-01-28 10:40:00,4.96
2026-01-28 10:40:01,4.96
2026-01-28 10:40:02,4.96
2026-01-28 10:40:03,4.96
2026-01-28 10:40:04,4.98
2026-01-28 10:40:05,4.98
2026-01-28 10:40:06,4.98
2026-01-28 10:40:07,4.98
2026-01-28 10:40:08,4.98
2026-01-28 10:40:09,5.14
2026-01-28 10:40:10,5.14
2026-01-28 10:40:11,5.14
2026-01-28 10:40:12,5.14
2026-01-28 10:40:13,5.14
2026-01-28 10:40:14,4.95
2026-01-28 10:40:15,4.95
2026-01-28 10:40:16,4.95
2026-01-28 10:40:17,4.95
2026-01-28 10:40:18,4.95
2026-01-28 10:40:19,5.00
2026-01-28 10:40:20,5.00
2026-01-28 10:40:21,5.00
2026-01-28 10:40:22,5.00
2026-01-28 10:40:23,5.00
2026-01-28 10:40:24,4.95
2026-01-28 10:40:25,4.95
2026-01-28 10:40:26,4.95
2026-01-28 10:40:27,4.95
2026-01-28 10:40:28,4.95
2026-01-28 10:40:29,3.93
2026-01-28 10:40:30,3.93
2026-01-28 10:40:31,3.93
2026-01-28 10:40:32,3.93
2026-01-28 10:40:33,3.93
2026-01-28 10:40:34,0
2026-01-28 10:40:35,0
2026-01-28 10:40:36,0
2026-01-28 10:40:37,0
2026-01-28 10:40:38,0
2026-01-28 10:40:39,0
2026-01-28 10:40:40,0
2026-01-28 10:40:41,0
2026-01-28 10:40:42,0
2026-01-28 10:40:43,0
2026-01-28 10:40:44,0
2026-01-28 10:40:45,0
2026-01-28 10:40:46,0
2026-01-28 10:40:47,0
2026-01-28 10:40:48,0
2026-01-28 10:40:49,0
2026-01-28 10:40:50,0
2026-01-28 10:40:51,0
2026-01-28 10:40:52,0
2026-01-28 10:40:53,0
2026-01-28 10:40:54,0
2026-01-28 10:40:55,0
2026-01-28 10:40:56,0
2026-01-28 10:40:57,0
2026-01-28 10:40:58,0
2026-01-28 10:40:59,0
2026-01-28 10:41:00,0
2026-01-28 10:41:01,0
2026-01-28 10:41:02,0
2026-01-28 10:41:03,0
2026-01-28 10:41:04,0
2026-01-28 10:41:05,0
2026-01-28 10:41:06,0
2026-01-28 10:41:07,0
2026-01-28 10:41:08,0
2026-01-28 10:41:09,0
2026-01-28 10:41:10,0
2026-01-28 10:41:11,0
2026-01-28 10:41:12,0
2026-01-28 10:41:13,0
2026-01-28 10:41:14,0
2026-01-28 10:41:15,0
2026-01-28 10:41:16,0
2026-01-28 10:41:17,0
2026-01-28 10:41:18,0
2026-01-28 10:41:19,0
2026-01-28 10:41:20,0
2026-01-28 10:41:21,0
2026-01-28 10:41:22,0
2026-01-28 10:41:23,0
2026-01-28 10:41:24,0
2026-01-28 10:41:25,0
2026-01-28 10:41:26,0
2026-01-28 10:41:27,0
2026-01-28 10:41:28,0
2026-01-28 10:41:29,0
2026-01-28 10:41:30,0
2026-01-28 10:41:31,0
2026-01-28 10:41:32,0
2026-01-28 10:41:33,0
2026-01-28 10:41:34,0
2026-01-28 10:41:35,0
2026-01-28 10:41:36,0
2026-01-28 10:41:37,0
2026-01-28 10:41:38,0
2026-01-28 10:41:39,0
2026-01-28 10:41:40,0
2026-01-28 10:41:41,0
2026-01-28 10:41:42,0
2026-01-28 10:41:43,0
2026-01-28 10:41:44,0
2026-01-28 10:41:45,0
2026-01-28 10:41:46,0
2026-01-28 10:41:47,0
2026-01-28 10:41:48,0
2026-01-28 10:41:49,0
2026-01-28 10:41:50,0
2026-01-28 10:41:51,0
2026-01-28 10:41:52,0
2026-01-28 10:41:53,0
2026-01-28 10:41:54,0
2026-01-28 10:41:55,0
2026-01-28 10:41:56,0
2026-01-28 10:41:57,0
2026-01-28 10:41:58,0
2026-01-28 10:41:59,0
2026-01-28 10:42:00,0
2026-01-28 10:42:01,0
2026-01-28 10:42:02,0
2026-01-28 10:42:03,0
2026-01-28 10:42:04,0
2026-01-28 10:42:05,0
2026-01-28 10:42:06,0
2026-01-28 10:42:07,0
2026-01-28 10:42:08,0
2026-01-28 10:47:09,3.97
2026-01-28 10:47:10,3.97
2026-01-28 10:47:11,3.97
2026-01-28 10:47:12,3.97
2026-01-28 10:47:13,3.97
2026-01-28 10:47:14,5.35
2026-01-28 10:47:15,5.35
2026-01-28 10:47:16,5.35
2026-01-28 10:47:17,5.35
2026-01-28 10:47:18,5.35
2026-01-28 10:47:19,4.93
2026-01-28 10:47:20,4.93
2026-01-28 10:47:21,4.93
2026-01-28 10:47:22,4.93
2026-01-28 10:47:23,4.93
2026-01-28 10:47:24,5.00
2026-01-28 10:47:25,5.00
2026-01-28 10:47:26,5.00
2026-01-28 10:47:27,5.00
2026-01-28 10:47:28,5.00
2026-01-28 10:47:29,4.92
2026-01-28 10:47:30,4.92
2026-01-28 10:47:31,4.92
2026-01-28 10:47:32,4.92
2026-01-28 10:47:33,4.92
2026-01-28 10:47:34,4.96
2026-01-28 10:47:35,4.96
2026-01-28 10:47:36,4.96
2026-01-28 10:47:37,4.96
2026-01-28 10:47:38,4.96
2026-01-28 10:47:39,4.98
2026-01-28 10:47:40,4.98
2026-01-28 10:47:41,4.98
2026-01-28 10:47:42,4.98
2026-01-28 10:47:43,4.98
2026-01-28 10:47:44,4.93
2026-01-28 10:47:45,4.93
2026-01-28 10:47:46,4.93
2026-01-28 10:47:47,4.93
2026-01-28 10:47:48,4.93
2026-01-28 10:47:49,4.95
2026-01-28 10:47:50,4.95
2026-01-28 10:47:51,4.95
2026-01-28 10:47:52,4.95
2026-01-28 10:47:53,4.95
2026-01-28 10:47:54,4.94
2026-01-28 10:47:55,4.94
2026-01-28 10:47:56,4.94
2026-01-28 10:47:57,4.94
2026-01-28 10:47:58,4.94
2026-01-28 10:47:59,4.96
2026-01-28 10:48:00,4.96
2026-01-28 10:48:01,4.96
2026-01-28 10:48:02,4.96
2026-01-28 10:48:03,4.96
2026-01-28 10:48:04,5.27
2026-01-28 10:48:05,5.27
2026-01-28 10:48:06,5.27
2026-01-28 10:48:07,5.27
2026-01-28 10:48:08,5.27
2026-01-28 10:48:09,5.13
2026-01-28 10:48:10,5.13
2026-01-28 10:48:11,5.13
2026-01-28 10:48:12,5.13
2026-01-28 10:48:13,5.13
2026-01-28 10:48:14,5.06
2026-01-28 10:48:15,5.06
2026-01-28 10:48:16,5.06
2026-01-28 10:48:17,5.06
2026-01-28 10:48:18,5.06
2026-01-28 10:48:19,6.14
2026-01-28 10:48:20,6.14
2026-01-28 10:48:21,6.14
2026-01-28 10:48:22,6.14
2026-01-28 10:48:23,6.14
2026-01-28 10:48:24,6.34
2026-01-28 10:48:25,6.34
2026-01-28 10:48:26,6.34
2026-01-28 10:48:27,6.34
2026-01-28 10:48:28,6.34
2026-01-28 10:48:29,0
2026-01-28 10:48:30,0
2026-01-28 10:48:31,0
2026-01-28 10:48:32,0
2026-01-28 10:48:33,0
2026-01-28 10:48:34,0
2026-01-28 10:48:35,0
2026-01-28 10:48:36,0
2026-01-28 10:48:37,0
2026-01-28 10:48:38,0
2026-01-28 10:48:39,0
2026-01-28 10:48:40,0
2026-01-28 10:48:41,0
2026-01-28 10:48:42,0
2026-01-28 10:48:43,0
2026-01-28 10:48:44,0
2026-01-28 10:48:45,0
2026-01-28 10:48:46,0
2026-01-28 10:48:47,0
2026-01-28 10:48:48,0
2026-01-28 10:48:49,0
2026-01-28 10:48:50,0
2026-01-28 10:48:51,0
2026-01-28 10:48:52,0
2026-01-28 10:48:53,0
2026-01-28 10:48:54,0
2026-01-28 10:48:55,0
2026-01-28 10:48:56,0
2026-01-28 10:48:57,0
2026-01-28 10:48:58,0
2026-01-28 10:48:59,0
2026-01-28 10:49:00,0
2026-01-28 10:49:01,0
2026-01-28 10:49:02,0
2026-01-28 10:49:03,0
2026-01-28 10:49:04,0
2026-01-28 10:49:05,0
2026-01-28 10:49:06,0
2026-01-28 10:49:07,0
2026-01-28 10:49:08,0
2026-01-28 10:49:09,0
2026-01-28 10:49:10,0
2026-01-28 10:49:11,0
2026-01-28 10:49:12,0
2026-01-28 10:49:13,0
2026-01-28 10:49:14,0
2026-01-28 10:49:15,0
2026-01-28 10:49:16,0
2026-01-28 10:49:17,0
2026-01-28 10:49:18,0
2026-01-28 10:49:19,0
2026-01-28 10:49:20,0
2026-01-28 10:49:21,0
2026-01-28 10:49:22,0
2026-01-28 10:49:23,0
2026-01-28 10:49:24,0
2026-01-28 10:49:25,0
2026-01-28 10:49:26,0
2026-01-28 10:49:27,0
2026-01-28 10:49:28,0
2026-01-28 10:49:29,0
2026-01-28 10:49:30,0
2026-01-28 10:49:31,0
2026-01-28 10:49:32,0
2026-01-28 10:49:33,0
2026-01-28 10:49:34,0
2026-01-28 10:49:35,0
2026-01-28 10:49:36,0
2026-01-28 10:49:37,0
2026-01-28 10:49:38,0
2026-01-28 10:49:39,0
2026-01-28 10:49:40,0
2026-01-28 10:49:41,0
2026-01-28 10:49:42,0
2026-01-28 10:49:43,0
2026-01-28 10:49:44,0
2026-01-28 10:49:45,0
2026-01-28 10:49:46,0
2026-01-28 10:49:47,0
2026-01-28 10:49:48,0
2026-01-28 10:49:49,0
2026-01-28 10:49:50,0
2026-01-28 10:49:51,0
2026-01-28 10:49:52,0
2026-01-28 10:49:53,0
2026-01-28 10:49:54,0
2026-01-28 10:49:55,0
2026-01-28 10:49:56,0
2026-01-28 10:49:57,0
2026-01-28 10:49:58,0
2026-01-28 10:49:59,0
2026-01-28 10:50:00,0
2026-01-28 10:50:01,0
2026-01-28 10:50:02,0
2026-01-28 10:50:03,0
2026-01-28 10:55:14,5.66
2026-01-28 10:55:15,5.66
2026-01-28 10:55:16,5.66
2026-01-28 10:55:17,5.66
2026-01-28 10:55:18,5.66
2026-01-28 10:55:19,8.34
2026-01-28 10:55:20,8.34
2026-01-28 10:55:21,8.34
2026-01-28 10:55:22,8.34
2026-01-28 10:55:23,8.34
2026-01-28 10:55:24,6.84
2026-01-28 10:55:25,6.84
2026-01-28 10:55:26,6.84
2026-01-28 10:55:27,6.84
2026-01-28 10:55:28,6.84
2026-01-28 10:55:29,6.08
2026-01-28 10:55:30,6.08
2026-01-28 10:55:31,6.08
2026-01-28 10:55:32,6.08
2026-01-28 10:55:33,6.08
2026-01-28 10:55:34,6.11
2026-01-28 10:55:35,6.11
2026-01-28 10:55:36,6.11
2026-01-28 10:55:37,6.11
2026-01-28 10:55:38,6.11
2026-01-28 10:55:39,6.06
2026-01-28 10:55:40,6.06
2026-01-28 10:55:41,6.06
2026-01-28 10:55:42,6.06
2026-01-28 10:55:43,6.06
2026-01-28 10:55:44,6.06
2026-01-28 10:55:45,6.06
2026-01-28 10:55:46,6.06
2026-01-28 10:55:47,6.06
2026-01-28 10:55:48,6.06
2026-01-28 10:55:49,6.10
2026-01-28 10:55:50,6.10
2026-01-28 10:55:51,6.10
2026-01-28 10:55:52,6.10
2026-01-28 10:55:53,6.10
2026-01-28 10:55:54,6.07
2026-01-28 10:55:55,6.07
2026-01-28 10:55:56,6.07
2026-01-28 10:55:57,6.07
2026-01-28 10:55:58,6.07
2026-01-28 10:55:59,6.05
2026-01-28 10:56:00,6.05
2026-01-28 10:56:01,6.05
2026-01-28 10:56:02,6.05
2026-01-28 10:56:03,6.05
2026-01-28 10:56:04,6.23
2026-01-28 10:56:05,6.23
2026-01-28 10:56:06,6.23
2026-01-28 10:56:07,6.23
2026-01-28 10:56:08,6.23
2026-01-28 10:56:09,6.33
2026-01-28 10:56:10,6.33
2026-01-28 10:56:11,6.33
2026-01-28 10:56:12,6.33
2026-01-28 10:56:13,6.33
2026-01-28 10:56:14,6.03
2026-01-28 10:56:15,6.03
2026-01-28 10:56:16,6.03
2026-01-28 10:56:17,6.03
2026-01-28 10:56:18,6.03
2026-01-28 10:56:19,6.02
2026-01-28 10:56:20,6.02
2026-01-28 10:56:21,6.02
2026-01-28 10:56:22,6.02
2026-01-28 10:56:23,6.02
2026-01-28 10:56:24,6.07
2026-01-28 10:56:25,6.07
2026-01-28 10:56:26,6.07
2026-01-28 10:56:27,6.07
2026-01-28 10:56:28,6.07
2026-01-28 10:56:29,6.08
2026-01-28 10:56:30,6.08
2026-01-28 10:56:31,6.08
2026-01-28 10:56:32,6.08
2026-01-28 10:56:33,6.08
2026-01-28 10:56:34,6.06
2026-01-28 10:56:35,6.06
2026-01-28 10:56:36,6.06
2026-01-28 10:56:37,6.06
2026-01-28 10:56:38,6.06
2026-01-28 10:56:39,0
2026-01-28 10:56:40,0
2026-01-28 10:56:41,0
2026-01-28 10:56:42,0
2026-01-28 10:56:43,0
2026-01-28 10:56:44,0
2026-01-28 10:56:45,0
2026-01-28 10:56:46,0
2026-01-28 10:56:47,0
2026-01-28 10:56:48,0
2026-01-28 10:56:49,0
2026-01-28 10:56:50,0
2026-01-28 10:56:51,0
2026-01-28 10:56:52,0
2026-01-28 10:56:53,0
2026-01-28 10:56:54,0
2026-01-28 10:56:55,0
2026-01-28 10:56:56,0
2026-01-28 10:56:57,0
2026-01-28 10:56:58,0
2026-01-28 10:56:59,0
2026-01-28 10:57:00,0
2026-01-28 10:57:01,0
2026-01-28 10:57:02,0
2026-01-28 10:57:03,0
2026-01-28 10:57:04,0
2026-01-28 10:57:05,0
2026-01-28 10:57:06,0
2026-01-28 10:57:07,0
2026-01-28 10:57:08,0
2026-01-28 10:57:09,0
2026-01-28 10:57:10,0
2026-01-28 10:57:11,0
2026-01-28 10:57:12,0
2026-01-28 10:57:13,0
2026-01-28 10:57:14,0
2026-01-28 10:57:15,0
2026-01-28 10:57:16,0
2026-01-28 10:57:17,0
2026-01-28 10:57:18,0
2026-01-28 10:57:19,0
2026-01-28 10:57:20,0
2026-01-28 10:57:21,0
2026-01-28 10:57:22,0
2026-01-28 10:57:23,0
2026-01-28 10:57:24,0
2026-01-28 10:57:25,0
2026-01-28 10:57:26,0
2026-01-28 10:57:27,0
2026-01-28 10:57:28,0
2026-01-28 10:57:29,0
2026-01-28 10:57:30,0
2026-01-28 10:57:31,0
2026-01-28 10:57:32,0
2026-01-28 10:57:33,0
2026-01-28 10:57:34,0
2026-01-28 10:57:35,0
2026-01-28 10:57:36,0
2026-01-28 10:57:37,0
2026-01-28 10:57:38,0
2026-01-28 10:57:39,0
2026-01-28 10:57:40,0
2026-01-28 10:57:41,0
2026-01-28 10:57:42,0
2026-01-28 10:57:43,0
2026-01-28 10:57:44,0
2026-01-28 10:57:45,0
2026-01-28 10:57:46,0
2026-01-28 10:57:47,0
2026-01-28 10:57:48,0
2026-01-28 10:57:49,0
2026-01-28 10:57:50,0
2026-01-28 10:57:51,0
2026-01-28 10:57:52,0
2026-01-28 10:57:53,0
2026-01-28 10:57:54,0
2026-01-28 10:57:55,0
2026-01-28 10:57:56,0
2026-01-28 10:57:57,0
2026-01-28 10:57:58,0
2026-01-28 10:57:59,0
2026-01-28 10:58:00,0
2026-01-28 10:58:01,0
2026-01-28 10:58:02,0
2026-01-28 10:58:03,0
2026-01-28 10:58:04,0
2026-01-28 10:58:05,0
2026-01-28 10:58:06,0
2026-01-28 10:58:07,0
2026-01-28 10:58:08,0
2026-01-28 10:58:09,0
2026-01-28 10:58:10,0
2026-01-28 10:58:11,0
2026-01-28 10:58:12,0
2026-01-28 10:58:13,0
2026-01-28 11:03:14,2.08
2026-01-28 11:03:15,2.08
2026-01-28 11:03:16,2.08
2026-01-28 11:03:17,2.08
2026-01-28 11:03:18,2.08
2026-01-28 11:03:19,8.68
2026-01-28 11:03:20,8.68
2026-01-28 11:03:21,8.68
2026-01-28 11:03:22,8.68
2026-01-28 11:03:23,8.68
2026-01-28 11:03:24,8.55
2026-01-28 11:03:25,8.55
2026-01-28 11:03:26,8.55
2026-01-28 11:03:27,8.55
2026-01-28 11:03:28,8.55
2026-01-28 11:03:29,7.55
2026-01-28 11:03:30,7.55
2026-01-28 11:03:31,7.55
2026-01-28 11:03:32,7.55
2026-01-28 11:03:33,7.55
2026-01-28 11:03:34,7.76
2026-01-28 11:03:35,7.76
2026-01-28 11:03:36,7.76
2026-01-28 11:03:37,7.76
2026-01-28 11:03:38,7.76
2026-01-28 11:03:39,8.95
2026-01-28 11:03:40,8.95
2026-01-28 11:03:41,8.95
2026-01-28 11:03:42,8.95
2026-01-28 11:03:43,8.95
2026-01-28 11:03:44,6.30
2026-01-28 11:03:45,6.30
2026-01-28 11:03:46,6.30
2026-01-28 11:03:47,6.30
2026-01-28 11:03:48,6.30
2026-01-28 11:03:49,6.26
2026-01-28 11:03:50,6.26
2026-01-28 11:03:51,6.26
2026-01-28 11:03:52,6.26
2026-01-28 11:03:53,6.26
2026-01-28 11:03:54,9.08
2026-01-28 11:03:55,9.08
2026-01-28 11:03:56,9.08
2026-01-28 11:03:57,9.08
2026-01-28 11:03:58,9.08
2026-01-28 11:03:59,6.98
2026-01-28 11:04:00,6.98
2026-01-28 11:04:01,6.98
2026-01-28 11:04:02,6.98
2026-01-28 11:04:03,6.98
2026-01-28 11:04:04,4.96
2026-01-28 11:04:05,4.96
2026-01-28 11:04:06,4.96
2026-01-28 11:04:07,4.96
2026-01-28 11:04:08,4.96
2026-01-28 11:04:09,5.14
2026-01-28 11:04:10,5.14
2026-01-28 11:04:11,5.14
2026-01-28 11:04:12,5.14
2026-01-28 11:04:13,5.14
2026-01-28 11:04:14,4.99
2026-01-28 11:04:15,4.99
2026-01-28 11:04:16,4.99
2026-01-28 11:04:17,4.99
2026-01-28 11:04:18,4.99
2026-01-28 11:04:19,8.48
2026-01-28 11:04:20,8.48
2026-01-28 11:04:21,8.48
2026-01-28 11:04:22,8.48
2026-01-28 11:04:23,8.48
2026-01-28 11:04:24,5.68
2026-01-28 11:04:25,5.68
2026-01-28 11:04:26,5.68
2026-01-28 11:04:27,5.68
2026-01-28 11:04:28,5.68
2026-01-28 11:04:29,3.78
2026-01-28 11:04:30,3.78
2026-01-28 11:04:31,3.78
2026-01-28 11:04:32,3.78
2026-01-28 11:04:33,3.78
2026-01-28 11:04:34,3.89
2026-01-28 11:04:35,3.89
2026-01-28 11:04:36,3.89
2026-01-28 11:04:37,3.89
2026-01-28 11:04:38,3.89
2026-01-28 11:04:39,0
2026-01-28 11:04:40,0
2026-01-28 11:04:41,0
2026-01-28 11:04:42,0
2026-01-28 11:04:43,0
2026-01-28 11:04:44,0
2026-01-28 11:04:45,0
2026-01-28 11:04:46,0
2026-01-28 11:04:47,0
2026-01-28 11:04:48,0
2026-01-28 11:04:49,0
2026-01-28 11:04:50,0
2026-01-28 11:04:51,0
2026-01-28 11:04:52,0
2026-01-28 11:04:53,0
2026-01-28 11:04:54,0
2026-01-28 11:04:55,0
2026-01-28 11:04:56,0
2026-01-28 11:04:57,0
2026-01-28 11:04:58,0
2026-01-28 11:04:59,0
2026-01-28 11:05:00,0
2026-01-28 11:05:01,0
2026-01-28 11:05:02,0
2026-01-28 11:05:03,0
2026-01-28 11:05:04,0
2026-01-28 11:05:05,0
2026-01-28 11:05:06,0
2026-01-28 11:05:07,0
2026-01-28 11:05:08,0
2026-01-28 11:05:09,0
2026-01-28 11:05:10,0
2026-01-28 11:05:11,0
2026-01-28 11:05:12,0
2026-01-28 11:05:13,0
2026-01-28 11:05:14,0
2026-01-28 11:05:15,0
2026-01-28 11:05:16,0
2026-01-28 11:05:17,0
2026-01-28 11:05:18,0
2026-01-28 11:05:19,0
2026-01-28 11:05:20,0
2026-01-28 11:05:21,0
2026-01-28 11:05:22,0
2026-01-28 11:05:23,0
2026-01-28 11:05:24,0
2026-01-28 11:05:25,0
2026-01-28 11:05:26,0
2026-01-28 11:05:27,0
2026-01-28 11:05:28,0
2026-01-28 11:05:29,0
2026-01-28 11:05:30,0
2026-01-28 11:05:31,0
2026-01-28 11:05:32,0
2026-01-28 11:05:33,0
2026-01-28 11:05:34,0
2026-01-28 11:05:35,0
2026-01-28 11:05:36,0
2026-01-28 11:05:37,0
2026-01-28 11:05:38,0
2026-01-28 11:05:39,0
2026-01-28 11:05:40,0
2026-01-28 11:05:41,0
2026-01-28 11:05:42,0
2026-01-28 11:05:43,0
2026-01-28 11:05:44,0
2026-01-28 11:05:45,0
2026-01-28 11:05:46,0
2026-01-28 11:05:47,0
2026-01-28 11:05:48,0
2026-01-28 11:05:49,0
2026-01-28 11:05:50,0
2026-01-28 11:05:51,0
2026-01-28 11:05:52,0
2026-01-28 11:05:53,0
2026-01-28 11:05:54,0
2026-01-28 11:05:55,0
2026-01-28 11:05:56,0
2026-01-28 11:05:57,0
2026-01-28 11:05:58,0
2026-01-28 11:05:59,0
2026-01-28 11:06:00,0
2026-01-28 11:06:01,0
2026-01-28 11:06:02,0
2026-01-28 11:06:03,0
2026-01-28 11:06:04,0
2026-01-28 11:06:05,0
2026-01-28 11:06:06,0
2026-01-28 11:06:07,0
2026-01-28 11:06:08,0
2026-01-28 11:06:09,0
2026-01-28 11:06:10,0
2026-01-28 11:06:11,0
2026-01-28 11:06:12,0
2026-01-28 11:06:13,0
2026-01-28 11:11:14,6.24
2026-01-28 11:11:15,6.24
2026-01-28 11:11:16,6.24
2026-01-28 11:11:17,6.24
2026-01-28 11:11:18,6.24
2026-01-28 11:11:19,8.61
2026-01-28 11:11:20,8.61
2026-01-28 11:11:21,8.61
2026-01-28 11:11:22,8.61
2026-01-28 11:11:23,8.61
2026-01-28 11:11:24,8.53
2026-01-28 11:11:25,8.53
2026-01-28 11:11:26,8.53
2026-01-28 11:11:27,8.53
2026-01-28 11:11:28,8.53
2026-01-28 11:11:29,8.44
2026-01-28 11:11:30,8.44
2026-01-28 11:11:31,8.44
2026-01-28 11:11:32,8.44
2026-01-28 11:11:33,8.44
2026-01-28 11:11:34,10.3
2026-01-28 11:11:35,10.3
2026-01-28 11:11:36,10.3
2026-01-28 11:11:37,10.3
2026-01-28 11:11:38,10.3
2026-01-28 11:11:39,9.13
2026-01-28 11:11:40,9.13
2026-01-28 11:11:41,9.13
2026-01-28 11:11:42,9.13
2026-01-28 11:11:43,9.13
2026-01-28 11:11:44,7.21
2026-01-28 11:11:45,7.21
2026-01-28 11:11:46,7.21
2026-01-28 11:11:47,7.21
2026-01-28 11:11:48,7.21
2026-01-28 11:11:49,7.31
2026-01-28 11:11:50,7.31
2026-01-28 11:11:51,7.31
2026-01-28 11:11:52,7.31
2026-01-28 11:11:53,7.31
2026-01-28 11:11:54,7.28
2026-01-28 11:11:55,7.28
2026-01-28 11:11:56,7.28
2026-01-28 11:11:57,7.28
2026-01-28 11:11:58,7.28
2026-01-28 11:11:59,7.28
2026-01-28 11:12:00,7.28
2026-01-28 11:12:01,7.28
2026-01-28 11:12:02,7.28
2026-01-28 11:12:03,7.28
2026-01-28 11:12:04,7.38
2026-01-28 11:12:05,7.38
2026-01-28 11:12:06,7.38
2026-01-28 11:12:07,7.38
2026-01-28 11:12:08,7.38
2026-01-28 11:12:09,7.66
2026-01-28 11:12:10,7.66
2026-01-28 11:12:11,7.66
2026-01-28 11:12:12,7.66
2026-01-28 11:12:13,7.66
2026-01-28 11:12:14,7.72
2026-01-28 11:12:15,7.72
2026-01-28 11:12:16,7.72
2026-01-28 11:12:17,7.72
2026-01-28 11:12:18,7.72
2026-01-28 11:12:19,7.27
2026-01-28 11:12:20,7.27
2026-01-28 11:12:21,7.27
2026-01-28 11:12:22,7.27
2026-01-28 11:12:23,7.27
2026-01-28 11:12:24,7.28
2026-01-28 11:12:25,7.28
2026-01-28 11:12:26,7.28
2026-01-28 11:12:27,7.28
2026-01-28 11:12:28,7.28
2026-01-28 11:12:29,7.31
2026-01-28 11:12:30,7.31
2026-01-28 11:12:31,7.31
2026-01-28 11:12:32,7.31
2026-01-28 11:12:33,7.31
2026-01-28 11:12:34,7.36
2026-01-28 11:12:35,7.36
2026-01-28 11:12:36,7.36
2026-01-28 11:12:37,7.36
2026-01-28 11:12:38,7.36
2026-01-28 11:12:39,0
2026-01-28 11:12:40,0
2026-01-28 11:12:41,0
2026-01-28 11:12:42,0
2026-01-28 11:12:43,0
2026-01-28 11:12:44,0
2026-01-28 11:12:45,0
2026-01-28 11:12:46,0
2026-01-28 11:12:47,0
2026-01-28 11:12:48,0
2026-01-28 11:12:49,0
2026-01-28 11:12:50,0
2026-01-28 11:12:51,0
2026-01-28 11:12:52,0
2026-01-28 11:12:53,0
2026-01-28 11:12:54,0
2026-01-28 11:12:55,0
2026-01-28 11:12:56,0
2026-01-28 11:12:57,0
2026-01-28 11:12:58,0
2026-01-28 11:12:59,0
2026-01-28 11:13:00,0
2026-01-28 11:13:01,0
2026-01-28 11:13:02,0
2026-01-28 11:13:03,0
2026-01-28 11:13:04,0
2026-01-28 11:13:05,0
2026-01-28 11:13:06,0
2026-01-28 11:13:07,0
2026-01-28 11:13:08,0
2026-01-28 11:13:09,0
2026-01-28 11:13:10,0
2026-01-28 11:13:11,0
2026-01-28 11:13:12,0
2026-01-28 11:13:13,0
2026-01-28 11:13:14,0
2026-01-28 11:13:15,0
2026-01-28 11:13:16,0
2026-01-28 11:13:17,0
2026-01-28 11:13:18,0
2026-01-28 11:13:19,0
2026-01-28 11:13:20,0
2026-01-28 11:13:21,0
2026-01-28 11:13:22,0
2026-01-28 11:13:23,0
2026-01-28 11:13:24,0
2026-01-28 11:13:25,0
2026-01-28 11:13:26,0
2026-01-28 11:13:27,0
2026-01-28 11:13:28,0
2026-01-28 11:13:29,0
2026-01-28 11:13:30,0
2026-01-28 11:13:31,0
2026-01-28 11:13:32,0
2026-01-28 11:13:33,0
2026-01-28 11:13:34,0
2026-01-28 11:13:35,0
2026-01-28 11:13:36,0
2026-01-28 11:13:37,0
2026-01-28 11:13:38,0
2026-01-28 11:13:39,0
2026-01-28 11:13:40,0
2026-01-28 11:13:41,0
2026-01-28 11:13:42,0
2026-01-28 11:13:43,0
2026-01-28 11:13:44,0
2026-01-28 11:13:45,0
2026-01-28 11:13:46,0
2026-01-28 11:13:47,0
2026-01-28 11:13:48,0
2026-01-28 11:13:49,0
2026-01-28 11:13:50,0
2026-01-28 11:13:51,0
2026-01-28 11:13:52,0
2026-01-28 11:13:53,0
2026-01-28 11:13:54,0
2026-01-28 11:13:55,0
2026-01-28 11:13:56,0
2026-01-28 11:13:57,0
2026-01-28 11:13:58,0
2026-01-28 11:13:59,0
2026-01-28 11:14:00,0
2026-01-28 11:14:01,0
2026-01-28 11:14:02,0
2026-01-28 11:14:03,0
2026-01-28 11:14:04,0
2026-01-28 11:14:05,0
2026-01-28 11:14:06,0
2026-01-28 11:14:07,0
2026-01-28 11:14:08,0
2026-01-28 11:14:09,0
2026-01-28 11:14:10,0
2026-01-28 11:14:11,0
2026-01-28 11:14:12,0
2026-01-28 11:14:13,0
2026-01-28 11:19:14,5.78
2026-01-28 11:19:15,5.78
2026-01-28 11:19:16,5.78
2026-01-28 11:19:17,5.78
2026-01-28 11:19:18,5.78
2026-01-28 11:19:19,6.02
2026-01-28 11:19:20,6.02
2026-01-28 11:19:21,6.02
2026-01-28 11:19:22,6.02
2026-01-28 11:19:23,6.02
2026-01-28 11:19:24,6.18
2026-01-28 11:19:25,6.18
2026-01-28 11:19:26,6.18
2026-01-28 11:19:27,6.18
2026-01-28 11:19:28,6.18
2026-01-28 11:19:29,7.34
2026-01-28 11:19:30,7.34
2026-01-28 11:19:31,7.34
2026-01-28 11:19:32,7.34
2026-01-28 11:19:33,7.34
2026-01-28 11:19:34,7.54
2026-01-28 11:19:35,7.54
2026-01-28 11:19:36,7.54
2026-01-28 11:19:37,7.54
2026-01-28 11:19:38,7.54
2026-01-28 11:19:39,7.33
2026-01-28 11:19:40,7.33
2026-01-28 11:19:41,7.33
2026-01-28 11:19:42,7.33
2026-01-28 11:19:43,7.33
2026-01-28 11:19:44,7.15
2026-01-28 11:19:45,7.15
2026-01-28 11:19:46,7.15
2026-01-28 11:19:47,7.15
2026-01-28 11:19:48,7.15
2026-01-28 11:19:49,7.27
2026-01-28 11:19:50,7.27
2026-01-28 11:19:51,7.27
2026-01-28 11:19:52,7.27
2026-01-28 11:19:53,7.27
2026-01-28 11:19:54,7.19
2026-01-28 11:19:55,7.19
2026-01-28 11:19:56,7.19
2026-01-28 11:19:57,7.19
2026-01-28 11:19:58,7.19
2026-01-28 11:19:59,7.16
2026-01-28 11:20:00,7.16
2026-01-28 11:20:01,7.16
2026-01-28 11:20:02,7.16
2026-01-28 11:20:03,7.16
2026-01-28 11:20:04,8.97
2026-01-28 11:20:05,8.97
2026-01-28 11:20:06,8.97
2026-01-28 11:20:07,8.97
2026-01-28 11:20:08,8.97
2026-01-28 11:20:09,7.29
2026-01-28 11:20:10,7.29
2026-01-28 11:20:11,7.29
2026-01-28 11:20:12,7.29
2026-01-28 11:20:13,7.29
2026-01-28 11:20:14,6.39
2026-01-28 11:20:15,6.39
2026-01-28 11:20:16,6.39
2026-01-28 11:20:17,6.39
2026-01-28 11:20:18,6.39
2026-01-28 11:20:19,6.14
2026-01-28 11:20:20,6.14
2026-01-28 11:20:21,6.14
2026-01-28 11:20:22,6.14
2026-01-28 11:20:23,6.14
2026-01-28 11:20:24,5.61
2026-01-28 11:20:25,5.61
2026-01-28 11:20:26,5.61
2026-01-28 11:20:27,5.61
2026-01-28 11:20:28,5.61
2026-01-28 11:20:29,6.15
2026-01-28 11:20:30,6.15
2026-01-28 11:20:31,6.15
2026-01-28 11:20:32,6.15
2026-01-28 11:20:33,6.15
2026-01-28 11:20:34,9.81
2026-01-28 11:20:35,9.81
2026-01-28 11:20:36,9.81
2026-01-28 11:20:37,9.81
2026-01-28 11:20:38,9.81
2026-01-28 11:20:39,0
2026-01-28 11:20:40,0
2026-01-28 11:20:41,0
2026-01-28 11:20:42,0
2026-01-28 11:20:43,0
2026-01-28 11:20:44,0
2026-01-28 11:20:45,0
2026-01-28 11:20:46,0
2026-01-28 11:20:47,0
2026-01-28 11:20:48,0
2026-01-28 11:20:49,0
2026-01-28 11:20:50,0
2026-01-28 11:20:51,0
2026-01-28 11:20:52,0
2026-01-28 11:20:53,0
2026-01-28 11:20:54,0
2026-01-28 11:20:55,0
2026-01-28 11:20:56,0
2026-01-28 11:20:57,0
2026-01-28 11:20:58,0
2026-01-28 11:20:59,0
2026-01-28 11:21:00,0
2026-01-28 11:21:01,0
2026-01-28 11:21:02,0
2026-01-28 11:21:03,0
2026-01-28 11:21:04,0
2026-01-28 11:21:05,0
2026-01-28 11:21:06,0
2026-01-28 11:21:07,0
2026-01-28 11:21:08,0
2026-01-28 11:21:09,0
2026-01-28 11:21:10,0
2026-01-28 11:21:11,0
2026-01-28 11:21:12,0
2026-01-28 11:21:13,0
2026-01-28 11:21:14,0
2026-01-28 11:21:15,0
2026-01-28 11:21:16,0
2026-01-28 11:21:17,0
2026-01-28 11:21:18,0
2026-01-28 11:21:19,0
2026-01-28 11:21:20,0
2026-01-28 11:21:21,0
2026-01-28 11:21:22,0
2026-01-28 11:21:23,0
2026-01-28 11:21:24,0
2026-01-28 11:21:25,0
2026-01-28 11:21:26,0
2026-01-28 11:21:27,0
2026-01-28 11:21:28,0
2026-01-28 11:21:29,0
2026-01-28 11:21:30,0
2026-01-28 11:21:31,0
2026-01-28 11:21:32,0
2026-01-28 11:21:33,0
2026-01-28 11:21:34,0
2026-01-28 11:21:35,0
2026-01-28 11:21:36,0
2026-01-28 11:21:37,0
2026-01-28 11:21:38,0
2026-01-28 11:21:39,0
2026-01-28 11:21:40,0
2026-01-28 11:21:41,0
2026-01-28 11:21:42,0
2026-01-28 11:21:43,0
2026-01-28 11:21:44,0
2026-01-28 11:21:45,0
2026-01-28 11:21:46,0
2026-01-28 11:21:47,0
2026-01-28 11:21:48,0
2026-01-28 11:21:49,0
2026-01-28 11:21:50,0
2026-01-28 11:21:51,0
2026-01-28 11:21:52,0
2026-01-28 11:21:53,0
2026-01-28 11:21:54,0
2026-01-28 11:21:55,0
2026-01-28 11:21:56,0
2026-01-28 11:21:57,0
2026-01-28 11:21:58,0
2026-01-28 11:21:59,0
2026-01-28 11:22:00,0
2026-01-28 11:22:01,0
2026-01-28 11:22:02,0
2026-01-28 11:22:03,0
2026-01-28 11:22:04,0
2026-01-28 11:22:05,0
2026-01-28 11:22:06,0
2026-01-28 11:22:07,0
2026-01-28 11:22:08,0
2026-01-28 11:22:09,0
2026-01-28 11:22:10,0
2026-01-28 11:22:11,0
2026-01-28 11:22:12,0
2026-01-28 11:22:13,0
2026-01-28 11:27:19,4.74
2026-01-28 11:27:20,4.74
2026-01-28 11:27:21,4.74
2026-01-28 11:27:22,4.74
2026-01-28 11:27:23,4.74
2026-01-28 11:27:24,8.38
2026-01-28 11:27:25,8.38
2026-01-28 11:27:26,8.38
2026-01-28 11:27:27,8.38
2026-01-28 11:27:28,8.38
2026-01-28 11:27:29,7.41
2026-01-28 11:27:30,7.41
2026-01-28 11:27:31,7.41
2026-01-28 11:27:32,7.41
2026-01-28 11:27:33,7.41
2026-01-28 11:27:34,7.64
2026-01-28 11:27:35,7.64
2026-01-28 11:27:36,7.64
2026-01-28 11:27:37,7.64
2026-01-28 11:27:38,7.64
2026-01-28 11:27:39,7.32
2026-01-28 11:27:40,7.32
2026-01-28 11:27:41,7.32
2026-01-28 11:27:42,7.32
2026-01-28 11:27:43,7.32
2026-01-28 11:27:44,7.21
2026-01-28 11:27:45,7.21
2026-01-28 11:27:46,7.21
2026-01-28 11:27:47,7.21
2026-01-28 11:27:48,7.21
2026-01-28 11:27:49,7.30
2026-01-28 11:27:50,7.30
2026-01-28 11:27:51,7.30
2026-01-28 11:27:52,7.30
2026-01-28 11:27:53,7.30
2026-01-28 11:27:54,9.08
2026-01-28 11:27:55,9.08
2026-01-28 11:27:56,9.08
2026-01-28 11:27:57,9.08
2026-01-28 11:27:58,9.08
2026-01-28 11:27:59,7.31
2026-01-28 11:28:00,7.31
2026-01-28 11:28:01,7.31
2026-01-28 11:28:02,7.31
2026-01-28 11:28:03,7.31
2026-01-28 11:28:04,6.10
2026-01-28 11:28:05,6.10
2026-01-28 11:28:06,6.10
2026-01-28 11:28:07,6.10
2026-01-28 11:28:08,6.10
2026-01-28 11:28:09,6.20
2026-01-28 11:28:10,6.20
2026-01-28 11:28:11,6.20
2026-01-28 11:28:12,6.20
2026-01-28 11:28:13,6.20
2026-01-28 11:28:14,6.61
2026-01-28 11:28:15,6.61
2026-01-28 11:28:16,6.61
2026-01-28 11:28:17,6.61
2026-01-28 11:28:18,6.61
2026-01-28 11:28:19,6.40
2026-01-28 11:28:20,6.40
2026-01-28 11:28:21,6.40
2026-01-28 11:28:22,6.40
2026-01-28 11:28:23,6.40
2026-01-28 11:28:24,6.11
2026-01-28 11:28:25,6.11
2026-01-28 11:28:26,6.11
2026-01-28 11:28:27,6.11
2026-01-28 11:28:28,6.11
2026-01-28 11:28:29,6.05
2026-01-28 11:28:30,6.05
2026-01-28 11:28:31,6.05
2026-01-28 11:28:32,6.05
2026-01-28 11:28:33,6.05
2026-01-28 11:28:34,5.90
2026-01-28 11:28:35,5.90
2026-01-28 11:28:36,5.90
2026-01-28 11:28:37,5.90
2026-01-28 11:28:38,5.90
2026-01-28 11:28:39,6.51
2026-01-28 11:28:40,6.51
2026-01-28 11:28:41,6.51
2026-01-28 11:28:42,6.51
2026-01-28 11:28:43,6.51
2026-01-28 11:28:44,0
2026-01-28 11:28:45,0
2026-01-28 11:28:46,0
2026-01-28 11:28:47,0
2026-01-28 11:28:48,0
2026-01-28 11:28:49,0
2026-01-28 11:28:50,0
2026-01-28 11:28:51,0
2026-01-28 11:28:52,0
2026-01-28 11:28:53,0
2026-01-28 11:28:54,0
2026-01-28 11:28:55,0
2026-01-28 11:28:56,0
2026-01-28 11:28:57,0
2026-01-28 11:28:58,0
2026-01-28 11:28:59,0
2026-01-28 11:29:00,0
2026-01-28 11:29:01,0
2026-01-28 11:29:02,0
2026-01-28 11:29:03,0
2026-01-28 11:29:04,0
2026-01-28 11:29:05,0
2026-01-28 11:29:06,0
2026-01-28 11:29:07,0
2026-01-28 11:29:08,0
2026-01-28 11:29:09,0
2026-01-28 11:29:10,0
2026-01-28 11:29:11,0
2026-01-28 11:29:12,0
2026-01-28 11:29:13,0
2026-01-28 11:29:14,0
2026-01-28 11:29:15,0
2026-01-28 11:29:16,0
2026-01-28 11:29:17,0
2026-01-28 11:29:18,0
2026-01-28 11:29:19,0
2026-01-28 11:29:20,0
2026-01-28 11:29:21,0
2026-01-28 11:29:22,0
2026-01-28 11:29:23,0
2026-01-28 11:29:24,0
2026-01-28 11:29:25,0
2026-01-28 11:29:26,0
2026-01-28 11:29:27,0
2026-01-28 11:29:28,0
2026-01-28 11:29:29,0
2026-01-28 11:29:30,0
2026-01-28 11:29:31,0
2026-01-28 11:29:32,0
2026-01-28 11:29:33,0
2026-01-28 11:29:34,0
2026-01-28 11:29:35,0
2026-01-28 11:29:36,0
2026-01-28 11:29:37,0
2026-01-28 11:29:38,0
2026-01-28 11:29:39,0
2026-01-28 11:29:40,0
2026-01-28 11:29:41,0
2026-01-28 11:29:42,0
2026-01-28 11:29:43,0
2026-01-28 11:29:44,0
2026-01-28 11:29:45,0
2026-01-28 11:29:46,0
2026-01-28 11:29:47,0
2026-01-28 11:29:48,0
2026-01-28 11:29:49,0
2026-01-28 11:29:50,0
2026-01-28 11:29:51,0
2026-01-28 11:29:52,0
2026-01-28 11:29:53,0
2026-01-28 11:29:54,0
2026-01-28 11:29:55,0
2026-01-28 11:29:56,0
2026-01-28 11:29:57,0
2026-01-28 11:29:58,0
2026-01-28 11:29:59,0
2026-01-28 11:30:00,0
2026-01-28 11:30:01,0
2026-01-28 11:30:02,0
2026-01-28 11:30:03,0
2026-01-28 11:30:04,0
2026-01-28 11:30:05,0
2026-01-28 11:30:06,0
2026-01-28 11:30:07,0
2026-01-28 11:30:08,0
2026-01-28 11:30:09,0
2026-01-28 11:30:10,0
2026-01-28 11:30:11,0
2026-01-28 11:30:12,0
2026-01-28 11:30:13,0
2026-01-28 11:30:14,0
2026-01-28 11:30:15,0
2026-01-28 11:30:16,0
2026-01-28 11:30:17,0
2026-01-28 11:30:18,0
2026-01-28 11:35:14,4.17
2026-01-28 11:35:15,4.17
2026-01-28 11:35:16,4.17
2026-01-28 11:35:17,4.17
2026-01-28 11:35:18,4.17
2026-01-28 11:35:19,7.85
2026-01-28 11:35:20,7.85
2026-01-28 11:35:21,7.85
2026-01-28 11:35:22,7.85
2026-01-28 11:35:23,7.85
2026-01-28 11:35:24,8.63
2026-01-28 11:35:25,8.63
2026-01-28 11:35:26,8.63
2026-01-28 11:35:27,8.63
2026-01-28 11:35:28,8.63
2026-01-28 11:35:29,8.66
2026-01-28 11:35:30,8.66
2026-01-28 11:35:31,8.66
2026-01-28 11:35:32,8.66
2026-01-28 11:35:33,8.66
2026-01-28 11:35:34,8.41
2026-01-28 11:35:35,8.41
2026-01-28 11:35:36,8.41
2026-01-28 11:35:37,8.41
2026-01-28 11:35:38,8.41
2026-01-28 11:35:39,8.40
2026-01-28 11:35:40,8.40
2026-01-28 11:35:41,8.40
2026-01-28 11:35:42,8.40
2026-01-28 11:35:43,8.40
2026-01-28 11:35:44,8.37
2026-01-28 11:35:45,8.37
2026-01-28 11:35:46,8.37
2026-01-28 11:35:47,8.37
2026-01-28 11:35:48,8.37
2026-01-28 11:35:49,8.39
2026-01-28 11:35:50,8.39
2026-01-28 11:35:51,8.39
2026-01-28 11:35:52,8.39
2026-01-28 11:35:53,8.39
2026-01-28 11:35:54,8.39
2026-01-28 11:35:55,8.39
2026-01-28 11:35:56,8.39
2026-01-28 11:35:57,8.39
2026-01-28 11:35:58,8.39
2026-01-28 11:35:59,8.41
2026-01-28 11:36:00,8.41
2026-01-28 11:36:01,8.41
2026-01-28 11:36:02,8.41
2026-01-28 11:36:03,8.41
2026-01-28 11:36:04,8.33
2026-01-28 11:36:05,8.33
2026-01-28 11:36:06,8.33
2026-01-28 11:36:07,8.33
2026-01-28 11:36:08,8.33
2026-01-28 11:36:09,8.38
2026-01-28 11:36:10,8.38
2026-01-28 11:36:11,8.38
2026-01-28 11:36:12,8.38
2026-01-28 11:36:13,8.38
2026-01-28 11:36:14,8.45
2026-01-28 11:36:15,8.45
2026-01-28 11:36:16,8.45
2026-01-28 11:36:17,8.45
2026-01-28 11:36:18,8.45
2026-01-28 11:36:19,8.51
2026-01-28 11:36:20,8.51
2026-01-28 11:36:21,8.51
2026-01-28 11:36:22,8.51
2026-01-28 11:36:23,8.51
2026-01-28 11:36:24,8.56
2026-01-28 11:36:25,8.56
2026-01-28 11:36:26,8.56
2026-01-28 11:36:27,8.56
2026-01-28 11:36:28,8.56
2026-01-28 11:36:29,8.35
2026-01-28 11:36:30,8.35
2026-01-28 11:36:31,8.35
2026-01-28 11:36:32,8.35
2026-01-28 11:36:33,8.35
2026-01-28 11:36:34,9.19
2026-01-28 11:36:35,9.19
2026-01-28 11:36:36,9.19
2026-01-28 11:36:37,9.19
2026-01-28 11:36:38,9.19
2026-01-28 11:36:39,0
2026-01-28 11:36:40,0
2026-01-28 11:36:41,0
2026-01-28 11:36:42,0
2026-01-28 11:36:43,0
2026-01-28 11:36:44,0
2026-01-28 11:36:45,0
2026-01-28 11:36:46,0
2026-01-28 11:36:47,0
2026-01-28 11:36:48,0
2026-01-28 11:36:49,0
2026-01-28 11:36:50,0
2026-01-28 11:36:51,0
2026-01-28 11:36:52,0
2026-01-28 11:36:53,0
2026-01-28 11:36:54,0
2026-01-28 11:36:55,0
2026-01-28 11:36:56,0
2026-01-28 11:36:57,0
2026-01-28 11:36:58,0
2026-01-28 11:36:59,0
2026-01-28 11:37:00,0
2026-01-28 11:37:01,0
2026-01-28 11:37:02,0
2026-01-28 11:37:03,0
2026-01-28 11:37:04,0
2026-01-28 11:37:05,0
2026-01-28 11:37:06,0
2026-01-28 11:37:07,0
2026-01-28 11:37:08,0
2026-01-28 11:37:09,0
2026-01-28 11:37:10,0
2026-01-28 11:37:11,0
2026-01-28 11:37:12,0
2026-01-28 11:37:13,0
2026-01-28 11:37:14,0
2026-01-28 11:37:15,0
2026-01-28 11:37:16,0
2026-01-28 11:37:17,0
2026-01-28 11:37:18,0
2026-01-28 11:37:19,0
2026-01-28 11:37:20,0
2026-01-28 11:37:21,0
2026-01-28 11:37:22,0
2026-01-28 11:37:23,0
2026-01-28 11:37:24,0
2026-01-28 11:37:25,0
2026-01-28 11:37:26,0
2026-01-28 11:37:27,0
2026-01-28 11:37:28,0
2026-01-28 11:37:29,0
2026-01-28 11:37:30,0
2026-01-28 11:37:31,0
2026-01-28 11:37:32,0
2026-01-28 11:37:33,0
2026-01-28 11:37:34,0
2026-01-28 11:37:35,0
2026-01-28 11:37:36,0
2026-01-28 11:37:37,0
2026-01-28 11:37:38,0
2026-01-28 11:37:39,0
2026-01-28 11:37:40,0
2026-01-28 11:37:41,0
2026-01-28 11:37:42,0
2026-01-28 11:37:43,0
2026-01-28 11:37:44,0
2026-01-28 11:37:45,0
2026-01-28 11:37:46,0
2026-01-28 11:37:47,0
2026-01-28 11:37:48,0
2026-01-28 11:37:49,0
2026-01-28 11:37:50,0
2026-01-28 11:37:51,0
2026-01-28 11:37:52,0
2026-01-28 11:37:53,0
2026-01-28 11:37:54,0
2026-01-28 11:37:55,0
2026-01-28 11:37:56,0
2026-01-28 11:37:57,0
2026-01-28 11:37:58,0
2026-01-28 11:37:59,0
2026-01-28 11:38:00,0
2026-01-28 11:38:01,0
2026-01-28 11:38:02,0
2026-01-28 11:38:03,0
2026-01-28 11:38:04,0
2026-01-28 11:38:05,0
2026-01-28 11:38:06,0
2026-01-28 11:38:07,0
2026-01-28 11:38:08,0
2026-01-28 11:38:09,0
2026-01-28 11:38:10,0
2026-01-28 11:38:11,0
2026-01-28 11:38:12,0
2026-01-28 11:38:13,0
2026-01-28 11:43:19,4.37
2026-01-28 11:43:20,4.37
2026-01-28 11:43:21,4.37
2026-01-28 11:43:22,4.37
2026-01-28 11:43:23,4.37
2026-01-28 11:43:24,6.60
2026-01-28 11:43:25,6.60
2026-01-28 11:43:26,6.60
2026-01-28 11:43:27,6.60
2026-01-28 11:43:28,6.60
2026-01-28 11:43:29,6.09
2026-01-28 11:43:30,6.09
2026-01-28 11:43:31,6.09
2026-01-28 11:43:32,6.09
2026-01-28 11:43:33,6.09
2026-01-28 11:43:34,6.18
2026-01-28 11:43:35,6.18
2026-01-28 11:43:36,6.18
2026-01-28 11:43:37,6.18
2026-01-28 11:43:38,6.18
2026-01-28 11:43:39,6.18
2026-01-28 11:43:40,6.18
2026-01-28 11:43:41,6.18
2026-01-28 11:43:42,6.18
2026-01-28 11:43:43,6.18
2026-01-28 11:43:44,6.01
2026-01-28 11:43:45,6.01
2026-01-28 11:43:46,6.01
2026-01-28 11:43:47,6.01
2026-01-28 11:43:48,6.01
2026-01-28 11:43:49,6.11
2026-01-28 11:43:50,6.11
2026-01-28 11:43:51,6.11
2026-01-28 11:43:52,6.11
2026-01-28 11:43:53,6.11
2026-01-28 11:43:54,6.12
2026-01-28 11:43:55,6.12
2026-01-28 11:43:56,6.12
2026-01-28 11:43:57,6.12
2026-01-28 11:43:58,6.12
2026-01-28 11:43:59,5.46
2026-01-28 11:44:00,5.46
2026-01-28 11:44:01,5.46
2026-01-28 11:44:02,5.46
2026-01-28 11:44:03,5.46
2026-01-28 11:44:04,7.30
2026-01-28 11:44:05,7.30
2026-01-28 11:44:06,7.30
2026-01-28 11:44:07,7.30
2026-01-28 11:44:08,7.30
2026-01-28 11:44:09,7.53
2026-01-28 11:44:10,7.53
2026-01-28 11:44:11,7.53
2026-01-28 11:44:12,7.53
2026-01-28 11:44:13,7.53
2026-01-28 11:44:14,7.17
2026-01-28 11:44:15,7.17
2026-01-28 11:44:16,7.17
2026-01-28 11:44:17,7.17
2026-01-28 11:44:18,7.17
2026-01-28 11:44:19,7.42
2026-01-28 11:44:20,7.42
2026-01-28 11:44:21,7.42
2026-01-28 11:44:22,7.42
2026-01-28 11:44:23,7.42
2026-01-28 11:44:24,7.38
2026-01-28 11:44:25,7.38
2026-01-28 11:44:26,7.38
2026-01-28 11:44:27,7.38
2026-01-28 11:44:28,7.38
2026-01-28 11:44:29,6.83
2026-01-28 11:44:30,6.83
2026-01-28 11:44:31,6.83
2026-01-28 11:44:32,6.83
2026-01-28 11:44:33,6.83
2026-01-28 11:44:34,8.14
2026-01-28 11:44:35,8.14
2026-01-28 11:44:36,8.14
2026-01-28 11:44:37,8.14
2026-01-28 11:44:38,8.14
2026-01-28 11:44:39,8.60
2026-01-28 11:44:40,8.60
2026-01-28 11:44:41,8.60
2026-01-28 11:44:42,8.60
2026-01-28 11:44:43,8.60
2026-01-28 11:44:44,0
2026-01-28 11:44:45,0
2026-01-28 11:44:46,0
2026-01-28 11:44:47,0
2026-01-28 11:44:48,0
2026-01-28 11:44:49,0
2026-01-28 11:44:50,0
2026-01-28 11:44:51,0
2026-01-28 11:44:52,0
2026-01-28 11:44:53,0
2026-01-28 11:44:54,0
2026-01-28 11:44:55,0
2026-01-28 11:44:56,0
2026-01-28 11:44:57,0
2026-01-28 11:44:58,0
2026-01-28 11:44:59,0
2026-01-28 11:45:00,0
2026-01-28 11:45:01,0
2026-01-28 11:45:02,0
2026-01-28 11:45:03,0
2026-01-28 11:45:04,0
2026-01-28 11:45:05,0
2026-01-28 11:45:06,0
2026-01-28 11:45:07,0
2026-01-28 11:45:08,0
2026-01-28 11:45:09,0
2026-01-28 11:45:10,0
2026-01-28 11:45:11,0
2026-01-28 11:45:12,0
2026-01-28 11:45:13,0
2026-01-28 11:45:14,0
2026-01-28 11:45:15,0
2026-01-28 11:45:16,0
2026-01-28 11:45:17,0
2026-01-28 11:45:18,0
2026-01-28 11:45:19,0
2026-01-28 11:45:20,0
2026-01-28 11:45:21,0
2026-01-28 11:45:22,0
2026-01-28 11:45:23,0
2026-01-28 11:45:24,0
2026-01-28 11:45:25,0
2026-01-28 11:45:26,0
2026-01-28 11:45:27,0
2026-01-28 11:45:28,0
2026-01-28 11:45:29,0
2026-01-28 11:45:30,0
2026-01-28 11:45:31,0
2026-01-28 11:45:32,0
2026-01-28 11:45:33,0
2026-01-28 11:45:34,0
2026-01-28 11:45:35,0
2026-01-28 11:45:36,0
2026-01-28 11:45:37,0
2026-01-28 11:45:38,0
2026-01-28 11:45:39,0
2026-01-28 11:45:40,0
2026-01-28 11:45:41,0
2026-01-28 11:45:42,0
2026-01-28 11:45:43,0
2026-01-28 11:45:44,0
2026-01-28 11:45:45,0
2026-01-28 11:45:46,0
2026-01-28 11:45:47,0
2026-01-28 11:45:48,0
2026-01-28 11:45:49,0
2026-01-28 11:45:50,0
2026-01-28 11:45:51,0
2026-01-28 11:45:52,0
2026-01-28 11:45:53,0
2026-01-28 11:45:54,0
2026-01-28 11:45:55,0
2026-01-28 11:45:56,0
2026-01-28 11:45:57,0
2026-01-28 11:45:58,0
2026-01-28 11:45:59,0
2026-01-28 11:46:00,0
2026-01-28 11:46:01,0
2026-01-28 11:46:02,0
2026-01-28 11:46:03,0
2026-01-28 11:46:04,0
2026-01-28 11:46:05,0
2026-01-28 11:46:06,0
2026-01-28 11:46:07,0
2026-01-28 11:46:08,0
2026-01-28 11:46:09,0
2026-01-28 11:46:10,0
2026-01-28 11:46:11,0
2026-01-28 11:46:12,0
2026-01-28 11:46:13,0
2026-01-28 11:51:29,8.69
2026-01-28 11:51:30,8.69
2026-01-28 11:51:31,8.69
2026-01-28 11:51:32,8.69
2026-01-28 11:51:33,8.69
2026-01-28 11:51:34,8.92
2026-01-28 11:51:35,8.92
2026-01-28 11:51:36,8.92
2026-01-28 11:51:37,8.92
2026-01-28 11:51:38,8.92
2026-01-28 11:51:39,8.45
2026-01-28 11:51:40,8.45
2026-01-28 11:51:41,8.45
2026-01-28 11:51:42,8.45
2026-01-28 11:51:43,8.45
2026-01-28 11:51:44,8.54
2026-01-28 11:51:45,8.54
2026-01-28 11:51:46,8.54
2026-01-28 11:51:47,8.54
2026-01-28 11:51:48,8.54
2026-01-28 11:51:49,8.48
2026-01-28 11:51:50,8.48
2026-01-28 11:51:51,8.48
2026-01-28 11:51:52,8.48
2026-01-28 11:51:53,8.48
2026-01-28 11:51:54,8.68
2026-01-28 11:51:55,8.68
2026-01-28 11:51:56,8.68
2026-01-28 11:51:57,8.68
2026-01-28 11:51:58,8.68
2026-01-28 11:51:59,8.46
2026-01-28 11:52:00,8.46
2026-01-28 11:52:01,8.46
2026-01-28 11:52:02,8.46
2026-01-28 11:52:03,8.46
2026-01-28 11:52:04,8.54
2026-01-28 11:52:05,8.54
2026-01-28 11:52:06,8.54
2026-01-28 11:52:07,8.54
2026-01-28 11:52:08,8.54
2026-01-28 11:52:09,8.65
2026-01-28 11:52:10,8.65
2026-01-28 11:52:11,8.65
2026-01-28 11:52:12,8.65
2026-01-28 11:52:13,8.65
2026-01-28 11:52:14,8.39
2026-01-28 11:52:15,8.39
2026-01-28 11:52:16,8.39
2026-01-28 11:52:17,8.39
2026-01-28 11:52:18,8.39
2026-01-28 11:52:19,8.49
2026-01-28 11:52:20,8.49
2026-01-28 11:52:21,8.49
2026-01-28 11:52:22,8.49
2026-01-28 11:52:23,8.49
2026-01-28 11:52:24,10.2
2026-01-28 11:52:25,10.2
2026-01-28 11:52:26,10.2
2026-01-28 11:52:27,10.2
2026-01-28 11:52:28,10.2
2026-01-28 11:52:29,8.72
2026-01-28 11:52:30,8.72
2026-01-28 11:52:31,8.72
2026-01-28 11:52:32,8.72
2026-01-28 11:52:33,8.72
2026-01-28 11:52:34,8.66
2026-01-28 11:52:35,8.66
2026-01-28 11:52:36,8.66
2026-01-28 11:52:37,8.66
2026-01-28 11:52:38,8.66
2026-01-28 11:52:39,8.49
2026-01-28 11:52:40,8.49
2026-01-28 11:52:41,8.49
2026-01-28 11:52:42,8.49
2026-01-28 11:52:43,8.49
2026-01-28 11:52:44,8.49
2026-01-28 11:52:45,8.49
2026-01-28 11:52:46,8.49
2026-01-28 11:52:47,8.49
2026-01-28 11:52:48,8.49
2026-01-28 11:52:49,8.51
2026-01-28 11:52:50,8.51
2026-01-28 11:52:51,8.51
2026-01-28 11:52:52,8.51
2026-01-28 11:52:53,8.51
2026-01-28 11:52:54,0
2026-01-28 11:52:55,0
2026-01-28 11:52:56,0
2026-01-28 11:52:57,0
2026-01-28 11:52:58,0
2026-01-28 11:52:59,0
2026-01-28 11:53:00,0
2026-01-28 11:53:01,0
2026-01-28 11:53:02,0
2026-01-28 11:53:03,0
2026-01-28 11:53:04,0
2026-01-28 11:53:05,0
2026-01-28 11:53:06,0
2026-01-28 11:53:07,0
2026-01-28 11:53:08,0
2026-01-28 11:53:09,0
2026-01-28 11:53:10,0
2026-01-28 11:53:11,0
2026-01-28 11:53:12,0
2026-01-28 11:53:13,0
2026-01-28 11:53:14,0
2026-01-28 11:53:15,0
2026-01-28 11:53:16,0
2026-01-28 11:53:17,0
2026-01-28 11:53:18,0
2026-01-28 11:53:19,0
2026-01-28 11:53:20,0
2026-01-28 11:53:21,0
2026-01-28 11:53:22,0
2026-01-28 11:53:23,0
2026-01-28 11:53:24,0
2026-01-28 11:53:25,0
2026-01-28 11:53:26,0
2026-01-28 11:53:27,0
2026-01-28 11:53:28,0
2026-01-28 11:53:29,0
2026-01-28 11:53:30,0
2026-01-28 11:53:31,0
2026-01-28 11:53:32,0
2026-01-28 11:53:33,0
2026-01-28 11:53:34,0
2026-01-28 11:53:35,0
2026-01-28 11:53:36,0
2026-01-28 11:53:37,0
2026-01-28 11:53:38,0
2026-01-28 11:53:39,0
2026-01-28 11:53:40,0
2026-01-28 11:53:41,0
2026-01-28 11:53:42,0
2026-01-28 11:53:43,0
2026-01-28 11:53:44,0
2026-01-28 11:53:45,0
2026-01-28 11:53:46,0
2026-01-28 11:53:47,0
2026-01-28 11:53:48,0
2026-01-28 11:53:49,0
2026-01-28 11:53:50,0
2026-01-28 11:53:51,0
2026-01-28 11:53:52,0
2026-01-28 11:53:53,0
2026-01-28 11:53:54,0
2026-01-28 11:53:55,0
2026-01-28 11:53:56,0
2026-01-28 11:53:57,0
2026-01-28 11:53:58,0
2026-01-28 11:53:59,0
2026-01-28 11:54:00,0
2026-01-28 11:54:01,0
2026-01-28 11:54:02,0
2026-01-28 11:54:03,0
2026-01-28 11:54:04,0
2026-01-28 11:54:05,0
2026-01-28 11:54:06,0
2026-01-28 11:54:07,0
2026-01-28 11:54:08,0
2026-01-28 11:54:09,0
2026-01-28 11:54:10,0
2026-01-28 11:54:11,0
2026-01-28 11:54:12,0
2026-01-28 11:54:13,0
2026-01-28 11:54:14,0
2026-01-28 11:54:15,0
2026-01-28 11:54:16,0
2026-01-28 11:54:17,0
2026-01-28 11:54:18,0
2026-01-28 11:54:19,0
2026-01-28 11:54:20,0
2026-01-28 11:54:21,0
2026-01-28 11:54:22,0
2026-01-28 11:54:23,0
2026-01-28 11:54:24,0
2026-01-28 11:54:25,0
2026-01-28 11:54:26,0
2026-01-28 11:54:27,0
2026-01-28 11:54:28,0
2026-01-28 11:59:29,8.11
2026-01-28 11:59:30,8.11
2026-01-28 11:59:31,8.11
2026-01-28 11:59:32,8.11
2026-01-28 11:59:33,8.11
2026-01-28 11:59:34,8.57
2026-01-28 11:59:35,8.57
2026-01-28 11:59:36,8.57
2026-01-28 11:59:37,8.57
2026-01-28 11:59:38,8.57
2026-01-28 11:59:39,8.94
2026-01-28 11:59:40,8.94
2026-01-28 11:59:41,8.94
2026-01-28 11:59:42,8.94
2026-01-28 11:59:43,8.94
2026-01-28 11:59:44,9.93
2026-01-28 11:59:45,9.93
2026-01-28 11:59:46,9.93
2026-01-28 11:59:47,9.93
2026-01-28 11:59:48,9.93
2026-01-28 11:59:49,7.37
2026-01-28 11:59:50,7.37
2026-01-28 11:59:51,7.37
2026-01-28 11:59:52,7.37
2026-01-28 11:59:53,7.37
2026-01-28 11:59:54,7.33
2026-01-28 11:59:55,7.33
2026-01-28 11:59:56,7.33
2026-01-28 11:59:57,7.33
2026-01-28 11:59:58,7.33
2026-01-28 11:59:59,7.35
2026-01-28 12:00:00,7.35
2026-01-28 12:00:01,7.35
2026-01-28 12:00:02,7.35
2026-01-28 12:00:03,7.35
2026-01-28 12:00:04,7.38
2026-01-28 12:00:05,7.38
2026-01-28 12:00:06,7.38
2026-01-28 12:00:07,7.38
2026-01-28 12:00:08,7.38
2026-01-28 12:00:09,9.38
2026-01-28 12:00:10,9.38
2026-01-28 12:00:11,9.38
2026-01-28 12:00:12,9.38
2026-01-28 12:00:13,9.38
2026-01-28 12:00:14,7.69
2026-01-28 12:00:15,7.69
2026-01-28 12:00:16,7.69
2026-01-28 12:00:17,7.69
2026-01-28 12:00:18,7.69
2026-01-28 12:00:19,7.46
2026-01-28 12:00:20,7.46
2026-01-28 12:00:21,7.46
2026-01-28 12:00:22,7.46
2026-01-28 12:00:23,7.46
2026-01-28 12:00:24,7.58
2026-01-28 12:00:25,7.58
2026-01-28 12:00:26,7.58
2026-01-28 12:00:27,7.58
2026-01-28 12:00:28,7.58
2026-01-28 12:00:29,7.51
2026-01-28 12:00:30,7.51
2026-01-28 12:00:31,7.51
2026-01-28 12:00:32,7.51
2026-01-28 12:00:33,7.51
2026-01-28 12:00:34,7.41
2026-01-28 12:00:35,7.41
2026-01-28 12:00:36,7.41
2026-01-28 12:00:37,7.41
2026-01-28 12:00:38,7.41
2026-01-28 12:00:39,7.35
2026-01-28 12:00:40,7.35
2026-01-28 12:00:41,7.35
2026-01-28 12:00:42,7.35
2026-01-28 12:00:43,7.35
2026-01-28 12:00:44,7.37
2026-01-28 12:00:45,7.37
2026-01-28 12:00:46,7.37
2026-01-28 12:00:47,7.37
2026-01-28 12:00:48,7.37
2026-01-28 12:00:49,0
2026-01-28 12:00:50,0
2026-01-28 12:00:51,0
2026-01-28 12:00:52,0
2026-01-28 12:00:53,0
2026-01-28 12:00:54,0
2026-01-28 12:00:55,0
2026-01-28 12:00:56,0
2026-01-28 12:00:57,0
2026-01-28 12:00:58,0
2026-01-28 12:00:59,0
2026-01-28 12:01:00,0
2026-01-28 12:01:01,0
2026-01-28 12:01:02,0
2026-01-28 12:01:03,0
2026-01-28 12:01:04,0
2026-01-28 12:01:05,0
2026-01-28 12:01:06,0
2026-01-28 12:01:07,0
2026-01-28 12:01:08,0
2026-01-28 12:01:09,0
2026-01-28 12:01:10,0
2026-01-28 12:01:11,0
2026-01-28 12:01:12,0
2026-01-28 12:01:13,0
2026-01-28 12:01:14,0
2026-01-28 12:01:15,0
2026-01-28 12:01:16,0
2026-01-28 12:01:17,0
2026-01-28 12:01:18,0
2026-01-28 12:01:19,0
2026-01-28 12:01:20,0
2026-01-28 12:01:21,0
2026-01-28 12:01:22,0
2026-01-28 12:01:23,0
2026-01-28 12:01:24,0
2026-01-28 12:01:25,0
2026-01-28 12:01:26,0
2026-01-28 12:01:27,0
2026-01-28 12:01:28,0
2026-01-28 12:01:29,0
2026-01-28 12:01:30,0
2026-01-28 12:01:31,0
2026-01-28 12:01:32,0
2026-01-28 12:01:33,0
2026-01-28 12:01:34,0
2026-01-28 12:01:35,0
2026-01-28 12:01:36,0
2026-01-28 12:01:37,0
2026-01-28 12:01:38,0
2026-01-28 12:01:39,0
2026-01-28 12:01:40,0
2026-01-28 12:01:41,0
2026-01-28 12:01:42,0
2026-01-28 12:01:43,0
2026-01-28 12:01:44,0
2026-01-28 12:01:45,0
2026-01-28 12:01:46,0
2026-01-28 12:01:47,0
2026-01-28 12:01:48,0
2026-01-28 12:01:49,0
2026-01-28 12:01:50,0
2026-01-28 12:01:51,0
2026-01-28 12:01:52,0
2026-01-28 12:01:53,0
2026-01-28 12:01:54,0
2026-01-28 12:01:55,0
2026-01-28 12:01:56,0
2026-01-28 12:01:57,0
2026-01-28 12:01:58,0
2026-01-28 12:01:59,0
2026-01-28 12:02:00,0
2026-01-28 12:02:01,0
2026-01-28 12:02:02,0
2026-01-28 12:02:03,0
2026-01-28 12:02:04,0
2026-01-28 12:02:05,0
2026-01-28 12:02:06,0
2026-01-28 12:02:07,0
2026-01-28 12:02:08,0
2026-01-28 12:02:09,0
2026-01-28 12:02:10,0
2026-01-28 12:02:11,0
2026-01-28 12:02:12,0
2026-01-28 12:02:13,0
2026-01-28 12:02:14,0
2026-01-28 12:02:15,0
2026-01-28 12:02:16,0
2026-01-28 12:02:17,0
2026-01-28 12:02:18,0
2026-01-28 12:02:19,0
2026-01-28 12:02:20,0
2026-01-28 12:02:21,0
2026-01-28 12:02:22,0
2026-01-28 12:02:23,0
2026-01-28 12:07:24,8.62
2026-01-28 12:07:25,8.62
2026-01-28 12:07:26,8.62
2026-01-28 12:07:27,8.62
2026-01-28 12:07:28,8.62
2026-01-28 12:07:29,6.81
2026-01-28 12:07:30,6.81
2026-01-28 12:07:31,6.81
2026-01-28 12:07:32,6.81
2026-01-28 12:07:33,6.81
2026-01-28 12:07:34,5.37
2026-01-28 12:07:35,5.37
2026-01-28 12:07:36,5.37
2026-01-28 12:07:37,5.37
2026-01-28 12:07:38,5.37
2026-01-28 12:07:39,8.55
2026-01-28 12:07:40,8.55
2026-01-28 12:07:41,8.55
2026-01-28 12:07:42,8.55
2026-01-28 12:07:43,8.55
2026-01-28 12:07:44,6.81
2026-01-28 12:07:45,6.81
2026-01-28 12:07:46,6.81
2026-01-28 12:07:47,6.81
2026-01-28 12:07:48,6.81
2026-01-28 12:07:49,6.13
2026-01-28 12:07:50,6.13
2026-01-28 12:07:51,6.13
2026-01-28 12:07:52,6.13
2026-01-28 12:07:53,6.13
2026-01-28 12:07:54,6.10
2026-01-28 12:07:55,6.10
2026-01-28 12:07:56,6.10
2026-01-28 12:07:57,6.10
2026-01-28 12:07:58,6.10
2026-01-28 12:07:59,6.15
2026-01-28 12:08:00,6.15
2026-01-28 12:08:01,6.15
2026-01-28 12:08:02,6.15
2026-01-28 12:08:03,6.15
2026-01-28 12:08:04,6.17
2026-01-28 12:08:05,6.17
2026-01-28 12:08:06,6.17
2026-01-28 12:08:07,6.17
2026-01-28 12:08:08,6.17
2026-01-28 12:08:09,6.11
2026-01-28 12:08:10,6.11
2026-01-28 12:08:11,6.11
2026-01-28 12:08:12,6.11
2026-01-28 12:08:13,6.11
2026-01-28 12:08:14,6.17
2026-01-28 12:08:15,6.17
2026-01-28 12:08:16,6.17
2026-01-28 12:08:17,6.17
2026-01-28 12:08:18,6.17
2026-01-28 12:08:19,6.08
2026-01-28 12:08:20,6.08
2026-01-28 12:08:21,6.08
2026-01-28 12:08:22,6.08
2026-01-28 12:08:23,6.08
2026-01-28 12:08:24,6.23
2026-01-28 12:08:25,6.23
2026-01-28 12:08:26,6.23
2026-01-28 12:08:27,6.23
2026-01-28 12:08:28,6.23
2026-01-28 12:08:29,7.41
2026-01-28 12:08:30,7.41
2026-01-28 12:08:31,7.41
2026-01-28 12:08:32,7.41
2026-01-28 12:08:33,7.41
2026-01-28 12:08:34,6.13
2026-01-28 12:08:35,6.13
2026-01-28 12:08:36,6.13
2026-01-28 12:08:37,6.13
2026-01-28 12:08:38,6.13
2026-01-28 12:08:39,6.15
2026-01-28 12:08:40,6.15
2026-01-28 12:08:41,6.15
2026-01-28 12:08:42,6.15
2026-01-28 12:08:43,6.15
2026-01-28 12:08:44,0
2026-01-28 12:08:45,0
2026-01-28 12:08:46,0
2026-01-28 12:08:47,0
2026-01-28 12:08:48,0
2026-01-28 12:08:49,0
2026-01-28 12:08:50,0
2026-01-28 12:08:51,0
2026-01-28 12:08:52,0
2026-01-28 12:08:53,0
2026-01-28 12:08:54,0
2026-01-28 12:08:55,0
2026-01-28 12:08:56,0
2026-01-28 12:08:57,0
2026-01-28 12:08:58,0
2026-01-28 12:08:59,0
2026-01-28 12:09:00,0
2026-01-28 12:09:01,0
2026-01-28 12:09:02,0
2026-01-28 12:09:03,0
2026-01-28 12:09:04,0
2026-01-28 12:09:05,0
2026-01-28 12:09:06,0
2026-01-28 12:09:07,0
2026-01-28 12:09:08,0
2026-01-28 12:09:09,0
2026-01-28 12:09:10,0
2026-01-28 12:09:11,0
2026-01-28 12:09:12,0
2026-01-28 12:09:13,0
2026-01-28 12:09:14,0
2026-01-28 12:09:15,0
2026-01-28 12:09:16,0
2026-01-28 12:09:17,0
2026-01-28 12:09:18,0
2026-01-28 12:09:19,0
2026-01-28 12:09:20,0
2026-01-28 12:09:21,0
2026-01-28 12:09:22,0
2026-01-28 12:09:23,0
2026-01-28 12:09:24,0
2026-01-28 12:09:25,0
2026-01-28 12:09:26,0
2026-01-28 12:09:27,0
2026-01-28 12:09:28,0
2026-01-28 12:09:29,0
2026-01-28 12:09:30,0
2026-01-28 12:09:31,0
2026-01-28 12:09:32,0
2026-01-28 12:09:33,0
2026-01-28 12:09:34,0
2026-01-28 12:09:35,0
2026-01-28 12:09:36,0
2026-01-28 12:09:37,0
2026-01-28 12:09:38,0
2026-01-28 12:09:39,0
2026-01-28 12:09:40,0
2026-01-28 12:09:41,0
2026-01-28 12:09:42,0
2026-01-28 12:09:43,0
2026-01-28 12:09:44,0
2026-01-28 12:09:45,0
2026-01-28 12:09:46,0
2026-01-28 12:09:47,0
2026-01-28 12:09:48,0
2026-01-28 12:09:49,0
2026-01-28 12:09:50,0
2026-01-28 12:09:51,0
2026-01-28 12:09:52,0
2026-01-28 12:09:53,0
2026-01-28 12:09:54,0
2026-01-28 12:09:55,0
2026-01-28 12:09:56,0
2026-01-28 12:09:57,0
2026-01-28 12:09:58,0
2026-01-28 12:09:59,0
2026-01-28 12:10:00,0
2026-01-28 12:10:01,0
2026-01-28 12:10:02,0
2026-01-28 12:10:03,0
2026-01-28 12:10:04,0
2026-01-28 12:10:05,0
2026-01-28 12:10:06,0
2026-01-28 12:10:07,0
2026-01-28 12:10:08,0
2026-01-28 12:10:09,0
2026-01-28 12:10:10,0
2026-01-28 12:10:11,0
2026-01-28 12:10:12,0
2026-01-28 12:10:13,0
2026-01-28 12:10:14,0
2026-01-28 12:10:15,0
2026-01-28 12:10:16,0
2026-01-28 12:10:17,0
2026-01-28 12:10:18,0
2026-01-28 12:15:19,4.57
2026-01-28 12:15:20,4.57
2026-01-28 12:15:21,4.57
2026-01-28 12:15:22,4.57
2026-01-28 12:15:23,4.57
2026-01-28 12:15:24,8.37
2026-01-28 12:15:25,8.37
2026-01-28 12:15:26,8.37
2026-01-28 12:15:27,8.37
2026-01-28 12:15:28,8.37
2026-01-28 12:15:29,9.05
2026-01-28 12:15:30,9.05
2026-01-28 12:15:31,9.05
2026-01-28 12:15:32,9.05
2026-01-28 12:15:33,9.05
2026-01-28 12:15:34,8.30
2026-01-28 12:15:35,8.30
2026-01-28 12:15:36,8.30
2026-01-28 12:15:37,8.30
2026-01-28 12:15:38,8.30
2026-01-28 12:15:39,8.32
2026-01-28 12:15:40,8.32
2026-01-28 12:15:41,8.32
2026-01-28 12:15:42,8.32
2026-01-28 12:15:43,8.32
2026-01-28 12:15:44,8.44
2026-01-28 12:15:45,8.44
2026-01-28 12:15:46,8.44
2026-01-28 12:15:47,8.44
2026-01-28 12:15:48,8.44
2026-01-28 12:15:49,8.34
2026-01-28 12:15:50,8.34
2026-01-28 12:15:51,8.34
2026-01-28 12:15:52,8.34
2026-01-28 12:15:53,8.34
2026-01-28 12:15:54,8.47
2026-01-28 12:15:55,8.47
2026-01-28 12:15:56,8.47
2026-01-28 12:15:57,8.47
2026-01-28 12:15:58,8.47
2026-01-28 12:15:59,8.30
2026-01-28 12:16:00,8.30
2026-01-28 12:16:01,8.30
2026-01-28 12:16:02,8.30
2026-01-28 12:16:03,8.30
2026-01-28 12:16:04,8.42
2026-01-28 12:16:05,8.42
2026-01-28 12:16:06,8.42
2026-01-28 12:16:07,8.42
2026-01-28 12:16:08,8.42
2026-01-28 12:16:09,8.25
2026-01-28 12:16:10,8.25
2026-01-28 12:16:11,8.25
2026-01-28 12:16:12,8.25
2026-01-28 12:16:13,8.25
2026-01-28 12:16:14,8.33
2026-01-28 12:16:15,8.33
2026-01-28 12:16:16,8.33
2026-01-28 12:16:17,8.33
2026-01-28 12:16:18,8.33
2026-01-28 12:16:19,8.28
2026-01-28 12:16:20,8.28
2026-01-28 12:16:21,8.28
2026-01-28 12:16:22,8.28
2026-01-28 12:16:23,8.28
2026-01-28 12:16:24,8.43
2026-01-28 12:16:25,8.43
2026-01-28 12:16:26,8.43
2026-01-28 12:16:27,8.43
2026-01-28 12:16:28,8.43
2026-01-28 12:16:29,8.94
2026-01-28 12:16:30,8.94
2026-01-28 12:16:31,8.94
2026-01-28 12:16:32,8.94
2026-01-28 12:16:33,8.94
2026-01-28 12:16:34,7.21
2026-01-28 12:16:35,7.21
2026-01-28 12:16:36,7.21
2026-01-28 12:16:37,7.21
2026-01-28 12:16:38,7.21
2026-01-28 12:16:39,7.17
2026-01-28 12:16:40,7.17
2026-01-28 12:16:41,7.17
2026-01-28 12:16:42,7.17
2026-01-28 12:16:43,7.17
2026-01-28 12:16:44,0
2026-01-28 12:16:45,0
2026-01-28 12:16:46,0
2026-01-28 12:16:47,0
2026-01-28 12:16:48,0
2026-01-28 12:16:49,0
2026-01-28 12:16:50,0
2026-01-28 12:16:51,0
2026-01-28 12:16:52,0
2026-01-28 12:16:53,0
2026-01-28 12:16:54,0
2026-01-28 12:16:55,0
2026-01-28 12:16:56,0
2026-01-28 12:16:57,0
2026-01-28 12:16:58,0
2026-01-28 12:16:59,0
2026-01-28 12:17:00,0
2026-01-28 12:17:01,0
2026-01-28 12:17:02,0
2026-01-28 12:17:03,0
2026-01-28 12:17:04,0
2026-01-28 12:17:05,0
2026-01-28 12:17:06,0
2026-01-28 12:17:07,0
2026-01-28 12:17:08,0
2026-01-28 12:17:09,0
2026-01-28 12:17:10,0
2026-01-28 12:17:11,0
2026-01-28 12:17:12,0
2026-01-28 12:17:13,0
2026-01-28 12:17:14,0
2026-01-28 12:17:15,0
2026-01-28 12:17:16,0
2026-01-28 12:17:17,0
2026-01-28 12:17:18,0
2026-01-28 12:17:19,0
2026-01-28 12:17:20,0
2026-01-28 12:17:21,0
2026-01-28 12:17:22,0
2026-01-28 12:17:23,0
2026-01-28 12:17:24,0
2026-01-28 12:17:25,0
2026-01-28 12:17:26,0
2026-01-28 12:17:27,0
2026-01-28 12:17:28,0
2026-01-28 12:17:29,0
2026-01-28 12:17:30,0
2026-01-28 12:17:31,0
2026-01-28 12:17:32,0
2026-01-28 12:17:33,0
2026-01-28 12:17:34,0
2026-01-28 12:17:35,0
2026-01-28 12:17:36,0
2026-01-28 12:17:37,0
2026-01-28 12:17:38,0
2026-01-28 12:17:39,0
2026-01-28 12:17:40,0
2026-01-28 12:17:41,0
2026-01-28 12:17:42,0
2026-01-28 12:17:43,0
2026-01-28 12:17:44,0
2026-01-28 12:17:45,0
2026-01-28 12:17:46,0
2026-01-28 12:17:47,0
2026-01-28 12:17:48,0
2026-01-28 12:17:49,0
2026-01-28 12:17:50,0
2026-01-28 12:17:51,0
2026-01-28 12:17:52,0
2026-01-28 12:17:53,0
2026-01-28 12:17:54,0
2026-01-28 12:17:55,0
2026-01-28 12:17:56,0
2026-01-28 12:17:57,0
2026-01-28 12:17:58,0
2026-01-28 12:17:59,0
2026-01-28 12:18:00,0
2026-01-28 12:18:01,0
2026-01-28 12:18:02,0
2026-01-28 12:18:03,0
2026-01-28 12:18:04,0
2026-01-28 12:18:05,0
2026-01-28 12:18:06,0
2026-01-28 12:18:07,0
2026-01-28 12:18:08,0
2026-01-28 12:18:09,0
2026-01-28 12:18:10,0
2026-01-28 12:18:11,0
2026-01-28 12:18:12,0
2026-01-28 12:18:13,0
2026-01-28 12:18:14,0
2026-01-28 12:18:15,0
2026-01-28 12:18:16,0
2026-01-28 12:18:17,0
2026-01-28 12:18:18,0
2026-01-28 12:23:24,5.66
2026-01-28 12:23:25,5.66
2026-01-28 12:23:26,5.66
2026-01-28 12:23:27,5.66
2026-01-28 12:23:28,5.66
2026-01-28 12:23:29,7.01
2026-01-28 12:23:30,7.01
2026-01-28 12:23:31,7.01
2026-01-28 12:23:32,7.01
2026-01-28 12:23:33,7.01
2026-01-28 12:23:34,6.08
2026-01-28 12:23:35,6.08
2026-01-28 12:23:36,6.08
2026-01-28 12:23:37,6.08
2026-01-28 12:23:38,6.08
2026-01-28 12:23:39,5.98
2026-01-28 12:23:40,5.98
2026-01-28 12:23:41,5.98
2026-01-28 12:23:42,5.98
2026-01-28 12:23:43,5.98
2026-01-28 12:23:44,6.22
2026-01-28 12:23:45,6.22
2026-01-28 12:23:46,6.22
2026-01-28 12:23:47,6.22
2026-01-28 12:23:48,6.22
2026-01-28 12:23:49,6.79
2026-01-28 12:23:50,6.79
2026-01-28 12:23:51,6.79
2026-01-28 12:23:52,6.79
2026-01-28 12:23:53,6.79
2026-01-28 12:23:54,7.54
2026-01-28 12:23:55,7.54
2026-01-28 12:23:56,7.54
2026-01-28 12:23:57,7.54
2026-01-28 12:23:58,7.54
2026-01-28 12:23:59,7.24
2026-01-28 12:24:00,7.24
2026-01-28 12:24:01,7.24
2026-01-28 12:24:02,7.24
2026-01-28 12:24:03,7.24
2026-01-28 12:24:04,7.34
2026-01-28 12:24:05,7.34
2026-01-28 12:24:06,7.34
2026-01-28 12:24:07,7.34
2026-01-28 12:24:08,7.34
2026-01-28 12:24:09,7.20
2026-01-28 12:24:10,7.20
2026-01-28 12:24:11,7.20
2026-01-28 12:24:12,7.20
2026-01-28 12:24:13,7.20
2026-01-28 12:24:14,7.32
2026-01-28 12:24:15,7.32
2026-01-28 12:24:16,7.32
2026-01-28 12:24:17,7.32
2026-01-28 12:24:18,7.32
2026-01-28 12:24:19,7.17
2026-01-28 12:24:20,7.17
2026-01-28 12:24:21,7.17
2026-01-28 12:24:22,7.17
2026-01-28 12:24:23,7.17
2026-01-28 12:24:24,7.39
2026-01-28 12:24:25,7.39
2026-01-28 12:24:26,7.39
2026-01-28 12:24:27,7.39
2026-01-28 12:24:28,7.39
2026-01-28 12:24:29,7.40
2026-01-28 12:24:30,7.40
2026-01-28 12:24:31,7.40
2026-01-28 12:24:32,7.40
2026-01-28 12:24:33,7.40
2026-01-28 12:24:34,7.51
2026-01-28 12:24:35,7.51
2026-01-28 12:24:36,7.51
2026-01-28 12:24:37,7.51
2026-01-28 12:24:38,7.51
2026-01-28 12:24:39,7.19
2026-01-28 12:24:40,7.19
2026-01-28 12:24:41,7.19
2026-01-28 12:24:42,7.19
2026-01-28 12:24:43,7.19
2026-01-28 12:24:44,0
2026-01-28 12:24:45,0
2026-01-28 12:24:46,0
2026-01-28 12:24:47,0
2026-01-28 12:24:48,0
2026-01-28 12:24:49,0
2026-01-28 12:24:50,0
2026-01-28 12:24:51,0
2026-01-28 12:24:52,0
2026-01-28 12:24:53,0
2026-01-28 12:24:54,0
2026-01-28 12:24:55,0
2026-01-28 12:24:56,0
2026-01-28 12:24:57,0
2026-01-28 12:24:58,0
2026-01-28 12:24:59,0
2026-01-28 12:25:00,0
2026-01-28 12:25:01,0
2026-01-28 12:25:02,0
2026-01-28 12:25:03,0
2026-01-28 12:25:04,0
2026-01-28 12:25:05,0
2026-01-28 12:25:06,0
2026-01-28 12:25:07,0
2026-01-28 12:25:08,0
2026-01-28 12:25:09,0
2026-01-28 12:25:10,0
2026-01-28 12:25:11,0
2026-01-28 12:25:12,0
2026-01-28 12:25:13,0
2026-01-28 12:25:14,0
2026-01-28 12:25:15,0
2026-01-28 12:25:16,0
2026-01-28 12:25:17,0
2026-01-28 12:25:18,0
2026-01-28 12:25:19,0
2026-01-28 12:25:20,0
2026-01-28 12:25:21,0
2026-01-28 12:25:22,0
2026-01-28 12:25:23,0
2026-01-28 12:25:24,0
2026-01-28 12:25:25,0
2026-01-28 12:25:26,0
2026-01-28 12:25:27,0
2026-01-28 12:25:28,0
2026-01-28 12:25:29,0
2026-01-28 12:25:30,0
2026-01-28 12:25:31,0
2026-01-28 12:25:32,0
2026-01-28 12:25:33,0
2026-01-28 12:25:34,0
2026-01-28 12:25:35,0
2026-01-28 12:25:36,0
2026-01-28 12:25:37,0
2026-01-28 12:25:38,0
2026-01-28 12:25:39,0
2026-01-28 12:25:40,0
2026-01-28 12:25:41,0
2026-01-28 12:25:42,0
2026-01-28 12:25:43,0
2026-01-28 12:25:44,0
2026-01-28 12:25:45,0
2026-01-28 12:25:46,0
2026-01-28 12:25:47,0
2026-01-28 12:25:48,0
2026-01-28 12:25:49,0
2026-01-28 12:25:50,0
2026-01-28 12:25:51,0
2026-01-28 12:25:52,0
2026-01-28 12:25:53,0
2026-01-28 12:25:54,0
2026-01-28 12:25:55,0
2026-01-28 12:25:56,0
2026-01-28 12:25:57,0
2026-01-28 12:25:58,0
2026-01-28 12:25:59,0
2026-01-28 12:26:00,0
2026-01-28 12:26:01,0
2026-01-28 12:26:02,0
2026-01-28 12:26:03,0
2026-01-28 12:26:04,0
2026-01-28 12:26:05,0
2026-01-28 12:26:06,0
2026-01-28 12:26:07,0
2026-01-28 12:26:08,0
2026-01-28 12:26:09,0
2026-01-28 12:26:10,0
2026-01-28 12:26:11,0
2026-01-28 12:26:12,0
2026-01-28 12:26:13,0
2026-01-28 12:26:14,0
2026-01-28 12:26:15,0
2026-01-28 12:26:16,0
2026-01-28 12:26:17,0
2026-01-28 12:26:18,0
2026-01-28 12:31:19,7.76
2026-01-28 12:31:20,7.76
2026-01-28 12:31:21,7.76
2026-01-28 12:31:22,7.76
2026-01-28 12:31:23,7.76
2026-01-28 12:31:24,7.87
2026-01-28 12:31:25,7.87
2026-01-28 12:31:26,7.87
2026-01-28 12:31:27,7.87
2026-01-28 12:31:28,7.87
2026-01-28 12:31:29,7.45
2026-01-28 12:31:30,7.45
2026-01-28 12:31:31,7.45
2026-01-28 12:31:32,7.45
2026-01-28 12:31:33,7.45
2026-01-28 12:31:34,7.77
2026-01-28 12:31:35,7.77
2026-01-28 12:31:36,7.77
2026-01-28 12:31:37,7.77
2026-01-28 12:31:38,7.77
2026-01-28 12:31:39,7.29
2026-01-28 12:31:40,7.29
2026-01-28 12:31:41,7.29
2026-01-28 12:31:42,7.29
2026-01-28 12:31:43,7.29
2026-01-28 12:31:44,7.16
2026-01-28 12:31:45,7.16
2026-01-28 12:31:46,7.16
2026-01-28 12:31:47,7.16
2026-01-28 12:31:48,7.16
2026-01-28 12:31:49,6.09
2026-01-28 12:31:50,6.09
2026-01-28 12:31:51,6.09
2026-01-28 12:31:52,6.09
2026-01-28 12:31:53,6.09
2026-01-28 12:31:54,6.22
2026-01-28 12:31:55,6.22
2026-01-28 12:31:56,6.22
2026-01-28 12:31:57,6.22
2026-01-28 12:31:58,6.22
2026-01-28 12:31:59,6.11
2026-01-28 12:32:00,6.11
2026-01-28 12:32:01,6.11
2026-01-28 12:32:02,6.11
2026-01-28 12:32:03,6.11
2026-01-28 12:32:04,6.25
2026-01-28 12:32:05,6.25
2026-01-28 12:32:06,6.25
2026-01-28 12:32:07,6.25
2026-01-28 12:32:08,6.25
2026-01-28 12:32:09,5.73
2026-01-28 12:32:10,5.73
2026-01-28 12:32:11,5.73
2026-01-28 12:32:12,5.73
2026-01-28 12:32:13,5.73
2026-01-28 12:32:14,7.32
2026-01-28 12:32:15,7.32
2026-01-28 12:32:16,7.32
2026-01-28 12:32:17,7.32
2026-01-28 12:32:18,7.32
2026-01-28 12:32:19,7.61
2026-01-28 12:32:20,7.61
2026-01-28 12:32:21,7.61
2026-01-28 12:32:22,7.61
2026-01-28 12:32:23,7.61
2026-01-28 12:32:24,7.29
2026-01-28 12:32:25,7.29
2026-01-28 12:32:26,7.29
2026-01-28 12:32:27,7.29
2026-01-28 12:32:28,7.29
2026-01-28 12:32:29,7.26
2026-01-28 12:32:30,7.26
2026-01-28 12:32:31,7.26
2026-01-28 12:32:32,7.26
2026-01-28 12:32:33,7.26
2026-01-28 12:32:34,7.99
2026-01-28 12:32:35,7.99
2026-01-28 12:32:36,7.99
2026-01-28 12:32:37,7.99
2026-01-28 12:32:38,7.99
2026-01-28 12:32:39,0
2026-01-28 12:32:40,0
2026-01-28 12:32:41,0
2026-01-28 12:32:42,0
2026-01-28 12:32:43,0
2026-01-28 12:32:44,0
2026-01-28 12:32:45,0
2026-01-28 12:32:46,0
2026-01-28 12:32:47,0
2026-01-28 12:32:48,0
2026-01-28 12:32:49,0
2026-01-28 12:32:50,0
2026-01-28 12:32:51,0
2026-01-28 12:32:52,0
2026-01-28 12:32:53,0
2026-01-28 12:32:54,0
2026-01-28 12:32:55,0
2026-01-28 12:32:56,0
2026-01-28 12:32:57,0
2026-01-28 12:32:58,0
2026-01-28 12:32:59,0
2026-01-28 12:33:00,0
2026-01-28 12:33:01,0
2026-01-28 12:33:02,0
2026-01-28 12:33:03,0
2026-01-28 12:33:04,0
2026-01-28 12:33:05,0
2026-01-28 12:33:06,0
2026-01-28 12:33:07,0
2026-01-28 12:33:08,0
2026-01-28 12:33:09,0
2026-01-28 12:33:10,0
2026-01-28 12:33:11,0
2026-01-28 12:33:12,0
2026-01-28 12:33:13,0
2026-01-28 12:33:14,0
2026-01-28 12:33:15,0
2026-01-28 12:33:16,0
2026-01-28 12:33:17,0
2026-01-28 12:33:18,0
2026-01-28 12:33:19,0
2026-01-28 12:33:20,0
2026-01-28 12:33:21,0
2026-01-28 12:33:22,0
2026-01-28 12:33:23,0
2026-01-28 12:33:24,0
2026-01-28 12:33:25,0
2026-01-28 12:33:26,0
2026-01-28 12:33:27,0
2026-01-28 12:33:28,0
2026-01-28 12:33:29,0
2026-01-28 12:33:30,0
2026-01-28 12:33:31,0
2026-01-28 12:33:32,0
2026-01-28 12:33:33,0
2026-01-28 12:33:34,0
2026-01-28 12:33:35,0
2026-01-28 12:33:36,0
2026-01-28 12:33:37,0
2026-01-28 12:33:38,0
2026-01-28 12:33:39,0
2026-01-28 12:33:40,0
2026-01-28 12:33:41,0
2026-01-28 12:33:42,0
2026-01-28 12:33:43,0
2026-01-28 12:33:44,0
2026-01-28 12:33:45,0
2026-01-28 12:33:46,0
2026-01-28 12:33:47,0
2026-01-28 12:33:48,0
2026-01-28 12:33:49,0
2026-01-28 12:33:50,0
2026-01-28 12:33:51,0
2026-01-28 12:33:52,0
2026-01-28 12:33:53,0
2026-01-28 12:33:54,0
2026-01-28 12:33:55,0
2026-01-28 12:33:56,0
2026-01-28 12:33:57,0
2026-01-28 12:33:58,0
2026-01-28 12:33:59,0
2026-01-28 12:34:00,0
2026-01-28 12:34:01,0
2026-01-28 12:34:02,0
2026-01-28 12:34:03,0
2026-01-28 12:34:04,0
2026-01-28 12:34:05,0
2026-01-28 12:34:06,0
2026-01-28 12:34:07,0
2026-01-28 12:34:08,0
2026-01-28 12:34:09,0
2026-01-28 12:34:10,0
2026-01-28 12:34:11,0
2026-01-28 12:34:12,0
2026-01-28 12:34:13,0
2026-01-28 12:39:19,7.58
2026-01-28 12:39:20,7.58
2026-01-28 12:39:21,7.58
2026-01-28 12:39:22,7.58
2026-01-28 12:39:23,7.58
2026-01-28 12:39:24,8.50
2026-01-28 12:39:25,8.50
2026-01-28 12:39:26,8.50
2026-01-28 12:39:27,8.50
2026-01-28 12:39:28,8.50
2026-01-28 12:39:29,9.07
2026-01-28 12:39:30,9.07
2026-01-28 12:39:31,9.07
2026-01-28 12:39:32,9.07
2026-01-28 12:39:33,9.07
2026-01-28 12:39:34,8.92
2026-01-28 12:39:35,8.92
2026-01-28 12:39:36,8.92
2026-01-28 12:39:37,8.92
2026-01-28 12:39:38,8.92
2026-01-28 12:39:39,8.12
2026-01-28 12:39:40,8.12
2026-01-28 12:39:41,8.12
2026-01-28 12:39:42,8.12
2026-01-28 12:39:43,8.12
2026-01-28 12:39:44,7.27
2026-01-28 12:39:45,7.27
2026-01-28 12:39:46,7.27
2026-01-28 12:39:47,7.27
2026-01-28 12:39:48,7.27
2026-01-28 12:39:49,7.34
2026-01-28 12:39:50,7.34
2026-01-28 12:39:51,7.34
2026-01-28 12:39:52,7.34
2026-01-28 12:39:53,7.34
2026-01-28 12:39:54,7.33
2026-01-28 12:39:55,7.33
2026-01-28 12:39:56,7.33
2026-01-28 12:39:57,7.33
2026-01-28 12:39:58,7.33
2026-01-28 12:39:59,7.28
2026-01-28 12:40:00,7.28
2026-01-28 12:40:01,7.28
2026-01-28 12:40:02,7.28
2026-01-28 12:40:03,7.28
2026-01-28 12:40:04,7.56
2026-01-28 12:40:05,7.56
2026-01-28 12:40:06,7.56
2026-01-28 12:40:07,7.56
2026-01-28 12:40:08,7.56
2026-01-28 12:40:09,7.40
2026-01-28 12:40:10,7.40
2026-01-28 12:40:11,7.40
2026-01-28 12:40:12,7.40
2026-01-28 12:40:13,7.40
2026-01-28 12:40:14,7.47
2026-01-28 12:40:15,7.47
2026-01-28 12:40:16,7.47
2026-01-28 12:40:17,7.47
2026-01-28 12:40:18,7.47
2026-01-28 12:40:19,6.38
2026-01-28 12:40:20,6.38
2026-01-28 12:40:21,6.38
2026-01-28 12:40:22,6.38
2026-01-28 12:40:23,6.38
2026-01-28 12:40:24,6.21
2026-01-28 12:40:25,6.21
2026-01-28 12:40:26,6.21
2026-01-28 12:40:27,6.21
2026-01-28 12:40:28,6.21
2026-01-28 12:40:29,6.87
2026-01-28 12:40:30,6.87
2026-01-28 12:40:31,6.87
2026-01-28 12:40:32,6.87
2026-01-28 12:40:33,6.87
2026-01-28 12:40:34,6.39
2026-01-28 12:40:35,6.39
2026-01-28 12:40:36,6.39
2026-01-28 12:40:37,6.39
2026-01-28 12:40:38,6.39
2026-01-28 12:40:39,6.42
2026-01-28 12:40:40,6.42
2026-01-28 12:40:41,6.42
2026-01-28 12:40:42,6.42
2026-01-28 12:40:43,6.42
2026-01-28 12:40:44,0
2026-01-28 12:40:45,0
2026-01-28 12:40:46,0
2026-01-28 12:40:47,0
2026-01-28 12:40:48,0
2026-01-28 12:40:49,0
2026-01-28 12:40:50,0
2026-01-28 12:40:51,0
2026-01-28 12:40:52,0
2026-01-28 12:40:53,0
2026-01-28 12:40:54,0
2026-01-28 12:40:55,0
2026-01-28 12:40:56,0
2026-01-28 12:40:57,0
2026-01-28 12:40:58,0
2026-01-28 12:40:59,0
2026-01-28 12:41:00,0
2026-01-28 12:41:01,0
2026-01-28 12:41:02,0
2026-01-28 12:41:03,0
2026-01-28 12:41:04,0
2026-01-28 12:41:05,0
2026-01-28 12:41:06,0
2026-01-28 12:41:07,0
2026-01-28 12:41:08,0
2026-01-28 12:41:09,0
2026-01-28 12:41:10,0
2026-01-28 12:41:11,0
2026-01-28 12:41:12,0
2026-01-28 12:41:13,0
2026-01-28 12:41:14,0
2026-01-28 12:41:15,0
2026-01-28 12:41:16,0
2026-01-28 12:41:17,0
2026-01-28 12:41:18,0
2026-01-28 12:41:19,0
2026-01-28 12:41:20,0
2026-01-28 12:41:21,0
2026-01-28 12:41:22,0
2026-01-28 12:41:23,0
2026-01-28 12:41:24,0
2026-01-28 12:41:25,0
2026-01-28 12:41:26,0
2026-01-28 12:41:27,0
2026-01-28 12:41:28,0
2026-01-28 12:41:29,0
2026-01-28 12:41:30,0
2026-01-28 12:41:31,0
2026-01-28 12:41:32,0
2026-01-28 12:41:33,0
2026-01-28 12:41:34,0
2026-01-28 12:41:35,0
2026-01-28 12:41:36,0
2026-01-28 12:41:37,0
2026-01-28 12:41:38,0
2026-01-28 12:41:39,0
2026-01-28 12:41:40,0
2026-01-28 12:41:41,0
2026-01-28 12:41:42,0
2026-01-28 12:41:43,0
2026-01-28 12:41:44,0
2026-01-28 12:41:45,0
2026-01-28 12:41:46,0
2026-01-28 12:41:47,0
2026-01-28 12:41:48,0
2026-01-28 12:41:49,0
2026-01-28 12:41:50,0
2026-01-28 12:41:51,0
2026-01-28 12:41:52,0
2026-01-28 12:41:53,0
2026-01-28 12:41:54,0
2026-01-28 12:41:55,0
2026-01-28 12:41:56,0
2026-01-28 12:41:57,0
2026-01-28 12:41:58,0
2026-01-28 12:41:59,0
2026-01-28 12:42:00,0
2026-01-28 12:42:01,0
2026-01-28 12:42:02,0
2026-01-28 12:42:03,0
2026-01-28 12:42:04,0
2026-01-28 12:42:05,0
2026-01-28 12:42:06,0
2026-01-28 12:42:07,0
2026-01-28 12:42:08,0
2026-01-28 12:42:09,0
2026-01-28 12:42:10,0
2026-01-28 12:42:11,0
2026-01-28 12:42:12,0
2026-01-28 12:42:13,0
2026-01-28 12:42:14,0
2026-01-28 12:42:15,0
2026-01-28 12:42:16,0
2026-01-28 12:42:17,0
2026-01-28 12:42:18,0
2026-01-28 12:47:24,5.01
2026-01-28 12:47:25,5.01
2026-01-28 12:47:26,5.01
2026-01-28 12:47:27,5.01
2026-01-28 12:47:28,5.01
2026-01-28 12:47:29,6.02
2026-01-28 12:47:30,6.02
2026-01-28 12:47:31,6.02
2026-01-28 12:47:32,6.02
2026-01-28 12:47:33,6.02
2026-01-28 12:47:34,6.28
2026-01-28 12:47:35,6.28
2026-01-28 12:47:36,6.28
2026-01-28 12:47:37,6.28
2026-01-28 12:47:38,6.28
2026-01-28 12:47:39,6.60
2026-01-28 12:47:40,6.60
2026-01-28 12:47:41,6.60
2026-01-28 12:47:42,6.60
2026-01-28 12:47:43,6.60
2026-01-28 12:47:44,6.19
2026-01-28 12:47:45,6.19
2026-01-28 12:47:46,6.19
2026-01-28 12:47:47,6.19
2026-01-28 12:47:48,6.19
2026-01-28 12:47:49,5.91
2026-01-28 12:47:50,5.91
2026-01-28 12:47:51,5.91
2026-01-28 12:47:52,5.91
2026-01-28 12:47:53,5.91
2026-01-28 12:47:54,5.25
2026-01-28 12:47:55,5.25
2026-01-28 12:47:56,5.25
2026-01-28 12:47:57,5.25
2026-01-28 12:47:58,5.25
2026-01-28 12:47:59,12.0
2026-01-28 12:48:00,12.0
2026-01-28 12:48:01,12.0
2026-01-28 12:48:02,12.0
2026-01-28 12:48:03,12.0
2026-01-28 12:48:04,11.7
2026-01-28 12:48:05,11.7
2026-01-28 12:48:06,11.7
2026-01-28 12:48:07,11.7
2026-01-28 12:48:08,11.7
2026-01-28 12:48:09,5.16
2026-01-28 12:48:10,5.16
2026-01-28 12:48:11,5.16
2026-01-28 12:48:12,5.16
2026-01-28 12:48:13,5.16
2026-01-28 12:48:14,5.11
2026-01-28 12:48:15,5.11
2026-01-28 12:48:16,5.11
2026-01-28 12:48:17,5.11
2026-01-28 12:48:18,5.11
2026-01-28 12:48:19,5.50
2026-01-28 12:48:20,5.50
2026-01-28 12:48:21,5.50
2026-01-28 12:48:22,5.50
2026-01-28 12:48:23,5.50
2026-01-28 12:48:24,5.42
2026-01-28 12:48:25,5.42
2026-01-28 12:48:26,5.42
2026-01-28 12:48:27,5.42
2026-01-28 12:48:28,5.42
2026-01-28 12:48:29,5.14
2026-01-28 12:48:30,5.14
2026-01-28 12:48:31,5.14
2026-01-28 12:48:32,5.14
2026-01-28 12:48:33,5.14
2026-01-28 12:48:34,5.07
2026-01-28 12:48:35,5.07
2026-01-28 12:48:36,5.07
2026-01-28 12:48:37,5.07
2026-01-28 12:48:38,5.07
2026-01-28 12:48:39,5.19
2026-01-28 12:48:40,5.19
2026-01-28 12:48:41,5.19
2026-01-28 12:48:42,5.19
2026-01-28 12:48:43,5.19
2026-01-28 12:48:44,5.24
2026-01-28 12:48:45,5.24
2026-01-28 12:48:46,5.24
2026-01-28 12:48:47,5.24
2026-01-28 12:48:48,5.24
2026-01-28 12:48:49,0
2026-01-28 12:48:50,0
2026-01-28 12:48:51,0
2026-01-28 12:48:52,0
2026-01-28 12:48:53,0
2026-01-28 12:48:54,0
2026-01-28 12:48:55,0
2026-01-28 12:48:56,0
2026-01-28 12:48:57,0
2026-01-28 12:48:58,0
2026-01-28 12:48:59,0
2026-01-28 12:49:00,0
2026-01-28 12:49:01,0
2026-01-28 12:49:02,0
2026-01-28 12:49:03,0
2026-01-28 12:49:04,0
2026-01-28 12:49:05,0
2026-01-28 12:49:06,0
2026-01-28 12:49:07,0
2026-01-28 12:49:08,0
2026-01-28 12:49:09,0
2026-01-28 12:49:10,0
2026-01-28 12:49:11,0
2026-01-28 12:49:12,0
2026-01-28 12:49:13,0
2026-01-28 12:49:14,0
2026-01-28 12:49:15,0
2026-01-28 12:49:16,0
2026-01-28 12:49:17,0
2026-01-28 12:49:18,0
2026-01-28 12:49:19,0
2026-01-28 12:49:20,0
2026-01-28 12:49:21,0
2026-01-28 12:49:22,0
2026-01-28 12:49:23,0
2026-01-28 12:49:24,0
2026-01-28 12:49:25,0
2026-01-28 12:49:26,0
2026-01-28 12:49:27,0
2026-01-28 12:49:28,0
2026-01-28 12:49:29,0
2026-01-28 12:49:30,0
2026-01-28 12:49:31,0
2026-01-28 12:49:32,0
2026-01-28 12:49:33,0
2026-01-28 12:49:34,0
2026-01-28 12:49:35,0
2026-01-28 12:49:36,0
2026-01-28 12:49:37,0
2026-01-28 12:49:38,0
2026-01-28 12:49:39,0
2026-01-28 12:49:40,0
2026-01-28 12:49:41,0
2026-01-28 12:49:42,0
2026-01-28 12:49:43,0
2026-01-28 12:49:44,0
2026-01-28 12:49:45,0
2026-01-28 12:49:46,0
2026-01-28 12:49:47,0
2026-01-28 12:49:48,0
2026-01-28 12:49:49,0
2026-01-28 12:49:50,0
2026-01-28 12:49:51,0
2026-01-28 12:49:52,0
2026-01-28 12:49:53,0
2026-01-28 12:49:54,0
2026-01-28 12:49:55,0
2026-01-28 12:49:56,0
2026-01-28 12:49:57,0
2026-01-28 12:49:58,0
2026-01-28 12:49:59,0
2026-01-28 12:50:00,0
2026-01-28 12:50:01,0
2026-01-28 12:50:02,0
2026-01-28 12:50:03,0
2026-01-28 12:50:04,0
2026-01-28 12:50:05,0
2026-01-28 12:50:06,0
2026-01-28 12:50:07,0
2026-01-28 12:50:08,0
2026-01-28 12:50:09,0
2026-01-28 12:50:10,0
2026-01-28 12:50:11,0
2026-01-28 12:50:12,0
2026-01-28 12:50:13,0
2026-01-28 12:50:14,0
2026-01-28 12:50:15,0
2026-01-28 12:50:16,0
2026-01-28 12:50:17,0
2026-01-28 12:50:18,0
2026-01-28 12:50:19,0
2026-01-28 12:50:20,0
2026-01-28 12:50:21,0
2026-01-28 12:50:22,0
2026-01-28 12:50:23,0
2026-01-28 12:55:29,4.41
2026-01-28 12:55:30,4.41
2026-01-28 12:55:31,4.41
2026-01-28 12:55:32,4.41
2026-01-28 12:55:33,4.41
2026-01-28 12:55:34,7.06
2026-01-28 12:55:35,7.06
2026-01-28 12:55:36,7.06
2026-01-28 12:55:37,7.06
2026-01-28 12:55:38,7.06
2026-01-28 12:55:39,7.63
2026-01-28 12:55:40,7.63
2026-01-28 12:55:41,7.63
2026-01-28 12:55:42,7.63
2026-01-28 12:55:43,7.63
2026-01-28 12:55:44,7.54
2026-01-28 12:55:45,7.54
2026-01-28 12:55:46,7.54
2026-01-28 12:55:47,7.54
2026-01-28 12:55:48,7.54
2026-01-28 12:55:49,7.27
2026-01-28 12:55:50,7.27
2026-01-28 12:55:51,7.27
2026-01-28 12:55:52,7.27
2026-01-28 12:55:53,7.27
2026-01-28 12:55:54,7.26
2026-01-28 12:55:55,7.26
2026-01-28 12:55:56,7.26
2026-01-28 12:55:57,7.26
2026-01-28 12:55:58,7.26
2026-01-28 12:55:59,7.22
2026-01-28 12:56:00,7.22
2026-01-28 12:56:01,7.22
2026-01-28 12:56:02,7.22
2026-01-28 12:56:03,7.22
2026-01-28 12:56:04,7.21
2026-01-28 12:56:05,7.21
2026-01-28 12:56:06,7.21
2026-01-28 12:56:07,7.21
2026-01-28 12:56:08,7.21
2026-01-28 12:56:09,7.23
2026-01-28 12:56:10,7.23
2026-01-28 12:56:11,7.23
2026-01-28 12:56:12,7.23
2026-01-28 12:56:13,7.23
2026-01-28 12:56:14,6.82
2026-01-28 12:56:15,6.82
2026-01-28 12:56:16,6.82
2026-01-28 12:56:17,6.82
2026-01-28 12:56:18,6.82
2026-01-28 12:56:19,6.10
2026-01-28 12:56:20,6.10
2026-01-28 12:56:21,6.10
2026-01-28 12:56:22,6.10
2026-01-28 12:56:23,6.10
2026-01-28 12:56:24,6.16
2026-01-28 12:56:25,6.16
2026-01-28 12:56:26,6.16
2026-01-28 12:56:27,6.16
2026-01-28 12:56:28,6.16
2026-01-28 12:56:29,5.73
2026-01-28 12:56:30,5.73
2026-01-28 12:56:31,5.73
2026-01-28 12:56:32,5.73
2026-01-28 12:56:33,5.73
2026-01-28 12:56:34,6.86
2026-01-28 12:56:35,6.86
2026-01-28 12:56:36,6.86
2026-01-28 12:56:37,6.86
2026-01-28 12:56:38,6.86
2026-01-28 12:56:39,7.38
2026-01-28 12:56:40,7.38
2026-01-28 12:56:41,7.38
2026-01-28 12:56:42,7.38
2026-01-28 12:56:43,7.38
2026-01-28 12:56:44,7.30
2026-01-28 12:56:45,7.30
2026-01-28 12:56:46,7.30
2026-01-28 12:56:47,7.30
2026-01-28 12:56:48,7.30
2026-01-28 12:56:49,0
2026-01-28 12:56:50,0
2026-01-28 12:56:51,0
2026-01-28 12:56:52,0
2026-01-28 12:56:53,0
2026-01-28 12:56:54,0
2026-01-28 12:56:55,0
2026-01-28 12:56:56,0
2026-01-28 12:56:57,0
2026-01-28 12:56:58,0
2026-01-28 12:56:59,0
2026-01-28 12:57:00,0
2026-01-28 12:57:01,0
2026-01-28 12:57:02,0
2026-01-28 12:57:03,0
2026-01-28 12:57:04,0
2026-01-28 12:57:05,0
2026-01-28 12:57:06,0
2026-01-28 12:57:07,0
2026-01-28 12:57:08,0
2026-01-28 12:57:09,0
2026-01-28 12:57:10,0
2026-01-28 12:57:11,0
2026-01-28 12:57:12,0
2026-01-28 12:57:13,0
2026-01-28 12:57:14,0
2026-01-28 12:57:15,0
2026-01-28 12:57:16,0
2026-01-28 12:57:17,0
2026-01-28 12:57:18,0
2026-01-28 12:57:19,0
2026-01-28 12:57:20,0
2026-01-28 12:57:21,0
2026-01-28 12:57:22,0
2026-01-28 12:57:23,0
2026-01-28 12:57:24,0
2026-01-28 12:57:25,0
2026-01-28 12:57:26,0
2026-01-28 12:57:27,0
2026-01-28 12:57:28,0
2026-01-28 12:57:29,0
2026-01-28 12:57:30,0
2026-01-28 12:57:31,0
2026-01-28 12:57:32,0
2026-01-28 12:57:33,0
2026-01-28 12:57:34,0
2026-01-28 12:57:35,0
2026-01-28 12:57:36,0
2026-01-28 12:57:37,0
2026-01-28 12:57:38,0
2026-01-28 12:57:39,0
2026-01-28 12:57:40,0
2026-01-28 12:57:41,0
2026-01-28 12:57:42,0
2026-01-28 12:57:43,0
2026-01-28 12:57:44,0
2026-01-28 12:57:45,0
2026-01-28 12:57:46,0
2026-01-28 12:57:47,0
2026-01-28 12:57:48,0
2026-01-28 12:57:49,0
2026-01-28 12:57:50,0
2026-01-28 12:57:51,0
2026-01-28 12:57:52,0
2026-01-28 12:57:53,0
2026-01-28 12:57:54,0
2026-01-28 12:57:55,0
2026-01-28 12:57:56,0
2026-01-28 12:57:57,0
2026-01-28 12:57:58,0
2026-01-28 12:57:59,0
2026-01-28 12:58:00,0
2026-01-28 12:58:01,0
2026-01-28 12:58:02,0
2026-01-28 12:58:03,0
2026-01-28 12:58:04,0
2026-01-28 12:58:05,0
2026-01-28 12:58:06,0
2026-01-28 12:58:07,0
2026-01-28 12:58:08,0
2026-01-28 12:58:09,0
2026-01-28 12:58:10,0
2026-01-28 12:58:11,0
2026-01-28 12:58:12,0
2026-01-28 12:58:13,0
2026-01-28 12:58:14,0
2026-01-28 12:58:15,0
2026-01-28 12:58:16,0
2026-01-28 12:58:17,0
2026-01-28 12:58:18,0
2026-01-28 12:58:19,0
2026-01-28 12:58:20,0
2026-01-28 12:58:21,0
2026-01-28 12:58:22,0
2026-01-28 12:58:23,0
2026-01-28 13:03:24,2.66
2026-01-28 13:03:25,2.66
2026-01-28 13:03:26,2.66
2026-01-28 13:03:27,2.66
2026-01-28 13:03:28,2.66
2026-01-28 13:03:29,5.50
2026-01-28 13:03:30,5.50
2026-01-28 13:03:31,5.50
2026-01-28 13:03:32,5.50
2026-01-28 13:03:33,5.50
2026-01-28 13:03:34,6.39
2026-01-28 13:03:35,6.39
2026-01-28 13:03:36,6.39
2026-01-28 13:03:37,6.39
2026-01-28 13:03:38,6.39
2026-01-28 13:03:39,6.34
2026-01-28 13:03:40,6.34
2026-01-28 13:03:41,6.34
2026-01-28 13:03:42,6.34
2026-01-28 13:03:43,6.34
2026-01-28 13:03:44,5.83
2026-01-28 13:03:45,5.83
2026-01-28 13:03:46,5.83
2026-01-28 13:03:47,5.83
2026-01-28 13:03:48,5.83
2026-01-28 13:03:49,7.06
2026-01-28 13:03:50,7.06
2026-01-28 13:03:51,7.06
2026-01-28 13:03:52,7.06
2026-01-28 13:03:53,7.06
2026-01-28 13:03:54,7.96
2026-01-28 13:03:55,7.96
2026-01-28 13:03:56,7.96
2026-01-28 13:03:57,7.96
2026-01-28 13:03:58,7.96
2026-01-28 13:03:59,7.50
2026-01-28 13:04:00,7.50
2026-01-28 13:04:01,7.50
2026-01-28 13:04:02,7.50
2026-01-28 13:04:03,7.50
2026-01-28 13:04:04,7.29
2026-01-28 13:04:05,7.29
2026-01-28 13:04:06,7.29
2026-01-28 13:04:07,7.29
2026-01-28 13:04:08,7.29
2026-01-28 13:04:09,7.20
2026-01-28 13:04:10,7.20
2026-01-28 13:04:11,7.20
2026-01-28 13:04:12,7.20
2026-01-28 13:04:13,7.20
2026-01-28 13:04:14,7.23
2026-01-28 13:04:15,7.23
2026-01-28 13:04:16,7.23
2026-01-28 13:04:17,7.23
2026-01-28 13:04:18,7.23
2026-01-28 13:04:19,7.28
2026-01-28 13:04:20,7.28
2026-01-28 13:04:21,7.28
2026-01-28 13:04:22,7.28
2026-01-28 13:04:23,7.28
2026-01-28 13:04:24,7.24
2026-01-28 13:04:25,7.24
2026-01-28 13:04:26,7.24
2026-01-28 13:04:27,7.24
2026-01-28 13:04:28,7.24
2026-01-28 13:04:29,7.20
2026-01-28 13:04:30,7.20
2026-01-28 13:04:31,7.20
2026-01-28 13:04:32,7.20
2026-01-28 13:04:33,7.20
2026-01-28 13:04:34,7.24
2026-01-28 13:04:35,7.24
2026-01-28 13:04:36,7.24
2026-01-28 13:04:37,7.24
2026-01-28 13:04:38,7.24
2026-01-28 13:04:39,6.80
2026-01-28 13:04:40,6.80
2026-01-28 13:04:41,6.80
2026-01-28 13:04:42,6.80
2026-01-28 13:04:43,6.80
2026-01-28 13:04:44,8.50
2026-01-28 13:04:45,8.50
2026-01-28 13:04:46,8.50
2026-01-28 13:04:47,8.50
2026-01-28 13:04:48,8.50
2026-01-28 13:04:49,0
2026-01-28 13:04:50,0
2026-01-28 13:04:51,0
2026-01-28 13:04:52,0
2026-01-28 13:04:53,0
2026-01-28 13:04:54,0
2026-01-28 13:04:55,0
2026-01-28 13:04:56,0
2026-01-28 13:04:57,0
2026-01-28 13:04:58,0
2026-01-28 13:04:59,0
2026-01-28 13:05:00,0
2026-01-28 13:05:01,0
2026-01-28 13:05:02,0
2026-01-28 13:05:03,0
2026-01-28 13:05:04,0
2026-01-28 13:05:05,0
2026-01-28 13:05:06,0
2026-01-28 13:05:07,0
2026-01-28 13:05:08,0
2026-01-28 13:05:09,0
2026-01-28 13:05:10,0
2026-01-28 13:05:11,0
2026-01-28 13:05:12,0
2026-01-28 13:05:13,0
2026-01-28 13:05:14,0
2026-01-28 13:05:15,0
2026-01-28 13:05:16,0
2026-01-28 13:05:17,0
2026-01-28 13:05:18,0
2026-01-28 13:05:19,0
2026-01-28 13:05:20,0
2026-01-28 13:05:21,0
2026-01-28 13:05:22,0
2026-01-28 13:05:23,0
2026-01-28 13:05:24,0
2026-01-28 13:05:25,0
2026-01-28 13:05:26,0
2026-01-28 13:05:27,0
2026-01-28 13:05:28,0
2026-01-28 13:05:29,0
2026-01-28 13:05:30,0
2026-01-28 13:05:31,0
2026-01-28 13:05:32,0
2026-01-28 13:05:33,0
2026-01-28 13:05:34,0
2026-01-28 13:05:35,0
2026-01-28 13:05:36,0
2026-01-28 13:05:37,0
2026-01-28 13:05:38,0
2026-01-28 13:05:39,0
2026-01-28 13:05:40,0
2026-01-28 13:05:41,0
2026-01-28 13:05:42,0
2026-01-28 13:05:43,0
2026-01-28 13:05:44,0
2026-01-28 13:05:45,0
2026-01-28 13:05:46,0
2026-01-28 13:05:47,0
2026-01-28 13:05:48,0
2026-01-28 13:05:49,0
2026-01-28 13:05:50,0
2026-01-28 13:05:51,0
2026-01-28 13:05:52,0
2026-01-28 13:05:53,0
2026-01-28 13:05:54,0
2026-01-28 13:05:55,0
2026-01-28 13:05:56,0
2026-01-28 13:05:57,0
2026-01-28 13:05:58,0
2026-01-28 13:05:59,0
2026-01-28 13:06:00,0
2026-01-28 13:06:01,0
2026-01-28 13:06:02,0
2026-01-28 13:06:03,0
2026-01-28 13:06:04,0
2026-01-28 13:06:05,0
2026-01-28 13:06:06,0
2026-01-28 13:06:07,0
2026-01-28 13:06:08,0
2026-01-28 13:06:09,0
2026-01-28 13:06:10,0
2026-01-28 13:06:11,0
2026-01-28 13:06:12,0
2026-01-28 13:06:13,0
2026-01-28 13:06:14,0
2026-01-28 13:06:15,0
2026-01-28 13:06:16,0
2026-01-28 13:06:17,0
2026-01-28 13:06:18,0
2026-01-28 13:06:19,0
2026-01-28 13:06:20,0
2026-01-28 13:06:21,0
2026-01-28 13:06:22,0
2026-01-28 13:06:23,0
2026-01-28 13:11:24,1.36
2026-01-28 13:11:25,1.36
2026-01-28 13:11:26,1.36
2026-01-28 13:11:27,1.36
2026-01-28 13:11:28,1.36
2026-01-28 13:11:29,6.74
2026-01-28 13:11:30,6.74
2026-01-28 13:11:31,6.74
2026-01-28 13:11:32,6.74
2026-01-28 13:11:33,6.74
2026-01-28 13:11:34,7.80
2026-01-28 13:11:35,7.80
2026-01-28 13:11:36,7.80
2026-01-28 13:11:37,7.80
2026-01-28 13:11:38,7.80
2026-01-28 13:11:39,7.24
2026-01-28 13:11:40,7.24
2026-01-28 13:11:41,7.24
2026-01-28 13:11:42,7.24
2026-01-28 13:11:43,7.24
2026-01-28 13:11:44,7.26
2026-01-28 13:11:45,7.26
2026-01-28 13:11:46,7.26
2026-01-28 13:11:47,7.26
2026-01-28 13:11:48,7.26
2026-01-28 13:11:49,7.46
2026-01-28 13:11:50,7.46
2026-01-28 13:11:51,7.46
2026-01-28 13:11:52,7.46
2026-01-28 13:11:53,7.46
2026-01-28 13:11:54,7.27
2026-01-28 13:11:55,7.27
2026-01-28 13:11:56,7.27
2026-01-28 13:11:57,7.27
2026-01-28 13:11:58,7.27
2026-01-28 13:11:59,7.24
2026-01-28 13:12:00,7.24
2026-01-28 13:12:01,7.24
2026-01-28 13:12:02,7.24
2026-01-28 13:12:03,7.24
2026-01-28 13:12:04,7.28
2026-01-28 13:12:05,7.28
2026-01-28 13:12:06,7.28
2026-01-28 13:12:07,7.28
2026-01-28 13:12:08,7.28
2026-01-28 13:12:09,7.17
2026-01-28 13:12:10,7.17
2026-01-28 13:12:11,7.17
2026-01-28 13:12:12,7.17
2026-01-28 13:12:13,7.17
2026-01-28 13:12:14,7.24
2026-01-28 13:12:15,7.24
2026-01-28 13:12:16,7.24
2026-01-28 13:12:17,7.24
2026-01-28 13:12:18,7.24
2026-01-28 13:12:19,7.21
2026-01-28 13:12:20,7.21
2026-01-28 13:12:21,7.21
2026-01-28 13:12:22,7.21
2026-01-28 13:12:23,7.21
2026-01-28 13:12:24,7.29
2026-01-28 13:12:25,7.29
2026-01-28 13:12:26,7.29
2026-01-28 13:12:27,7.29
2026-01-28 13:12:28,7.29
2026-01-28 13:12:29,7.23
2026-01-28 13:12:30,7.23
2026-01-28 13:12:31,7.23
2026-01-28 13:12:32,7.23
2026-01-28 13:12:33,7.23
2026-01-28 13:12:34,7.25
2026-01-28 13:12:35,7.25
2026-01-28 13:12:36,7.25
2026-01-28 13:12:37,7.25
2026-01-28 13:12:38,7.25
2026-01-28 13:12:39,7.06
2026-01-28 13:12:40,7.06
2026-01-28 13:12:41,7.06
2026-01-28 13:12:42,7.06
2026-01-28 13:12:43,7.06
2026-01-28 13:12:44,7.38
2026-01-28 13:12:45,7.38
2026-01-28 13:12:46,7.38
2026-01-28 13:12:47,7.38
2026-01-28 13:12:48,7.38
2026-01-28 13:12:49,0
2026-01-28 13:12:50,0
2026-01-28 13:12:51,0
2026-01-28 13:12:52,0
2026-01-28 13:12:53,0
2026-01-28 13:12:54,0
2026-01-28 13:12:55,0
2026-01-28 13:12:56,0
2026-01-28 13:12:57,0
2026-01-28 13:12:58,0
2026-01-28 13:12:59,0
2026-01-28 13:13:00,0
2026-01-28 13:13:01,0
2026-01-28 13:13:02,0
2026-01-28 13:13:03,0
2026-01-28 13:13:04,0
2026-01-28 13:13:05,0
2026-01-28 13:13:06,0
2026-01-28 13:13:07,0
2026-01-28 13:13:08,0
2026-01-28 13:13:09,0
2026-01-28 13:13:10,0
2026-01-28 13:13:11,0
2026-01-28 13:13:12,0
2026-01-28 13:13:13,0
2026-01-28 13:13:14,0
2026-01-28 13:13:15,0
2026-01-28 13:13:16,0
2026-01-28 13:13:17,0
2026-01-28 13:13:18,0
2026-01-28 13:13:19,0
2026-01-28 13:13:20,0
2026-01-28 13:13:21,0
2026-01-28 13:13:22,0
2026-01-28 13:13:23,0
2026-01-28 13:13:24,0
2026-01-28 13:13:25,0
2026-01-28 13:13:26,0
2026-01-28 13:13:27,0
2026-01-28 13:13:28,0
2026-01-28 13:13:29,0
2026-01-28 13:13:30,0
2026-01-28 13:13:31,0
2026-01-28 13:13:32,0
2026-01-28 13:13:33,0
2026-01-28 13:13:34,0
2026-01-28 13:13:35,0
2026-01-28 13:13:36,0
2026-01-28 13:13:37,0
2026-01-28 13:13:38,0
2026-01-28 13:13:39,0
2026-01-28 13:13:40,0
2026-01-28 13:13:41,0
2026-01-28 13:13:42,0
2026-01-28 13:13:43,0
2026-01-28 13:13:44,0
2026-01-28 13:13:45,0
2026-01-28 13:13:46,0
2026-01-28 13:13:47,0
2026-01-28 13:13:48,0
2026-01-28 13:13:49,0
2026-01-28 13:13:50,0
2026-01-28 13:13:51,0
2026-01-28 13:13:52,0
2026-01-28 13:13:53,0
2026-01-28 13:13:54,0
2026-01-28 13:13:55,0
2026-01-28 13:13:56,0
2026-01-28 13:13:57,0
2026-01-28 13:13:58,0
2026-01-28 13:13:59,0
2026-01-28 13:14:00,0
2026-01-28 13:14:01,0
2026-01-28 13:14:02,0
2026-01-28 13:14:03,0
2026-01-28 13:14:04,0
2026-01-28 13:14:05,0
2026-01-28 13:14:06,0
2026-01-28 13:14:07,0
2026-01-28 13:14:08,0
2026-01-28 13:14:09,0
2026-01-28 13:14:10,0
2026-01-28 13:14:11,0
2026-01-28 13:14:12,0
2026-01-28 13:14:13,0
2026-01-28 13:14:14,0
2026-01-28 13:14:15,0
2026-01-28 13:14:16,0
2026-01-28 13:14:17,0
2026-01-28 13:14:18,0
2026-01-28 13:14:19,0
2026-01-28 13:14:20,0
2026-01-28 13:14:21,0
2026-01-28 13:14:22,0
2026-01-28 13:14:23,0